{"type":"FeatureCollection","features":[{"type":"Feature","properties":{"nome":"Bonfim","municipio":"Porto","municipio_short":"PRT","dicofre":"131202","area_km2":3.1,"area_ha":309.63,"populacao":22953,"populacao_fonte":"ine_2021","densidade":7404,"num_escolas":1,"num_parques":0,"area_verde_m2":183624,"comboios_ativos":4,"camara_nome":"Câmara Municipal do Porto","camara_email":"geral@cm-porto.pt","camara_url":"https://www.cm-porto.pt","escudo_url":null,"cor_principal":"#A88838","centroide":[-8.594872336909878,41.15261350600859],"_todo":["Add real num_escolas (Censo + DGEEC)","Add real area_verde_m2 (Câmara dataset)","Add real comboios_ativos (Bicis Sapiens registry)","Add escudo_url (Wikimedia Commons SVG)","Verify cor_principal against actual heraldic blazon"]},"geometry":{"type":"Polygon","coordinates":[[[-8.5864078,41.1410776],[-8.5876768,41.1420407],[-8.5875335,41.1422028],[-8.5870508,41.1427655],[-8.5871355,41.1429495],[-8.5871502,41.1430267],[-8.5871655,41.1431705],[-8.5871711,41.1433373],[-8.5871893,41.1434085],[-8.5872105,41.1434457],[-8.5872378,41.1434651],[-8.5872751,41.1435387],[-8.5872805,41.1436098],[-8.5872615,41.1436788],[-8.5872435,41.1437206],[-8.5873244,41.143965],[-8.587328,41.1440215],[-8.5873,41.1441354],[-8.5872871,41.1442212],[-8.5872864,41.1442659],[-8.5873242,41.1443631],[-8.5873673,41.1444834],[-8.5874379,41.144682],[-8.5874732,41.144826],[-8.587619,41.1451107],[-8.5874528,41.1452788],[-8.5873859,41.1454895],[-8.5873489,41.1455958],[-8.5875293,41.1456561],[-8.5876015,41.1457008],[-8.5876269,41.1457497],[-8.5876239,41.145815],[-8.587594,41.1459209],[-8.5875412,41.1460803],[-8.5879417,41.1465481],[-8.5881545,41.1465546],[-8.5883054,41.1465942],[-8.5889891,41.1469294],[-8.5890705,41.1471364],[-8.5890484,41.1472285],[-8.5880663,41.1493306],[-8.5898135,41.1497973],[-8.590279,41.149918],[-8.5902283,41.1500491],[-8.5903361,41.1501714],[-8.5904251,41.1502768],[-8.5904145,41.15033],[-8.5904226,41.1504274],[-8.5904693,41.1513299],[-8.5904814,41.1515946],[-8.5904833,41.1517283],[-8.5905456,41.1517961],[-8.5906874,41.1519253],[-8.5907811,41.1520053],[-8.5908321,41.1520752],[-8.5908659,41.1521505],[-8.5909422,41.152427],[-8.5910069,41.1525432],[-8.5911013,41.1526081],[-8.5911485,41.1526518],[-8.5912179,41.152672],[-8.5917695,41.1527709],[-8.5913512,41.1532152],[-8.59121,41.1533916],[-8.5911634,41.1535504],[-8.5911424,41.1537148],[-8.5911325,41.1539017],[-8.5911231,41.1541359],[-8.5911045,41.1546346],[-8.5911064,41.1548011],[-8.5911105,41.1550135],[-8.5911077,41.1556627],[-8.5911138,41.1559884],[-8.5911191,41.1562225],[-8.5911876,41.1565036],[-8.5910796,41.1565573],[-8.5911908,41.1570703],[-8.5923959,41.1573576],[-8.5930951,41.1575346],[-8.5933033,41.157619],[-8.593566,41.1577226],[-8.5937995,41.1578089],[-8.5933106,41.1586578],[-8.5929409,41.1592817],[-8.5926027,41.1598455],[-8.5922566,41.1604363],[-8.5921036,41.1607275],[-8.5920428,41.1609535],[-8.5919691,41.1610644],[-8.5919247,41.1611309],[-8.5917498,41.1614372],[-8.5915998,41.1616427],[-8.5909194,41.162429],[-8.5907452,41.1626165],[-8.5903852,41.163022],[-8.5899699,41.163524],[-8.5897526,41.163796],[-8.5896577,41.1639199],[-8.5895943,41.1639864],[-8.5893634,41.16429],[-8.5891374,41.164814],[-8.5889768,41.1652153],[-8.5887026,41.1659145],[-8.5886527,41.1660536],[-8.5883916,41.1666403],[-8.5882043,41.1670501],[-8.5884572,41.1670922],[-8.5888709,41.1671254],[-8.5893005,41.1671803],[-8.5894453,41.1671831],[-8.5901733,41.1671667],[-8.590432,41.1671524],[-8.5905696,41.1671719],[-8.5906953,41.1671646],[-8.5908794,41.1671242],[-8.5912688,41.1669668],[-8.5917802,41.1667526],[-8.5918676,41.1666695],[-8.591911,41.1666296],[-8.5922285,41.1662471],[-8.5924899,41.165964],[-8.5925373,41.1658713],[-8.5927704,41.1646934],[-8.5934027,41.1647804],[-8.5936409,41.1637102],[-8.5937758,41.1631618],[-8.595735,41.163401],[-8.5963655,41.1634769],[-8.5969791,41.1635577],[-8.5976591,41.1636389],[-8.5977596,41.1636494],[-8.5979413,41.1636728],[-8.5980456,41.1636794],[-8.5981795,41.1636905],[-8.5982905,41.1637131],[-8.5984178,41.1637607],[-8.5985079,41.1638045],[-8.5990187,41.1643227],[-8.5990787,41.1643852],[-8.5997737,41.1650861],[-8.5998703,41.1650413],[-8.6001574,41.1648831],[-8.600305,41.1647865],[-8.6006251,41.1645452],[-8.6016072,41.163795],[-8.6037487,41.1621675],[-8.6040684,41.1618955],[-8.604123,41.1618221],[-8.6040048,41.161806],[-8.6039486,41.1617429],[-8.6039145,41.1616798],[-8.6038973,41.1616123],[-8.6038857,41.1615536],[-8.6039026,41.1614987],[-8.6043916,41.160446],[-8.6044382,41.1603271],[-8.6044686,41.1601817],[-8.604504,41.1594545],[-8.604539,41.1587423],[-8.6046208,41.1566184],[-8.6046938,41.1548021],[-8.6044981,41.1547615],[-8.6036688,41.1546583],[-8.6031373,41.1545985],[-8.6030454,41.1545568],[-8.6035341,41.1532683],[-8.6037375,41.1527624],[-8.604294,41.1513663],[-8.6043053,41.1513043],[-8.6042761,41.1510416],[-8.6042635,41.1509353],[-8.6036892,41.1509464],[-8.6022412,41.1509883],[-8.6021562,41.1496268],[-8.6021046,41.1489745],[-8.602049,41.1483132],[-8.6020218,41.1477906],[-8.6019825,41.1472815],[-8.6019848,41.1471329],[-8.6019708,41.1470187],[-8.6019354,41.146413],[-8.6018624,41.145666],[-8.6017753,41.145663],[-8.6016864,41.1455655],[-8.6014489,41.1453664],[-8.6014585,41.1451902],[-8.6014665,41.1451116],[-8.6014307,41.1449193],[-8.6013618,41.1446571],[-8.6014642,41.1444268],[-8.6014458,41.1443239],[-8.6014035,41.1441363],[-8.6013519,41.1438673],[-8.6013385,41.1438153],[-8.6013167,41.1437746],[-8.601284,41.143737],[-8.6012268,41.1436874],[-8.6013503,41.1436439],[-8.6015268,41.1435795],[-8.6017309,41.1434546],[-8.6018187,41.1433533],[-8.6018871,41.143265],[-8.6019208,41.1432052],[-8.6019589,41.143034],[-8.601923,41.1428388],[-8.6019265,41.14276],[-8.6019025,41.1426833],[-8.6020802,41.1426457],[-8.6024136,41.1425009],[-8.6031534,41.1421416],[-8.6034147,41.1420601],[-8.6036795,41.14195],[-8.6038987,41.1418602],[-8.6040526,41.1418151],[-8.604079,41.1417622],[-8.6039354,41.140944],[-8.6015608,41.1412043],[-8.600871,41.1412024],[-8.6000895,41.141111],[-8.5992181,41.1409244],[-8.5982616,41.1404147],[-8.5973679,41.1400582],[-8.597029,41.1398319],[-8.5964645,41.1394367],[-8.5951267,41.1386908],[-8.5941835,41.1383507],[-8.5915286,41.1387272],[-8.5901438,41.1391959],[-8.5901072,41.1392081],[-8.5889949,41.1396367],[-8.5877518,41.1402678],[-8.5873847,41.1403992],[-8.5867128,41.1408703],[-8.5864078,41.1410776]]]}},{"type":"Feature","properties":{"nome":"Campanhã","municipio":"Porto","municipio_short":"PRT","dicofre":"131203","area_km2":8.04,"area_ha":804.26,"populacao":30940,"populacao_fonte":"ine_2021","densidade":3848,"num_escolas":4,"num_parques":2,"area_verde_m2":247520,"comboios_ativos":0,"camara_nome":"Câmara Municipal do Porto","camara_email":"geral@cm-porto.pt","camara_url":"https://www.cm-porto.pt","escudo_url":null,"cor_principal":"#5C7A52","centroide":[-8.57215274007936,41.15791217539681],"_todo":["Add real num_escolas (Censo + DGEEC)","Add real area_verde_m2 (Câmara dataset)","Add real comboios_ativos (Bicis Sapiens registry)","Add escudo_url (Wikimedia Commons SVG)","Verify cor_principal against actual heraldic blazon"]},"geometry":{"type":"Polygon","coordinates":[[[-8.5882043,41.1670501],[-8.5883916,41.1666403],[-8.5886527,41.1660536],[-8.5887026,41.1659145],[-8.5889768,41.1652153],[-8.5891374,41.164814],[-8.5893634,41.16429],[-8.5895943,41.1639864],[-8.5896577,41.1639199],[-8.5897526,41.163796],[-8.5899699,41.163524],[-8.5903852,41.163022],[-8.5907452,41.1626165],[-8.5909194,41.162429],[-8.5915998,41.1616427],[-8.5917498,41.1614372],[-8.5919247,41.1611309],[-8.5919691,41.1610644],[-8.5920428,41.1609535],[-8.5921036,41.1607275],[-8.5922566,41.1604363],[-8.5926027,41.1598455],[-8.5929409,41.1592817],[-8.5933106,41.1586578],[-8.5937995,41.1578089],[-8.593566,41.1577226],[-8.5933033,41.157619],[-8.5930951,41.1575346],[-8.5923959,41.1573576],[-8.5911908,41.1570703],[-8.5910796,41.1565573],[-8.5911876,41.1565036],[-8.5911191,41.1562225],[-8.5911138,41.1559884],[-8.5911077,41.1556627],[-8.5911105,41.1550135],[-8.5911064,41.1548011],[-8.5911045,41.1546346],[-8.5911231,41.1541359],[-8.5911325,41.1539017],[-8.5911424,41.1537148],[-8.5911634,41.1535504],[-8.59121,41.1533916],[-8.5913512,41.1532152],[-8.5917695,41.1527709],[-8.5912179,41.152672],[-8.5911485,41.1526518],[-8.5911013,41.1526081],[-8.5910069,41.1525432],[-8.5909422,41.152427],[-8.5908659,41.1521505],[-8.5908321,41.1520752],[-8.5907811,41.1520053],[-8.5906874,41.1519253],[-8.5905456,41.1517961],[-8.5904833,41.1517283],[-8.5904814,41.1515946],[-8.5904693,41.1513299],[-8.5904226,41.1504274],[-8.5904145,41.15033],[-8.5904251,41.1502768],[-8.5903361,41.1501714],[-8.5902283,41.1500491],[-8.590279,41.149918],[-8.5898135,41.1497973],[-8.5880663,41.1493306],[-8.5890484,41.1472285],[-8.5890705,41.1471364],[-8.5889891,41.1469294],[-8.5883054,41.1465942],[-8.5881545,41.1465546],[-8.5879417,41.1465481],[-8.5875412,41.1460803],[-8.587594,41.1459209],[-8.5876239,41.145815],[-8.5876269,41.1457497],[-8.5876015,41.1457008],[-8.5875293,41.1456561],[-8.5873489,41.1455958],[-8.5873859,41.1454895],[-8.5874528,41.1452788],[-8.587619,41.1451107],[-8.5874732,41.144826],[-8.5874379,41.144682],[-8.5873673,41.1444834],[-8.5873242,41.1443631],[-8.5872864,41.1442659],[-8.5872871,41.1442212],[-8.5873,41.1441354],[-8.587328,41.1440215],[-8.5873244,41.143965],[-8.5872435,41.1437206],[-8.5872615,41.1436788],[-8.5872805,41.1436098],[-8.5872751,41.1435387],[-8.5872378,41.1434651],[-8.5872105,41.1434457],[-8.5871893,41.1434085],[-8.5871711,41.1433373],[-8.5871655,41.1431705],[-8.5871502,41.1430267],[-8.5871355,41.1429495],[-8.5870508,41.1427655],[-8.5875335,41.1422028],[-8.5876768,41.1420407],[-8.5864078,41.1410776],[-8.5857883,41.1414986],[-8.5849783,41.1421532],[-8.5839702,41.1422838],[-8.5830602,41.142365],[-8.5820928,41.1424239],[-8.5801802,41.142358],[-8.5791378,41.1422005],[-8.577905,41.1418913],[-8.5769489,41.1413123],[-8.5757632,41.1399579],[-8.5757526,41.1399711],[-8.5743067,41.1417541],[-8.5738957,41.1423398],[-8.5737666,41.1422553],[-8.5736382,41.1421292],[-8.5734511,41.1419381],[-8.5733081,41.1417866],[-8.5732494,41.1417351],[-8.5730113,41.1420663],[-8.5729006,41.1422071],[-8.5728296,41.1422731],[-8.5727479,41.1422347],[-8.5726146,41.142325],[-8.572354,41.1425002],[-8.5721146,41.142673],[-8.5723295,41.1428855],[-8.5727053,41.1432681],[-8.5729628,41.1435206],[-8.5732679,41.1438003],[-8.5735189,41.144065],[-8.5733093,41.1440829],[-8.5728764,41.1441164],[-8.5724892,41.1441342],[-8.5721247,41.1441817],[-8.5718151,41.1442493],[-8.5715521,41.1443279],[-8.5714423,41.1443886],[-8.5711213,41.1445851],[-8.5709912,41.1446754],[-8.5708581,41.1447537],[-8.5707125,41.1448063],[-8.5705788,41.1448125],[-8.5703688,41.1447832],[-8.5702138,41.1447838],[-8.5700775,41.144836],[-8.5700263,41.1449064],[-8.5700023,41.1449765],[-8.5699878,41.1450466],[-8.5700625,41.1453198],[-8.5700325,41.1453981],[-8.5697404,41.1457966],[-8.5696502,41.1459601],[-8.5695873,41.1461027],[-8.5693773,41.1464941],[-8.5691646,41.1469477],[-8.5690629,41.1472215],[-8.5690211,41.1473133],[-8.5689576,41.1473643],[-8.5688848,41.1474014],[-8.56886,41.147404],[-8.5687693,41.1474131],[-8.5686779,41.1473836],[-8.5686017,41.147338],[-8.5684819,41.1471685],[-8.5683872,41.1470056],[-8.5682454,41.1467305],[-8.5681186,41.1468025],[-8.5680267,41.1468253],[-8.5679497,41.1468202],[-8.5677947,41.1468059],[-8.5677324,41.1468016],[-8.5675838,41.1468067],[-8.5675035,41.1468093],[-8.5673104,41.1467875],[-8.5671971,41.1467474],[-8.5670003,41.1466427],[-8.5668185,41.1465559],[-8.5667083,41.1465135],[-8.5666781,41.1464531],[-8.5666444,41.1462802],[-8.5666083,41.1462311],[-8.5665161,41.1462179],[-8.5664836,41.1462397],[-8.5662883,41.1463513],[-8.5661779,41.1463892],[-8.5658458,41.146409],[-8.5656351,41.14643],[-8.5654204,41.1464716],[-8.5652093,41.1467417],[-8.5655584,41.1469469],[-8.5656869,41.1470789],[-8.5647494,41.1468174],[-8.5643743,41.1467043],[-8.5641499,41.1466306],[-8.563993,41.1465667],[-8.563823,41.1464728],[-8.5636888,41.1463678],[-8.563419,41.1466848],[-8.5633792,41.146732],[-8.5633334,41.1468537],[-8.5632537,41.1469524],[-8.5632045,41.1470297],[-8.5631862,41.147072],[-8.5631652,41.1471517],[-8.5631534,41.1472547],[-8.5631197,41.1473111],[-8.5630305,41.1474004],[-8.562972,41.1474547],[-8.5628863,41.1476001],[-8.56284,41.1476541],[-8.562732,41.1477409],[-8.5626674,41.147781],[-8.5624709,41.148037],[-8.5624373,41.1481075],[-8.5624222,41.1481661],[-8.5624269,41.1484261],[-8.5624276,41.1485454],[-8.5624499,41.1486085],[-8.5624782,41.1486643],[-8.5623708,41.148831],[-8.5623807,41.14892],[-8.5624158,41.1490791],[-8.562432,41.1492057],[-8.5624326,41.1493062],[-8.5624089,41.1494584],[-8.5623632,41.1495571],[-8.5623,41.1496304],[-8.5621595,41.149696],[-8.5615409,41.1498246],[-8.5612205,41.149758],[-8.5608879,41.1496389],[-8.5608165,41.1495874],[-8.5607189,41.1495787],[-8.5606671,41.1495822],[-8.5605819,41.149611],[-8.5604987,41.1496518],[-8.5602707,41.1498105],[-8.5600928,41.1499587],[-8.5600454,41.1499949],[-8.5599083,41.1500725],[-8.5598373,41.1501205],[-8.5597561,41.1501974],[-8.5596809,41.1502669],[-8.5595977,41.1503108],[-8.5595115,41.1503379],[-8.5595004,41.1503412],[-8.5594129,41.1503582],[-8.5592659,41.1503703],[-8.5591902,41.1503681],[-8.559041,41.1503717],[-8.5589693,41.1503824],[-8.5587091,41.1504891],[-8.5586621,41.1505309],[-8.5585434,41.1506455],[-8.5584225,41.1507318],[-8.558312,41.1508434],[-8.5581618,41.1510333],[-8.5581283,41.1510756],[-8.5578882,41.1514781],[-8.5577576,41.1515838],[-8.5576905,41.1516456],[-8.5574607,41.1518136],[-8.5573838,41.1519219],[-8.5573384,41.1519809],[-8.5571426,41.1521575],[-8.5570555,41.1522558],[-8.5569407,41.1523268],[-8.5568634,41.1523933],[-8.5568181,41.152437],[-8.556711,41.1525421],[-8.5565879,41.1526081],[-8.556421,41.1526603],[-8.5563038,41.1526936],[-8.5561189,41.1528014],[-8.5560449,41.1528309],[-8.5559399,41.1528724],[-8.5559297,41.1528747],[-8.5553135,41.1530061],[-8.5552894,41.1530113],[-8.5549451,41.1529458],[-8.5547903,41.1531611],[-8.5547375,41.1532077],[-8.5546915,41.1535275],[-8.5546798,41.1544365],[-8.5546662,41.154477],[-8.5544409,41.1546655],[-8.5543214,41.1549386],[-8.5543441,41.1552522],[-8.5544205,41.1555538],[-8.554505,41.1558639],[-8.5546343,41.1561473],[-8.5546733,41.1564108],[-8.5546733,41.1566947],[-8.5546492,41.1569456],[-8.5547453,41.1571284],[-8.5548517,41.1573184],[-8.5546848,41.157482],[-8.5544806,41.1576518],[-8.5544575,41.157873],[-8.5544042,41.1581107],[-8.553948,41.1581417],[-8.5531579,41.1581724],[-8.5526135,41.1582071],[-8.5532508,41.1588626],[-8.5533793,41.1600579],[-8.5541369,41.1598278],[-8.5545048,41.1597106],[-8.5547356,41.1596231],[-8.5549438,41.1594906],[-8.5553555,41.1592184],[-8.5559903,41.1589203],[-8.5569233,41.1584729],[-8.5570767,41.1583946],[-8.557666,41.1580945],[-8.5577131,41.1580704],[-8.5579858,41.1578173],[-8.5581746,41.1575783],[-8.5585479,41.1570321],[-8.5585483,41.1567722],[-8.5585115,41.156489],[-8.5586906,41.1561974],[-8.5587344,41.1561437],[-8.5590589,41.1563758],[-8.561273,41.1578465],[-8.5617159,41.1581839],[-8.5623539,41.1586701],[-8.5627935,41.1589843],[-8.5629466,41.1591218],[-8.5640872,41.1601547],[-8.5641131,41.1601721],[-8.5647665,41.1606052],[-8.5654655,41.161019],[-8.566013,41.1613791],[-8.5659832,41.1614363],[-8.5657365,41.1618958],[-8.5656523,41.1620804],[-8.5656427,41.1622811],[-8.5656604,41.1624667],[-8.5656802,41.1627002],[-8.5656656,41.1631527],[-8.5656888,41.1634895],[-8.5657191,41.1638683],[-8.5657491,41.1641945],[-8.5657636,41.1642629],[-8.5659793,41.1652992],[-8.5659869,41.1653834],[-8.5660088,41.1655361],[-8.5660445,41.1656471],[-8.5662421,41.1659362],[-8.5665936,41.1664221],[-8.5668671,41.1668642],[-8.5669166,41.166897],[-8.5670152,41.1669419],[-8.5678571,41.1672643],[-8.5681812,41.1673899],[-8.5684113,41.1674794],[-8.5685497,41.1675078],[-8.5687627,41.1675258],[-8.5696275,41.1675145],[-8.5700836,41.1675208],[-8.5702277,41.1675665],[-8.5703496,41.1676118],[-8.5704965,41.1676906],[-8.5706133,41.1677946],[-8.5706997,41.1679071],[-8.5707336,41.1680175],[-8.570751,41.1681388],[-8.5707272,41.1682934],[-8.5705151,41.1696453],[-8.5704848,41.1697504],[-8.5704827,41.1697583],[-8.5704446,41.1698461],[-8.5703953,41.1699088],[-8.5702994,41.1700178],[-8.5701864,41.1700913],[-8.5695576,41.1703442],[-8.569525,41.1703572],[-8.5694687,41.1703799],[-8.5683638,41.1708243],[-8.5676089,41.1711276],[-8.5674328,41.171213],[-8.5673387,41.1712891],[-8.5672625,41.1713554],[-8.567183,41.1714478],[-8.5671097,41.1715699],[-8.5670767,41.1717301],[-8.5670776,41.1718589],[-8.5671166,41.1720189],[-8.5672011,41.1722188],[-8.567455,41.1727818],[-8.5675088,41.1728989],[-8.5678164,41.1736018],[-8.5678668,41.1737792],[-8.5678639,41.1739193],[-8.5678343,41.1740139],[-8.5677593,41.1741343],[-8.5674997,41.1743759],[-8.566758,41.1750539],[-8.5662873,41.1754823],[-8.5660765,41.1756891],[-8.566043,41.1757551],[-8.5660396,41.1758122],[-8.5660552,41.1758923],[-8.5661088,41.1759695],[-8.5661926,41.176055],[-8.5663019,41.1761404],[-8.5670108,41.1766524],[-8.5672642,41.1768453],[-8.567544,41.1770521],[-8.5678327,41.1772845],[-8.568206,41.1775502],[-8.5683812,41.1776821],[-8.5686374,41.1778608],[-8.5688382,41.1779923],[-8.5690029,41.1781107],[-8.5691881,41.1782338],[-8.5693653,41.1782962],[-8.5695432,41.1783596],[-8.569741,41.1784374],[-8.5700292,41.1785095],[-8.570341,41.1786262],[-8.5706181,41.1787006],[-8.5708352,41.1787838],[-8.5710749,41.1788404],[-8.571575,41.1790036],[-8.5717125,41.1791151],[-8.5718607,41.1791531],[-8.571811,41.1790992],[-8.5718294,41.1789697],[-8.5718727,41.1787751],[-8.5719295,41.1786513],[-8.5720471,41.1783693],[-8.5721172,41.1783034],[-8.5722845,41.1781891],[-8.5726526,41.1779823],[-8.5728884,41.1779465],[-8.5731445,41.1779255],[-8.5732328,41.1779075],[-8.5733434,41.1778702],[-8.5735664,41.1776761],[-8.5737052,41.1776176],[-8.5738978,41.1775552],[-8.5741095,41.1775229],[-8.5742269,41.1775158],[-8.5743312,41.1775319],[-8.5745319,41.1775837],[-8.5747328,41.1776485],[-8.5749907,41.1777348],[-8.5752519,41.1778238],[-8.5755787,41.1779053],[-8.5757787,41.1779355],[-8.5759577,41.1779367],[-8.5762568,41.177879],[-8.5764073,41.1778626],[-8.5765008,41.1778623],[-8.5767395,41.1778378],[-8.5768592,41.1778609],[-8.5771973,41.1779033],[-8.5775779,41.1779518],[-8.5779352,41.177998],[-8.5781428,41.1779814],[-8.5785482,41.1780153],[-8.5786598,41.177834],[-8.5788417,41.1776453],[-8.5790155,41.1775023],[-8.5792354,41.1773376],[-8.579455,41.1771497],[-8.5795344,41.1770928],[-8.5798112,41.1768677],[-8.580075,41.1766731],[-8.580317,41.1764918],[-8.5805674,41.1763006],[-8.5807612,41.1761764],[-8.5811092,41.1760113],[-8.5815101,41.1758195],[-8.5819915,41.1755784],[-8.5821788,41.1753861],[-8.5824379,41.1751412],[-8.582697,41.1748829],[-8.5829914,41.1746581],[-8.5833393,41.1744026],[-8.5837347,41.1741073],[-8.5841571,41.1742362],[-8.5845634,41.1743542],[-8.5847084,41.1740706],[-8.5848532,41.1737899],[-8.5850666,41.1733539],[-8.5852532,41.1729767],[-8.585383,41.1727399],[-8.5856991,41.172108],[-8.5859107,41.1716411],[-8.5861192,41.1712598],[-8.5861888,41.1711059],[-8.5864852,41.1705603],[-8.5870864,41.1693787],[-8.5872609,41.1690259],[-8.5878625,41.1678176],[-8.5880704,41.1673773],[-8.5882043,41.1670501]]]}},{"type":"Feature","properties":{"nome":"Paranhos","municipio":"Porto","municipio_short":"PRT","dicofre":"131210","area_km2":7.17,"area_ha":716.81,"populacao":43930,"populacao_fonte":"ine_2021","densidade":6127,"num_escolas":4,"num_parques":1,"area_verde_m2":219650,"comboios_ativos":4,"camara_nome":"Câmara Municipal do Porto","camara_email":"geral@cm-porto.pt","camara_url":"https://www.cm-porto.pt","escudo_url":null,"cor_principal":"#8B2A2A","centroide":[-8.59718446022727,41.17556743920454],"_todo":["Add real num_escolas (Censo + DGEEC)","Add real area_verde_m2 (Câmara dataset)","Add real comboios_ativos (Bicis Sapiens registry)","Add escudo_url (Wikimedia Commons SVG)","Verify cor_principal against actual heraldic blazon"]},"geometry":{"type":"Polygon","coordinates":[[[-8.5718607,41.1791531],[-8.5719969,41.179188],[-8.5722105,41.1792676],[-8.5724079,41.179333],[-8.5726709,41.1794161],[-8.5729165,41.179499],[-8.5732036,41.1796082],[-8.5733353,41.1796617],[-8.5734733,41.1797181],[-8.5735336,41.1797547],[-8.5740123,41.179979],[-8.5742733,41.180094],[-8.5744988,41.1802085],[-8.5747085,41.1803217],[-8.5748683,41.1804007],[-8.5749538,41.1804431],[-8.5752117,41.1805664],[-8.5753969,41.1806378],[-8.5754656,41.1806516],[-8.5757456,41.180781],[-8.5759609,41.180888],[-8.576182,41.1809535],[-8.576384,41.18096],[-8.5764253,41.1809551],[-8.5765636,41.180939],[-8.5767664,41.1809217],[-8.5769905,41.1809098],[-8.5772276,41.1809019],[-8.5775573,41.1808677],[-8.5778893,41.1808246],[-8.5782488,41.1807838],[-8.5785536,41.1807558],[-8.5788953,41.1807272],[-8.5792403,41.1806913],[-8.5795355,41.1806564],[-8.5798918,41.18063],[-8.5802529,41.1806046],[-8.5805997,41.180538],[-8.5808511,41.1805173],[-8.581004,41.180517],[-8.5812821,41.1804658],[-8.5816429,41.1804287],[-8.5819383,41.1804892],[-8.5820414,41.1805101],[-8.5822929,41.1806214],[-8.5824815,41.180704],[-8.5826769,41.1808152],[-8.5829236,41.1809203],[-8.5831186,41.1810211],[-8.583223,41.181089],[-8.5832927,41.1811189],[-8.5833445,41.1811457],[-8.5836632,41.181279],[-8.5836836,41.1812882],[-8.5837228,41.1813055],[-8.5839085,41.1813594],[-8.5841103,41.1813613],[-8.5841105,41.1813613],[-8.584265,41.1813132],[-8.5844114,41.1812279],[-8.5844186,41.1812223],[-8.5845368,41.1811346],[-8.5847221,41.1810201],[-8.5848958,41.1809089],[-8.5851048,41.1807761],[-8.5853126,41.1806303],[-8.5855401,41.1804871],[-8.585959,41.1802592],[-8.586164,41.1801205],[-8.5863557,41.1799884],[-8.5864161,41.1799659],[-8.586623,41.1798517],[-8.5871512,41.1796954],[-8.587185,41.1796852],[-8.5875355,41.1796498],[-8.5878073,41.1796321],[-8.5880767,41.1796437],[-8.5881518,41.1796465],[-8.5885088,41.179662],[-8.5888556,41.1796994],[-8.5891178,41.1797358],[-8.5895212,41.1797638],[-8.5896113,41.179783],[-8.58962,41.1797847],[-8.5898422,41.179805],[-8.5902759,41.1798753],[-8.5911795,41.1800926],[-8.5930158,41.1808558],[-8.5931071,41.1808929],[-8.5944092,41.1814194],[-8.5954958,41.1817752],[-8.595934,41.181906],[-8.5960591,41.1819393],[-8.5961077,41.1820257],[-8.5962294,41.182241],[-8.5963601,41.1824983],[-8.5964118,41.182659],[-8.5965967,41.1830387],[-8.5968299,41.1835081],[-8.5968829,41.1837524],[-8.5982001,41.1837548],[-8.5989816,41.1836828],[-8.5996435,41.1840174],[-8.600785,41.1846163],[-8.6018106,41.1853136],[-8.6020817,41.1850809],[-8.6022855,41.1852995],[-8.6023655,41.1852603],[-8.6035262,41.1858565],[-8.6041556,41.1859353],[-8.6047502,41.18592],[-8.6054487,41.1858609],[-8.6057887,41.1857303],[-8.6071455,41.1855941],[-8.6087241,41.1854171],[-8.6087104,41.1850847],[-8.6093315,41.1847383],[-8.6097264,41.1853288],[-8.6098491,41.185304],[-8.6105633,41.1851951],[-8.6106789,41.1854339],[-8.6111606,41.185378],[-8.6111646,41.1853991],[-8.6115562,41.1853534],[-8.6115364,41.185126],[-8.6120275,41.1848653],[-8.6120491,41.1849195],[-8.6128722,41.1848709],[-8.6131433,41.1849086],[-8.6131835,41.1847153],[-8.6135779,41.1847493],[-8.6137501,41.1848105],[-8.6139865,41.1847726],[-8.6141758,41.1847237],[-8.6143426,41.1845757],[-8.6146844,41.1843909],[-8.6147952,41.1844487],[-8.615223,41.1842574],[-8.6153083,41.1843371],[-8.6160542,41.1842553],[-8.6170426,41.1838497],[-8.6165174,41.1835075],[-8.6180028,41.1830325],[-8.6187737,41.1825684],[-8.6183786,41.1822628],[-8.6213653,41.1805302],[-8.621818,41.1803528],[-8.6226817,41.1802514],[-8.6227805,41.1801142],[-8.6228581,41.1800006],[-8.6228788,41.1799777],[-8.6230516,41.179751],[-8.6232519,41.1794842],[-8.6234182,41.1792668],[-8.6234279,41.1792545],[-8.6234997,41.1791537],[-8.6235318,41.179137],[-8.6241704,41.1782752],[-8.6241848,41.1782549],[-8.6245803,41.1777032],[-8.6247181,41.1775343],[-8.6253568,41.176704],[-8.6254662,41.176589],[-8.6256064,41.1764857],[-8.6259331,41.1763813],[-8.6261822,41.1763116],[-8.6263124,41.1762749],[-8.6278255,41.175878],[-8.6278414,41.1758743],[-8.6276925,41.1752826],[-8.6276044,41.1749698],[-8.6275273,41.1747833],[-8.6273692,41.1744646],[-8.6271496,41.1740916],[-8.6269186,41.1736853],[-8.62671,41.173304],[-8.6264739,41.1729176],[-8.6264011,41.1727187],[-8.6262884,41.1722098],[-8.6262097,41.1718244],[-8.6261608,41.1715958],[-8.626095,41.1713097],[-8.6260406,41.1710723],[-8.6258586,41.1702326],[-8.6257639,41.1698157],[-8.6256252,41.1691342],[-8.6254534,41.1684435],[-8.6253043,41.1677023],[-8.6251779,41.1671044],[-8.6251732,41.1670774],[-8.6251871,41.1670348],[-8.625093,41.1670676],[-8.6247749,41.1671446],[-8.6247249,41.167157],[-8.6243306,41.1672571],[-8.6239781,41.1673414],[-8.6234871,41.1674614],[-8.6231556,41.1675162],[-8.6230295,41.1675202],[-8.6227936,41.1674545],[-8.6226338,41.1674543],[-8.6220962,41.1674892],[-8.6218102,41.1674904],[-8.6214233,41.1674538],[-8.6212779,41.167121],[-8.6210847,41.1666883],[-8.6209275,41.1663443],[-8.6208213,41.1661953],[-8.6205413,41.16586],[-8.6204193,41.1658233],[-8.6202889,41.1658193],[-8.61982,41.1657921],[-8.6193284,41.1657722],[-8.6199048,41.1648613],[-8.6182769,41.165158],[-8.6182077,41.1651654],[-8.6172112,41.1650649],[-8.6160402,41.164951],[-8.6148849,41.1648442],[-8.6137667,41.1647296],[-8.6137422,41.1648099],[-8.6124594,41.1647326],[-8.6124548,41.1647815],[-8.612377,41.164774],[-8.6115626,41.1650707],[-8.6114452,41.1649425],[-8.6112778,41.1647755],[-8.611157,41.1646505],[-8.6109892,41.1645454],[-8.6095305,41.1644855],[-8.6095649,41.1637828],[-8.6093718,41.1635444],[-8.6092186,41.1634162],[-8.6089356,41.1631813],[-8.6092331,41.1624597],[-8.6068975,41.1621472],[-8.6068545,41.1621629],[-8.6052488,41.1619613],[-8.604123,41.1618221],[-8.6040684,41.1618955],[-8.6037487,41.1621675],[-8.6016072,41.163795],[-8.6006251,41.1645452],[-8.600305,41.1647865],[-8.6001574,41.1648831],[-8.5998703,41.1650413],[-8.5997737,41.1650861],[-8.5990787,41.1643852],[-8.5990187,41.1643227],[-8.5985079,41.1638045],[-8.5984178,41.1637607],[-8.5982905,41.1637131],[-8.5981795,41.1636905],[-8.5980456,41.1636794],[-8.5979413,41.1636728],[-8.5977596,41.1636494],[-8.5976591,41.1636389],[-8.5969791,41.1635577],[-8.5963655,41.1634769],[-8.595735,41.163401],[-8.5937758,41.1631618],[-8.5936409,41.1637102],[-8.5934027,41.1647804],[-8.5927704,41.1646934],[-8.5925373,41.1658713],[-8.5924899,41.165964],[-8.5922285,41.1662471],[-8.591911,41.1666296],[-8.5918676,41.1666695],[-8.5917802,41.1667526],[-8.5912688,41.1669668],[-8.5908794,41.1671242],[-8.5906953,41.1671646],[-8.5905696,41.1671719],[-8.590432,41.1671524],[-8.5901733,41.1671667],[-8.5894453,41.1671831],[-8.5893005,41.1671803],[-8.5888709,41.1671254],[-8.5884572,41.1670922],[-8.5882043,41.1670501],[-8.5880704,41.1673773],[-8.5878625,41.1678176],[-8.5872609,41.1690259],[-8.5870864,41.1693787],[-8.5864852,41.1705603],[-8.5861888,41.1711059],[-8.5861192,41.1712598],[-8.5859107,41.1716411],[-8.5856991,41.172108],[-8.585383,41.1727399],[-8.5852532,41.1729767],[-8.5850666,41.1733539],[-8.5848532,41.1737899],[-8.5847084,41.1740706],[-8.5845634,41.1743542],[-8.5841571,41.1742362],[-8.5837347,41.1741073],[-8.5833393,41.1744026],[-8.5829914,41.1746581],[-8.582697,41.1748829],[-8.5824379,41.1751412],[-8.5821788,41.1753861],[-8.5819915,41.1755784],[-8.5815101,41.1758195],[-8.5811092,41.1760113],[-8.5807612,41.1761764],[-8.5805674,41.1763006],[-8.580317,41.1764918],[-8.580075,41.1766731],[-8.5798112,41.1768677],[-8.5795344,41.1770928],[-8.579455,41.1771497],[-8.5792354,41.1773376],[-8.5790155,41.1775023],[-8.5788417,41.1776453],[-8.5786598,41.177834],[-8.5785482,41.1780153],[-8.5781428,41.1779814],[-8.5779352,41.177998],[-8.5775779,41.1779518],[-8.5771973,41.1779033],[-8.5768592,41.1778609],[-8.5767395,41.1778378],[-8.5765008,41.1778623],[-8.5764073,41.1778626],[-8.5762568,41.177879],[-8.5759577,41.1779367],[-8.5757787,41.1779355],[-8.5755787,41.1779053],[-8.5752519,41.1778238],[-8.5749907,41.1777348],[-8.5747328,41.1776485],[-8.5745319,41.1775837],[-8.5743312,41.1775319],[-8.5742269,41.1775158],[-8.5741095,41.1775229],[-8.5738978,41.1775552],[-8.5737052,41.1776176],[-8.5735664,41.1776761],[-8.5733434,41.1778702],[-8.5732328,41.1779075],[-8.5731445,41.1779255],[-8.5728884,41.1779465],[-8.5726526,41.1779823],[-8.5722845,41.1781891],[-8.5721172,41.1783034],[-8.5720471,41.1783693],[-8.5719295,41.1786513],[-8.5718727,41.1787751],[-8.5718294,41.1789697],[-8.571811,41.1790992],[-8.5718607,41.1791531]]]}},{"type":"Feature","properties":{"nome":"Ramalde","municipio":"Porto","municipio_short":"PRT","dicofre":"131211","area_km2":5.83,"area_ha":582.5,"populacao":38144,"populacao_fonte":"ine_2021","densidade":6543,"num_escolas":3,"num_parques":1,"area_verde_m2":152576,"comboios_ativos":3,"camara_nome":"Câmara Municipal do Porto","camara_email":"geral@cm-porto.pt","camara_url":"https://www.cm-porto.pt","escudo_url":null,"cor_principal":"#5C7A52","centroide":[-8.644494847257382,41.169164135021084],"_todo":["Add real num_escolas (Censo + DGEEC)","Add real area_verde_m2 (Câmara dataset)","Add real comboios_ativos (Bicis Sapiens registry)","Add escudo_url (Wikimedia Commons SVG)","Verify cor_principal against actual heraldic blazon"]},"geometry":{"type":"Polygon","coordinates":[[[-8.6577835,41.1774353],[-8.6575529,41.1771962],[-8.6571056,41.1765435],[-8.6568747,41.1761923],[-8.6571806,41.1761909],[-8.6576588,41.1761997],[-8.6581434,41.1761907],[-8.6586869,41.1762028],[-8.6593925,41.1762218],[-8.6596874,41.1760359],[-8.6600168,41.1758631],[-8.6605338,41.1756069],[-8.6608201,41.1754556],[-8.6608984,41.1754144],[-8.6609096,41.1754088],[-8.6612128,41.1752383],[-8.6615651,41.1750599],[-8.6617206,41.1749441],[-8.662019,41.1746721],[-8.6622317,41.1743732],[-8.6624463,41.1741335],[-8.6620351,41.1739379],[-8.6618944,41.1739996],[-8.6616764,41.1740217],[-8.661553,41.1740254],[-8.6609749,41.1740224],[-8.6607726,41.1740127],[-8.6606714,41.1740131],[-8.6605554,41.1739607],[-8.660525,41.1739223],[-8.6604932,41.1738867],[-8.6604556,41.1738211],[-8.6602634,41.1736159],[-8.6601509,41.1735473],[-8.6598331,41.1732798],[-8.6595203,41.1730044],[-8.6592026,41.1727154],[-8.658995,41.1725243],[-8.6588819,41.1724296],[-8.6588284,41.1723845],[-8.6585951,41.1721684],[-8.6585827,41.1721583],[-8.6584418,41.1720448],[-8.6581906,41.1718779],[-8.6580206,41.1717501],[-8.657947,41.171695],[-8.6576274,41.1714576],[-8.6574945,41.1713698],[-8.6572437,41.171188],[-8.6571771,41.171129],[-8.6568881,41.1709382],[-8.6570136,41.1707339],[-8.6571973,41.1705108],[-8.6573152,41.1703713],[-8.657521,41.1701351],[-8.6579396,41.1696419],[-8.6580052,41.169567],[-8.6583828,41.1690999],[-8.658388,41.169094],[-8.6590447,41.1683256],[-8.6590497,41.1683194],[-8.6591847,41.1681584],[-8.6601956,41.1669577],[-8.6603446,41.1667704],[-8.6607372,41.1663654],[-8.6613586,41.1655838],[-8.6620415,41.1647357],[-8.662717,41.1639593],[-8.6628698,41.1637357],[-8.6629808,41.1635979],[-8.6629987,41.1635721],[-8.6628504,41.1635479],[-8.6618985,41.1633837],[-8.6611226,41.1632548],[-8.6601764,41.1630966],[-8.6600432,41.1630732],[-8.6597596,41.1630245],[-8.659274,41.1629431],[-8.6585386,41.1628187],[-8.6585197,41.1628154],[-8.6579418,41.1627212],[-8.6575352,41.1626539],[-8.657276,41.1626112],[-8.6569566,41.1625564],[-8.6564899,41.1624814],[-8.6564598,41.1624768],[-8.6559241,41.1623875],[-8.6554926,41.1623144],[-8.6551552,41.1622593],[-8.6548668,41.1622102],[-8.6544785,41.1621464],[-8.6539764,41.1620617],[-8.6536984,41.1620152],[-8.6533796,41.1619604],[-8.6530673,41.16191],[-8.652502,41.1618158],[-8.6523138,41.1617838],[-8.6515867,41.1616652],[-8.651279,41.161612],[-8.6509033,41.1615486],[-8.6504444,41.1614708],[-8.650226,41.1614341],[-8.6498148,41.1613664],[-8.6494661,41.1613087],[-8.6492896,41.1612788],[-8.6492828,41.1612774],[-8.648813,41.1611973],[-8.6482921,41.1611094],[-8.6477388,41.1610176],[-8.6473052,41.1609444],[-8.6472258,41.1609326],[-8.6469606,41.1608869],[-8.6465935,41.1608249],[-8.6448925,41.1605393],[-8.6438953,41.1603699],[-8.6438639,41.1603646],[-8.6437203,41.1603427],[-8.6434198,41.1602918],[-8.6431309,41.1602425],[-8.6428408,41.160195],[-8.642215,41.1600898],[-8.6419723,41.1600492],[-8.6416959,41.1602986],[-8.640969,41.160956],[-8.6404491,41.161458],[-8.639884,41.1620044],[-8.6393358,41.1625324],[-8.6390186,41.1627437],[-8.638613,41.162452],[-8.6383864,41.162316],[-8.6380438,41.1620268],[-8.6377533,41.1617625],[-8.6377473,41.1617574],[-8.6374146,41.1614706],[-8.6371167,41.1611981],[-8.6369359,41.1610352],[-8.6365361,41.1606745],[-8.6362491,41.1603983],[-8.6361563,41.1602645],[-8.6360849,41.160128],[-8.6360442,41.1600081],[-8.6359384,41.159759],[-8.6348259,41.1602171],[-8.634221,41.1604907],[-8.6340461,41.1604844],[-8.6328138,41.1605683],[-8.6329447,41.1608036],[-8.6331556,41.1613996],[-8.6325094,41.1620055],[-8.6324678,41.1620504],[-8.6312493,41.1626308],[-8.6313417,41.1626828],[-8.6317053,41.1628897],[-8.6322958,41.1632192],[-8.6329129,41.1635597],[-8.6333601,41.1638113],[-8.6323275,41.1642758],[-8.6321825,41.1643189],[-8.6317452,41.1646036],[-8.631618,41.1646714],[-8.6305676,41.1651315],[-8.6296103,41.1655614],[-8.628818,41.1659112],[-8.6283732,41.166071],[-8.6278196,41.1662401],[-8.627675,41.1662841],[-8.6272894,41.1664048],[-8.6267154,41.1665784],[-8.6265092,41.1666293],[-8.6264359,41.1667245],[-8.6258477,41.1668685],[-8.6256709,41.1669031],[-8.6254615,41.166958],[-8.6251871,41.1670348],[-8.6251732,41.1670774],[-8.6251779,41.1671044],[-8.6253043,41.1677023],[-8.6254534,41.1684435],[-8.6256252,41.1691342],[-8.6257639,41.1698157],[-8.6258586,41.1702326],[-8.6260406,41.1710723],[-8.626095,41.1713097],[-8.6261608,41.1715958],[-8.6262097,41.1718244],[-8.6262884,41.1722098],[-8.6264011,41.1727187],[-8.6264739,41.1729176],[-8.62671,41.173304],[-8.6269186,41.1736853],[-8.6271496,41.1740916],[-8.6273692,41.1744646],[-8.6275273,41.1747833],[-8.6276044,41.1749698],[-8.6276925,41.1752826],[-8.6278414,41.1758743],[-8.6278255,41.175878],[-8.6263124,41.1762749],[-8.6261822,41.1763116],[-8.6259331,41.1763813],[-8.6256064,41.1764857],[-8.6254662,41.176589],[-8.6253568,41.176704],[-8.6247181,41.1775343],[-8.6245803,41.1777032],[-8.6241848,41.1782549],[-8.6241704,41.1782752],[-8.6235318,41.179137],[-8.6234997,41.1791537],[-8.6234279,41.1792545],[-8.6234182,41.1792668],[-8.6232519,41.1794842],[-8.6230516,41.179751],[-8.6228788,41.1799777],[-8.6228581,41.1800006],[-8.6227805,41.1801142],[-8.6226817,41.1802514],[-8.6238435,41.1801277],[-8.627839,41.1796886],[-8.6296378,41.1794834],[-8.6319684,41.1792398],[-8.6324014,41.1792117],[-8.6326603,41.1792561],[-8.6338706,41.1799272],[-8.6413213,41.1840506],[-8.6417686,41.1842714],[-8.6421654,41.1843253],[-8.6426328,41.1843186],[-8.6433387,41.184055],[-8.6450357,41.1832526],[-8.6480016,41.1817387],[-8.6509229,41.1800014],[-8.651811,41.179506],[-8.6524082,41.17917],[-8.6530592,41.1788086],[-8.6539292,41.1785204],[-8.6559452,41.1779226],[-8.6577835,41.1774353]]]}},{"type":"Feature","properties":{"nome":"União das freguesias de Aldoar, Foz do Douro e Nevogilde","municipio":"Porto","municipio_short":"PRT","dicofre":"131216","area_km2":6.27,"area_ha":626.79,"populacao":22500,"populacao_fonte":"ine_2021","densidade":3589,"num_escolas":3,"num_parques":1,"area_verde_m2":247500,"comboios_ativos":3,"camara_nome":"Câmara Municipal do Porto","camara_email":"geral@cm-porto.pt","camara_url":"https://www.cm-porto.pt","escudo_url":null,"cor_principal":"#806040","centroide":[-8.684992976721318,41.16377703976573],"_todo":["Add real num_escolas (Censo + DGEEC)","Add real area_verde_m2 (Câmara dataset)","Add real comboios_ativos (Bicis Sapiens registry)","Add escudo_url (Wikimedia Commons SVG)","Verify cor_principal against actual heraldic blazon"]},"geometry":{"type":"Polygon","coordinates":[[[-8.6629987,41.1635721],[-8.6629808,41.1635979],[-8.6628698,41.1637357],[-8.662717,41.1639593],[-8.6620415,41.1647357],[-8.6613586,41.1655838],[-8.6607372,41.1663654],[-8.6603446,41.1667704],[-8.6601956,41.1669577],[-8.6591847,41.1681584],[-8.6590497,41.1683194],[-8.6590447,41.1683256],[-8.658388,41.169094],[-8.6583828,41.1690999],[-8.6580052,41.169567],[-8.6579396,41.1696419],[-8.657521,41.1701351],[-8.6573152,41.1703713],[-8.6571973,41.1705108],[-8.6570136,41.1707339],[-8.6568881,41.1709382],[-8.6571771,41.171129],[-8.6572437,41.171188],[-8.6574945,41.1713698],[-8.6576274,41.1714576],[-8.657947,41.171695],[-8.6580206,41.1717501],[-8.6581906,41.1718779],[-8.6584418,41.1720448],[-8.6585827,41.1721583],[-8.6585951,41.1721684],[-8.6588284,41.1723845],[-8.6588819,41.1724296],[-8.658995,41.1725243],[-8.6592026,41.1727154],[-8.6595203,41.1730044],[-8.6598331,41.1732798],[-8.6601509,41.1735473],[-8.6602634,41.1736159],[-8.6604556,41.1738211],[-8.6604932,41.1738867],[-8.660525,41.1739223],[-8.6605554,41.1739607],[-8.6606714,41.1740131],[-8.6607726,41.1740127],[-8.6609749,41.1740224],[-8.661553,41.1740254],[-8.6616764,41.1740217],[-8.6618944,41.1739996],[-8.6620351,41.1739379],[-8.6624463,41.1741335],[-8.6622317,41.1743732],[-8.662019,41.1746721],[-8.6617206,41.1749441],[-8.6615651,41.1750599],[-8.6612128,41.1752383],[-8.6609096,41.1754088],[-8.6608984,41.1754144],[-8.6608201,41.1754556],[-8.6605338,41.1756069],[-8.6600168,41.1758631],[-8.6596874,41.1760359],[-8.6593925,41.1762218],[-8.6586869,41.1762028],[-8.6581434,41.1761907],[-8.6576588,41.1761997],[-8.6571806,41.1761909],[-8.6568747,41.1761923],[-8.6571056,41.1765435],[-8.6575529,41.1771962],[-8.6577835,41.1774353],[-8.6611158,41.1769537],[-8.6615402,41.176923],[-8.6618452,41.176958],[-8.6620619,41.1770652],[-8.6623758,41.1773401],[-8.6640828,41.1790136],[-8.6650228,41.1792341],[-8.6656638,41.179307],[-8.6663803,41.179195],[-8.6666841,41.1791042],[-8.6670056,41.178864],[-8.667257,41.1785781],[-8.6677354,41.177729],[-8.6682353,41.1769109],[-8.6684803,41.1767158],[-8.6687045,41.1765961],[-8.6691244,41.1764758],[-8.6697602,41.1763045],[-8.6704127,41.1761075],[-8.6706157,41.1759835],[-8.6708223,41.1757695],[-8.6714135,41.1748868],[-8.6723158,41.1742608],[-8.6730556,41.173787],[-8.6742933,41.1728367],[-8.6753548,41.1720846],[-8.6757738,41.1719505],[-8.6764593,41.1718426],[-8.6788561,41.17149],[-8.6791636,41.1715001],[-8.6793061,41.1715162],[-8.679863,41.1717253],[-8.6835609,41.1734563],[-8.6842306,41.1736466],[-8.686046,41.1735225],[-8.6901233,41.1733985],[-8.6901092,41.1733865],[-8.6900857,41.1733731],[-8.6900556,41.1733738],[-8.6900288,41.1733773],[-8.6900117,41.173359],[-8.6900238,41.173341],[-8.690047,41.173331],[-8.6900752,41.1733202],[-8.6901027,41.1733091],[-8.690115,41.1732887],[-8.6900916,41.1732962],[-8.6900671,41.1733026],[-8.69004,41.1733077],[-8.690013,41.173318],[-8.6899869,41.1733288],[-8.6899576,41.1733275],[-8.6899398,41.173313],[-8.689914,41.1733007],[-8.6898869,41.1732885],[-8.6898752,41.1732655],[-8.68988,41.1732393],[-8.6898828,41.1732182],[-8.6898752,41.1732005],[-8.6898672,41.1731828],[-8.689859,41.1731601],[-8.6898569,41.1731369],[-8.6898554,41.1731148],[-8.6898503,41.1730948],[-8.6898482,41.1730737],[-8.6898543,41.1730548],[-8.6898607,41.1730368],[-8.6898751,41.1730131],[-8.6898991,41.1730045],[-8.6899231,41.1730157],[-8.6899343,41.1730122],[-8.6899482,41.1730076],[-8.6899311,41.1729894],[-8.6899319,41.1729707],[-8.6899114,41.1729548],[-8.689888,41.1729607],[-8.6898599,41.1729536],[-8.6898469,41.1729373],[-8.6898306,41.1729225],[-8.6898162,41.1729026],[-8.6898078,41.1728846],[-8.689798,41.1728655],[-8.6897899,41.1728487],[-8.6897845,41.1728287],[-8.6898038,41.172814],[-8.6898309,41.1728037],[-8.6898522,41.172804],[-8.6898598,41.1728042],[-8.6898755,41.1727886],[-8.6898551,41.1727698],[-8.6898408,41.1727505],[-8.6898263,41.1727354],[-8.6898073,41.1727231],[-8.6897861,41.1727128],[-8.6897733,41.1726943],[-8.6897971,41.1726838],[-8.6897848,41.1726655],[-8.689762,41.172651],[-8.6897394,41.172643],[-8.6897147,41.1726363],[-8.6896901,41.1726317],[-8.6896616,41.1726273],[-8.6896331,41.1726258],[-8.6896033,41.172618],[-8.6895783,41.1726038],[-8.6895672,41.1725828],[-8.6895664,41.1725628],[-8.6895802,41.1725447],[-8.6895804,41.1725217],[-8.6895553,41.1725093],[-8.6895373,41.1724934],[-8.6895187,41.1724766],[-8.6894996,41.1724584],[-8.6894819,41.1724388],[-8.6894706,41.1724225],[-8.6894627,41.1724043],[-8.6894573,41.1723852],[-8.6894535,41.1723615],[-8.6894532,41.1723435],[-8.6894519,41.1723233],[-8.6894464,41.172305],[-8.6894393,41.1722865],[-8.6894328,41.1722674],[-8.6894277,41.1722497],[-8.6894231,41.1722261],[-8.6894164,41.1722031],[-8.6894069,41.1721809],[-8.6893893,41.1721357],[-8.6893798,41.1721143],[-8.6893664,41.1720944],[-8.6893471,41.172077],[-8.6893228,41.172067],[-8.6893065,41.1720513],[-8.6892908,41.1720342],[-8.6892807,41.1720155],[-8.6892746,41.1719958],[-8.6892687,41.1719744],[-8.6892633,41.1719567],[-8.6892499,41.1719396],[-8.6892315,41.1719242],[-8.6892216,41.1719049],[-8.6892071,41.171885],[-8.689193,41.1718684],[-8.6891627,41.1718365],[-8.689146,41.1718194],[-8.6891308,41.1718023],[-8.6891184,41.1717858],[-8.6891074,41.1717661],[-8.6890983,41.1717454],[-8.6890896,41.1717265],[-8.689082,41.1717066],[-8.6890759,41.1716867],[-8.6890647,41.1716465],[-8.6890528,41.1716086],[-8.6890463,41.1715901],[-8.6890383,41.1715726],[-8.6890288,41.1715507],[-8.6890181,41.1715294],[-8.6890032,41.1715098],[-8.6889938,41.1714929],[-8.6889768,41.1714578],[-8.6889657,41.1714357],[-8.6889498,41.1714011],[-8.6889426,41.1713837],[-8.6889359,41.1713658],[-8.6889304,41.1713478],[-8.6889269,41.1713301],[-8.6889213,41.1712921],[-8.6889164,41.1712662],[-8.6889241,41.1712608],[-8.6889398,41.1712377],[-8.6889253,41.1712026],[-8.68891,41.1711646],[-8.6888948,41.1711219],[-8.6888847,41.1710801],[-8.6888777,41.1710304],[-8.6888788,41.1709811],[-8.68888,41.1709354],[-8.6888687,41.1708917],[-8.6888501,41.1708512],[-8.6888372,41.170802],[-8.6888244,41.1706968],[-8.6888162,41.1706443],[-8.688804,41.1705304],[-8.6888046,41.1704811],[-8.6888065,41.1704335],[-8.6888052,41.1703829],[-8.6887993,41.1703295],[-8.6887958,41.170223],[-8.6888017,41.1701458],[-8.6888018,41.1701098],[-8.688797,41.170091],[-8.6887859,41.1700846],[-8.6887852,41.1700792],[-8.6887841,41.1700578],[-8.6887784,41.1700379],[-8.6887759,41.1700191],[-8.6887766,41.169996],[-8.6887775,41.1699771],[-8.6887789,41.1699583],[-8.6887828,41.169932],[-8.6887934,41.1698971],[-8.6888051,41.1698819],[-8.6888399,41.1698423],[-8.6888595,41.1698228],[-8.6888767,41.169808],[-8.6888912,41.1697917],[-8.6888982,41.1697787],[-8.6889001,41.1697653],[-8.6889058,41.1697553],[-8.6889303,41.1697372],[-8.6889489,41.1697267],[-8.6889405,41.1697217],[-8.688943,41.1697087],[-8.688963,41.1696932],[-8.6889894,41.1696834],[-8.6890073,41.1696676],[-8.6890508,41.169643],[-8.6890744,41.1696366],[-8.6890912,41.1696428],[-8.689119,41.1696429],[-8.6891236,41.1696389],[-8.6891314,41.1696372],[-8.6891527,41.169623],[-8.6891736,41.1696139],[-8.6891959,41.1696017],[-8.6892014,41.1695803],[-8.6892132,41.169562],[-8.6892319,41.1695424],[-8.6892489,41.1695241],[-8.6892706,41.1695071],[-8.6892898,41.1694951],[-8.6893287,41.1694769],[-8.6893557,41.1694527],[-8.689372,41.1694357],[-8.6893894,41.1694184],[-8.6894075,41.1694015],[-8.6894255,41.1693853],[-8.6894325,41.1693796],[-8.6894403,41.1693748],[-8.6894481,41.1693712],[-8.6894558,41.1693697],[-8.6894805,41.169382],[-8.6894862,41.1693878],[-8.6895002,41.1694134],[-8.6895116,41.1694325],[-8.6895172,41.169438],[-8.6895386,41.1694557],[-8.6895599,41.1694705],[-8.6896324,41.1695144],[-8.6896462,41.1695319],[-8.6897037,41.1695604],[-8.6897019,41.169541],[-8.6896788,41.169524],[-8.6897089,41.1695143],[-8.6897371,41.1695284],[-8.689749,41.1695534],[-8.6898079,41.1695599],[-8.6898266,41.1695446],[-8.6898583,41.1695484],[-8.6898875,41.1695418],[-8.6898958,41.1695189],[-8.6898656,41.169493],[-8.689816,41.1694794],[-8.6898071,41.1694631],[-8.6898208,41.1694302],[-8.689811,41.1693967],[-8.689791,41.1693641],[-8.689774,41.1693333],[-8.6897434,41.169307],[-8.6896966,41.1692757],[-8.6896965,41.1692672],[-8.6896986,41.1692577],[-8.6896995,41.1692467],[-8.689697,41.1692377],[-8.6896969,41.1692273],[-8.6897001,41.1692225],[-8.6897037,41.169212],[-8.6897063,41.1692062],[-8.6897106,41.1692002],[-8.6897161,41.1691954],[-8.689735,41.1691807],[-8.6897569,41.1691671],[-8.6897825,41.1691537],[-8.689791,41.1691503],[-8.6898187,41.1691401],[-8.6898577,41.1691314],[-8.6898666,41.1691314],[-8.6898762,41.1691324],[-8.6898849,41.1691352],[-8.6898921,41.1691397],[-8.689899,41.1691452],[-8.689923,41.1691629],[-8.689931,41.1691673],[-8.6899394,41.1691687],[-8.689948,41.1691664],[-8.6899581,41.1691577],[-8.6899574,41.1691517],[-8.6899518,41.1691467],[-8.6899444,41.1691422],[-8.689941,41.1691324],[-8.689947,41.1691298],[-8.6899559,41.1691304],[-8.6899819,41.1691395],[-8.6899905,41.1691409],[-8.6899987,41.1691405],[-8.6900053,41.1691372],[-8.6900083,41.1691309],[-8.6900074,41.1691242],[-8.6900045,41.169118],[-8.6899998,41.1691122],[-8.6900017,41.1691017],[-8.6900096,41.1690997],[-8.6900185,41.1690988],[-8.6900285,41.1690991],[-8.6900378,41.1691015],[-8.6900461,41.1691052],[-8.6900514,41.1691102],[-8.6900532,41.1691161],[-8.6900529,41.1691229],[-8.6900504,41.1691428],[-8.6900511,41.1691485],[-8.6900557,41.1691538],[-8.6900625,41.1691582],[-8.6900711,41.1691611],[-8.6900797,41.1691607],[-8.690088,41.1691585],[-8.6900968,41.169155],[-8.6901054,41.1691535],[-8.6901137,41.1691535],[-8.6901212,41.1691561],[-8.6901409,41.1691717],[-8.6901487,41.1691761],[-8.6901575,41.1691795],[-8.6901668,41.1691805],[-8.6901759,41.1691799],[-8.6901854,41.1691771],[-8.6901942,41.1691733],[-8.6902006,41.1691685],[-8.690203,41.169162],[-8.6902024,41.1691557],[-8.6901936,41.1691354],[-8.6901806,41.1691152],[-8.6901774,41.169109],[-8.6901794,41.1690983],[-8.6901939,41.1691016],[-8.6902042,41.1690974],[-8.6902048,41.1690914],[-8.6902032,41.1690858],[-8.690198,41.1690746],[-8.690205,41.1690678],[-8.6902126,41.1690681],[-8.6902189,41.1690711],[-8.6902287,41.1690801],[-8.6902349,41.1690845],[-8.6902425,41.169089],[-8.6902659,41.1691019],[-8.6902751,41.1691049],[-8.6902848,41.1691071],[-8.6902943,41.1691076],[-8.6903194,41.1691019],[-8.6903268,41.1691021],[-8.6903323,41.1691055],[-8.6903416,41.1691308],[-8.6903456,41.169137],[-8.6903513,41.169142],[-8.6903578,41.1691458],[-8.6903714,41.1691447],[-8.6903763,41.1691399],[-8.6903948,41.1691271],[-8.6904077,41.1691102],[-8.6904095,41.1691042],[-8.6904059,41.1690942],[-8.6903942,41.1690922],[-8.6903763,41.1690966],[-8.6903694,41.1690962],[-8.6903621,41.1690946],[-8.6903552,41.1690924],[-8.6903426,41.1690913],[-8.690362,41.16908],[-8.690383,41.1690689],[-8.6903847,41.1690636],[-8.6903839,41.169058],[-8.6903755,41.1690369],[-8.6903864,41.1690298],[-8.6903942,41.1690272],[-8.6904015,41.1690267],[-8.6904096,41.1690269],[-8.6904174,41.1690277],[-8.6904417,41.1690346],[-8.6904473,41.1690377],[-8.6904509,41.1690433],[-8.6904521,41.16905],[-8.6904519,41.1690573],[-8.6904523,41.1690812],[-8.6904517,41.1691271],[-8.6904502,41.1691387],[-8.6904533,41.1691575],[-8.6904564,41.1691648],[-8.6904675,41.1691867],[-8.6904762,41.1692072],[-8.6904821,41.1692311],[-8.6904826,41.1692449],[-8.6904864,41.1692617],[-8.690507,41.1692774],[-8.690575,41.169294],[-8.6906093,41.1692941],[-8.6906445,41.1692834],[-8.6907156,41.1692525],[-8.6907424,41.1692379],[-8.6907742,41.1692178],[-8.6908109,41.1692123],[-8.6908548,41.1692048],[-8.6908888,41.1691942],[-8.6909225,41.1691702],[-8.6909468,41.1691413],[-8.6909465,41.1691292],[-8.6909363,41.1691135],[-8.6909576,41.1691083],[-8.6909963,41.1690896],[-8.6910291,41.1690714],[-8.6910583,41.169053],[-8.6910776,41.1690366],[-8.6910924,41.1689893],[-8.6911217,41.1689699],[-8.6911457,41.1689479],[-8.6911481,41.168926],[-8.6911642,41.1689137],[-8.6911595,41.1688955],[-8.6911192,41.1688785],[-8.6910804,41.1688686],[-8.6910537,41.1688664],[-8.691034,41.1688683],[-8.6910165,41.1688636],[-8.6910045,41.1688507],[-8.6910123,41.1688424],[-8.6910308,41.1688314],[-8.6910637,41.1688146],[-8.6910975,41.1688142],[-8.6911337,41.1688343],[-8.6911403,41.1688376],[-8.6911564,41.1688471],[-8.6911848,41.1688391],[-8.6912085,41.1688263],[-8.6912355,41.1688149],[-8.6912577,41.1688077],[-8.691279,41.1687931],[-8.6912941,41.1687718],[-8.691289,41.1687516],[-8.6912673,41.1687374],[-8.6912431,41.1687352],[-8.6912189,41.1687373],[-8.6911953,41.168742],[-8.6911655,41.1687458],[-8.69114,41.1687442],[-8.6911141,41.1687488],[-8.6910864,41.1687577],[-8.6910583,41.1687578],[-8.6910668,41.1687406],[-8.6910842,41.1687225],[-8.6911018,41.1687047],[-8.6910811,41.1686879],[-8.6911086,41.1686489],[-8.6911201,41.1686311],[-8.69113,41.1686145],[-8.6911238,41.1685915],[-8.6910999,41.1685854],[-8.6910697,41.1685957],[-8.6910491,41.1686048],[-8.6910296,41.1686172],[-8.6910132,41.1686314],[-8.6909954,41.1686439],[-8.6909709,41.168644],[-8.6909586,41.1686263],[-8.6909521,41.1686083],[-8.6909483,41.1685878],[-8.6909478,41.1685664],[-8.6909479,41.1685456],[-8.6909495,41.1685236],[-8.6909492,41.1685009],[-8.6909411,41.1684809],[-8.6909354,41.1684629],[-8.6909514,41.1684435],[-8.6909737,41.1684316],[-8.6909951,41.1684185],[-8.6909837,41.1684016],[-8.6909573,41.1684085],[-8.6909393,41.1683946],[-8.690961,41.1683815],[-8.6909859,41.1683735],[-8.6910109,41.1683658],[-8.6910354,41.168355],[-8.6910808,41.1683303],[-8.6911023,41.1683158],[-8.691083,41.1683021],[-8.691061,41.1683099],[-8.691038,41.1683218],[-8.6910152,41.1683351],[-8.6909931,41.1683462],[-8.6909621,41.1683554],[-8.6909323,41.1683496],[-8.6909104,41.1683367],[-8.6909066,41.1683117],[-8.690902,41.1682864],[-8.6908833,41.1682688],[-8.6908592,41.1682624],[-8.6908316,41.1682705],[-8.6908112,41.1682801],[-8.6907858,41.1682752],[-8.6907783,41.1682668],[-8.690756,41.1682491],[-8.6907301,41.1682414],[-8.6907007,41.1682471],[-8.6907026,41.1682679],[-8.6906942,41.1682882],[-8.6906638,41.1682893],[-8.6906358,41.1682762],[-8.6906142,41.1682603],[-8.690585,41.1682587],[-8.6905556,41.1682664],[-8.6905393,41.1682527],[-8.6905079,41.1682531],[-8.6904858,41.1682597],[-8.6904613,41.1682683],[-8.6904371,41.168274],[-8.690323,41.168278],[-8.6902932,41.1682666],[-8.6902764,41.1682484],[-8.6902618,41.168227],[-8.6902543,41.1682074],[-8.6902582,41.1681891],[-8.6902597,41.1681693],[-8.6902617,41.1681465],[-8.6902614,41.1681215],[-8.6902697,41.1680999],[-8.690294,41.168089],[-8.6903246,41.1680964],[-8.6903509,41.1680955],[-8.6903751,41.1680934],[-8.6904005,41.1680823],[-8.6904252,41.1680754],[-8.6904541,41.1680792],[-8.6904799,41.1680892],[-8.6905101,41.1680877],[-8.6905358,41.1680803],[-8.6905642,41.1680711],[-8.69059,41.1680614],[-8.6906166,41.1680503],[-8.6906412,41.1680409],[-8.6906672,41.1680352],[-8.6906899,41.1680258],[-8.6906964,41.1680018],[-8.6906744,41.1679915],[-8.6906476,41.1680029],[-8.690639,41.1679858],[-8.6906601,41.1679671],[-8.6906684,41.1679431],[-8.6906568,41.1679265],[-8.69063,41.1679315],[-8.6906073,41.167922],[-8.6906187,41.1679023],[-8.6905952,41.1678982],[-8.6905648,41.1678992],[-8.6905782,41.1678828],[-8.6906048,41.1678689],[-8.6906304,41.167864],[-8.690652,41.1678554],[-8.6906586,41.1678334],[-8.6906334,41.1678305],[-8.6906049,41.1678371],[-8.6905816,41.1678453],[-8.6905583,41.1678514],[-8.6905345,41.1678413],[-8.6905191,41.1678282],[-8.6905327,41.1678248],[-8.6905521,41.1678227],[-8.6905601,41.1678221],[-8.6905744,41.1678215],[-8.6905922,41.1678205],[-8.6906075,41.1678202],[-8.6906161,41.1678193],[-8.6906244,41.1678149],[-8.6906272,41.1678101],[-8.6906281,41.1678044],[-8.6906272,41.1677991],[-8.6906192,41.1677907],[-8.6906105,41.1677877],[-8.6905979,41.1677877],[-8.6905913,41.1677894],[-8.690584,41.1677917],[-8.6905764,41.1677934],[-8.6905662,41.1677965],[-8.6905565,41.1677977],[-8.690547,41.1677947],[-8.6905411,41.1677891],[-8.6905392,41.1677818],[-8.6905342,41.1677733],[-8.6905302,41.1677655],[-8.6905231,41.1677608],[-8.6905152,41.1677616],[-8.6905074,41.1677634],[-8.690475,41.1677699],[-8.6904613,41.1677714],[-8.6904343,41.1677699],[-8.6904243,41.1677691],[-8.6904058,41.1677661],[-8.6904018,41.1677614],[-8.6903973,41.1677549],[-8.6903924,41.1677498],[-8.6903837,41.167746],[-8.690374,41.1677446],[-8.6903578,41.1677472],[-8.6903513,41.1677532],[-8.6903497,41.1677582],[-8.6903458,41.1677675],[-8.6903409,41.1677763],[-8.690301,41.1677714],[-8.6902342,41.1677695],[-8.6902103,41.1677578],[-8.6902002,41.1677401],[-8.6901935,41.1677218],[-8.6901877,41.1677025],[-8.6901833,41.1676805],[-8.6901709,41.1676398],[-8.6901694,41.167621],[-8.690172,41.1675992],[-8.6901774,41.1675787],[-8.6901835,41.1675567],[-8.6901982,41.1674896],[-8.690205,41.16747],[-8.6902124,41.1674474],[-8.6902271,41.1674276],[-8.6902522,41.1673901],[-8.6902657,41.1673706],[-8.6902761,41.1673542],[-8.6902879,41.1673384],[-8.6902977,41.1673158],[-8.690316,41.1672969],[-8.6903343,41.1672785],[-8.6903395,41.1672557],[-8.6903432,41.167236],[-8.6903454,41.1672149],[-8.6903562,41.1671974],[-8.6903584,41.1671788],[-8.6903727,41.1671565],[-8.6903884,41.1671402],[-8.6904043,41.1671209],[-8.6904177,41.1671034],[-8.6904271,41.1670825],[-8.6904162,41.1670626],[-8.6903842,41.1670518],[-8.6903606,41.1670471],[-8.6903328,41.1670458],[-8.690311,41.1670558],[-8.6902937,41.1670716],[-8.6902655,41.167072],[-8.6902435,41.1670561],[-8.6902589,41.1670335],[-8.6902627,41.1670125],[-8.6902375,41.1670007],[-8.690222,41.1669867],[-8.6902371,41.1669726],[-8.6902595,41.1669567],[-8.6902769,41.1669412],[-8.6902924,41.1669216],[-8.690309,41.1669036],[-8.6903348,41.1669023],[-8.6903583,41.1668968],[-8.6903855,41.1668976],[-8.6904124,41.1669022],[-8.6904438,41.1669038],[-8.6904612,41.1668896],[-8.6904687,41.1668705],[-8.6904718,41.1668485],[-8.6904748,41.1668234],[-8.6904852,41.1667994],[-8.6904977,41.1667836],[-8.6905114,41.1667681],[-8.6905196,41.1667492],[-8.6904949,41.1667555],[-8.6904658,41.1667649],[-8.6904367,41.1667763],[-8.6904118,41.1667933],[-8.6903932,41.1668108],[-8.6903734,41.1668292],[-8.6903444,41.1668291],[-8.6903455,41.1668049],[-8.6903677,41.1667935],[-8.6903978,41.1667875],[-8.6904174,41.1667694],[-8.6904348,41.1667491],[-8.6904523,41.166732],[-8.6904622,41.1667135],[-8.6904423,41.1667],[-8.690427,41.1666855],[-8.69041,41.1666681],[-8.6903828,41.1666595],[-8.6903696,41.1666436],[-8.69039,41.1666269],[-8.6903929,41.1666069],[-8.6903745,41.1665884],[-8.6903555,41.1665756],[-8.6903336,41.1665663],[-8.6903042,41.1665671],[-8.6902833,41.1665868],[-8.6902658,41.1666089],[-8.6902386,41.1666074],[-8.690214,41.166601],[-8.6901913,41.1665944],[-8.6901627,41.1665888],[-8.6901371,41.1666008],[-8.6901352,41.166623],[-8.6901302,41.1666461],[-8.6901073,41.1666581],[-8.690074,41.1666551],[-8.6900463,41.1666474],[-8.6900188,41.1666385],[-8.689987,41.1666344],[-8.6899616,41.166645],[-8.6899396,41.1666597],[-8.6899198,41.1666713],[-8.6898947,41.1666832],[-8.6898719,41.1666753],[-8.6898753,41.1666575],[-8.6899011,41.1666408],[-8.6899231,41.1666294],[-8.6899449,41.1666197],[-8.6899653,41.166607],[-8.6899866,41.1665934],[-8.6900048,41.166577],[-8.6900217,41.1665603],[-8.6900369,41.1665411],[-8.6900512,41.1665241],[-8.6900595,41.1665055],[-8.6900592,41.166487],[-8.6900458,41.1664668],[-8.6900197,41.1664618],[-8.6899945,41.1664599],[-8.6899678,41.1664699],[-8.6899514,41.1664891],[-8.6899302,41.1665022],[-8.6899377,41.1664822],[-8.6899445,41.1664591],[-8.6899445,41.1664338],[-8.689948,41.1664084],[-8.6899435,41.1663851],[-8.6899225,41.1663942],[-8.689898,41.1664013],[-8.6898745,41.166411],[-8.6898509,41.1664218],[-8.689827,41.1664334],[-8.6898008,41.166444],[-8.6897756,41.1664529],[-8.6897512,41.1664606],[-8.6897251,41.1664652],[-8.6896997,41.166469],[-8.6896738,41.1664764],[-8.6896519,41.1664878],[-8.6896294,41.1664938],[-8.689603,41.1664782],[-8.6895944,41.1664605],[-8.6895747,41.1664423],[-8.6895678,41.1664204],[-8.689568,41.1663971],[-8.6895651,41.1663748],[-8.6895696,41.166352],[-8.6895803,41.1663356],[-8.6895998,41.1663229],[-8.6896251,41.1663157],[-8.689649,41.1663207],[-8.6896596,41.1663434],[-8.6896811,41.1663528],[-8.6897049,41.1663446],[-8.689713,41.1663263],[-8.6897161,41.166304],[-8.6897173,41.1662826],[-8.6897116,41.1662636],[-8.6896905,41.1662431],[-8.6896748,41.1662297],[-8.6896809,41.1662215],[-8.6896863,41.1662178],[-8.689692,41.1662147],[-8.6896992,41.1662121],[-8.6897137,41.1662086],[-8.6897271,41.1662023],[-8.6897467,41.1661916],[-8.6897523,41.1661871],[-8.6897574,41.1661817],[-8.6897716,41.1661639],[-8.6897862,41.1661467],[-8.6897987,41.1661283],[-8.6898104,41.1661086],[-8.6898134,41.1661018],[-8.6898133,41.1660956],[-8.6898036,41.1660889],[-8.6897927,41.1660934],[-8.6897905,41.1660988],[-8.6897898,41.1661042],[-8.6897879,41.1661095],[-8.6897804,41.166118],[-8.6897725,41.1661175],[-8.6897682,41.1661122],[-8.6897661,41.1661009],[-8.6897624,41.1660961],[-8.6897547,41.1660931],[-8.6897415,41.1660968],[-8.6897311,41.1661182],[-8.6897298,41.1661235],[-8.689721,41.1661242],[-8.6897195,41.1661172],[-8.6897052,41.1661009],[-8.689676,41.1661047],[-8.6896457,41.1661102],[-8.6896162,41.1661095],[-8.6895656,41.1661072],[-8.689541,41.1661073],[-8.6895169,41.1661114],[-8.6894927,41.1661174],[-8.6894694,41.1661285],[-8.6894497,41.1661452],[-8.6894302,41.1661571],[-8.6893993,41.1661683],[-8.6893784,41.1661794],[-8.6893561,41.1661678],[-8.6893796,41.1661523],[-8.689401,41.166137],[-8.689421,41.1661259],[-8.6894464,41.1661176],[-8.6894735,41.1661099],[-8.6895017,41.1661022],[-8.6895287,41.1660925],[-8.6895393,41.1660744],[-8.6895082,41.16607],[-8.6894781,41.1660719],[-8.6894486,41.1660751],[-8.689419,41.1660778],[-8.6893956,41.1660847],[-8.6893722,41.1660902],[-8.6893496,41.1661023],[-8.6893376,41.1661181],[-8.6893201,41.1661332],[-8.6893123,41.1661548],[-8.6893163,41.1661745],[-8.6893161,41.1661977],[-8.6892926,41.1662089],[-8.6892662,41.16621],[-8.6892455,41.1661935],[-8.6892473,41.166174],[-8.6892604,41.1661565],[-8.6892741,41.1661365],[-8.6892779,41.1661184],[-8.6892715,41.1660932],[-8.6892559,41.1660775],[-8.6892355,41.1660663],[-8.6892083,41.1660592],[-8.6891818,41.1660635],[-8.6891617,41.1660751],[-8.6891403,41.1660879],[-8.6891186,41.1661024],[-8.6891119,41.1661057],[-8.6891018,41.1661007],[-8.6891004,41.1660932],[-8.6890997,41.1660864],[-8.6891117,41.166081],[-8.6891198,41.1660821],[-8.6891275,41.1660812],[-8.6891336,41.1660781],[-8.6891436,41.166069],[-8.6891556,41.1660591],[-8.6891625,41.166054],[-8.6891718,41.1660492],[-8.689178,41.1660466],[-8.6891841,41.1660435],[-8.6891966,41.1660375],[-8.689213,41.1660279],[-8.6892189,41.1660226],[-8.6892261,41.1660141],[-8.689229,41.1660084],[-8.6892305,41.165998],[-8.689225,41.1659888],[-8.689217,41.1659921],[-8.6892105,41.1659955],[-8.6892042,41.1659998],[-8.689197,41.1660032],[-8.6891842,41.166005],[-8.6891741,41.1660013],[-8.6891713,41.165996],[-8.6891766,41.1659886],[-8.6891829,41.1659853],[-8.6891938,41.1659785],[-8.6891942,41.1659722],[-8.6891877,41.1659686],[-8.689172,41.1659687],[-8.6891648,41.1659707],[-8.689158,41.165973],[-8.6891453,41.165979],[-8.6891378,41.1659849],[-8.6891332,41.1659906],[-8.6891276,41.166001],[-8.6891217,41.1660089],[-8.6891175,41.1660134],[-8.6891065,41.1660239],[-8.6890964,41.1660324],[-8.6890841,41.1660378],[-8.6890773,41.1660339],[-8.6890747,41.1660041],[-8.689062,41.1659831],[-8.6890628,41.1659611],[-8.6890879,41.1659511],[-8.689114,41.1659434],[-8.6891391,41.1659309],[-8.6891517,41.1659092],[-8.6891572,41.1658877],[-8.6891328,41.1658966],[-8.689107,41.1659079],[-8.6890826,41.165921],[-8.6890585,41.1659293],[-8.6890488,41.1659127],[-8.6890701,41.1658933],[-8.6890892,41.1658814],[-8.6890832,41.1658611],[-8.6890614,41.1658775],[-8.6890374,41.1658959],[-8.6890137,41.1659051],[-8.6890115,41.1658862],[-8.6890239,41.1658642],[-8.6890364,41.1658407],[-8.6890394,41.1658179],[-8.6890165,41.1658085],[-8.6889879,41.1658194],[-8.6889641,41.1658321],[-8.6889154,41.1658577],[-8.6888919,41.1658575],[-8.6888694,41.1658472],[-8.6888671,41.1658219],[-8.6888597,41.1658011],[-8.6888642,41.1657795],[-8.6888884,41.1657774],[-8.6889128,41.165775],[-8.6889238,41.1657541],[-8.688918,41.1657353],[-8.6888977,41.1657218],[-8.688873,41.1657222],[-8.6888532,41.165739],[-8.6888277,41.1657374],[-8.6888199,41.1657177],[-8.6887964,41.1657218],[-8.6887714,41.1657304],[-8.6887459,41.1657232],[-8.6887545,41.165706],[-8.6887787,41.1656977],[-8.688796,41.1656762],[-8.6888034,41.1656525],[-8.6888109,41.165632],[-8.6888196,41.1656103],[-8.6888234,41.1655897],[-8.6888046,41.1655766],[-8.6887769,41.1655623],[-8.6887684,41.1655424],[-8.6887433,41.165547],[-8.6887231,41.1655618],[-8.688702,41.1655779],[-8.6886761,41.1655873],[-8.6886496,41.1655866],[-8.6886279,41.1655732],[-8.6886091,41.1655541],[-8.6885843,41.1655517],[-8.688578,41.1655326],[-8.6885759,41.1655105],[-8.6885664,41.1654899],[-8.688562,41.1654694],[-8.6885538,41.1654469],[-8.6885369,41.1654279],[-8.6885222,41.165413],[-8.6885255,41.1653942],[-8.6885524,41.1654005],[-8.6885517,41.1653774],[-8.6885475,41.1653555],[-8.6885472,41.1653338],[-8.6885348,41.1653128],[-8.688506,41.1653042],[-8.6884811,41.1652936],[-8.6884577,41.1652794],[-8.6884349,41.1652725],[-8.6884027,41.1652667],[-8.6883686,41.1652644],[-8.6883377,41.1652541],[-8.6883162,41.165241],[-8.6882942,41.165222],[-8.6882916,41.1652],[-8.6882931,41.1651787],[-8.6882863,41.1651578],[-8.6882736,41.1651421],[-8.6882585,41.1651268],[-8.6882448,41.1651107],[-8.6882344,41.1650917],[-8.6882392,41.1650717],[-8.6882426,41.165049],[-8.6882424,41.1650304],[-8.688239,41.1650087],[-8.6882299,41.1649863],[-8.6882126,41.1649703],[-8.6882084,41.1649487],[-8.6881973,41.1649271],[-8.6881743,41.1649108],[-8.6881619,41.1648918],[-8.6881792,41.1648537],[-8.6881607,41.1648369],[-8.6881866,41.1648314],[-8.6882165,41.1648232],[-8.6882456,41.1648146],[-8.688264,41.1647985],[-8.6882652,41.1647787],[-8.6882498,41.1647631],[-8.6882351,41.1647417],[-8.6882267,41.1647229],[-8.688207,41.1647053],[-8.6881868,41.1646896],[-8.6881687,41.1646706],[-8.6881669,41.1646504],[-8.6881895,41.1646376],[-8.6882175,41.164647],[-8.6882456,41.1646573],[-8.688265,41.1646431],[-8.6882773,41.1646197],[-8.6882919,41.164601],[-8.6883062,41.1645796],[-8.6883048,41.1645613],[-8.6882854,41.1645462],[-8.6882645,41.1645376],[-8.68824,41.1645307],[-8.6882156,41.1645263],[-8.6881899,41.1645233],[-8.6881604,41.1645204],[-8.6881349,41.1645165],[-8.6881017,41.1645147],[-8.6880386,41.1645173],[-8.6880172,41.1645011],[-8.688038,41.1644832],[-8.6880942,41.1644672],[-8.68808,41.164451],[-8.6881004,41.1644402],[-8.6881251,41.1644398],[-8.6881512,41.1644411],[-8.6881696,41.164425],[-8.6881783,41.164408],[-8.6881878,41.1643869],[-8.688193,41.1643685],[-8.6882027,41.1643483],[-8.6882123,41.1643273],[-8.6882152,41.1643073],[-8.6881887,41.1642954],[-8.6881639,41.164309],[-8.6881501,41.1642911],[-8.6881424,41.1642694],[-8.6881223,41.1642535],[-8.6880976,41.1642613],[-8.6880798,41.1642771],[-8.6880579,41.1642938],[-8.688032,41.1642945],[-8.688008,41.1643045],[-8.687993,41.1643219],[-8.6879755,41.1643397],[-8.6879608,41.1643612],[-8.687949,41.164379],[-8.687938,41.1644019],[-8.6879139,41.164418],[-8.6878855,41.1644224],[-8.6878761,41.1644042],[-8.6878949,41.1643869],[-8.6879048,41.1643666],[-8.6879121,41.1643465],[-8.6879202,41.164326],[-8.6879143,41.1643052],[-8.6879278,41.1642879],[-8.6879355,41.1642682],[-8.6879376,41.1642476],[-8.6879401,41.1642251],[-8.6879456,41.1642023],[-8.6879371,41.1641804],[-8.6879162,41.1641924],[-8.6878924,41.164186],[-8.6879091,41.1641699],[-8.6879132,41.164147],[-8.6879049,41.1641257],[-8.687882,41.1641193],[-8.6878646,41.1641056],[-8.6878424,41.1640987],[-8.6878209,41.1641086],[-8.6877934,41.164117],[-8.6877659,41.1641233],[-8.6877882,41.1641108],[-8.6878039,41.1640952],[-8.6878257,41.1640839],[-8.6878256,41.164065],[-8.6878046,41.1640496],[-8.687783,41.1640365],[-8.6877782,41.1640183],[-8.6877817,41.163998],[-8.6877799,41.16398],[-8.687786,41.1639617],[-8.6877762,41.1639445],[-8.6877527,41.163932],[-8.6877262,41.1639285],[-8.687712,41.1639139],[-8.6877098,41.1638911],[-8.6876891,41.1639053],[-8.6876702,41.1639257],[-8.6876508,41.163948],[-8.687634,41.1639857],[-8.6876268,41.1640052],[-8.6876184,41.1640247],[-8.6875946,41.1640363],[-8.6875993,41.1640143],[-8.6876062,41.1639918],[-8.6876177,41.1639678],[-8.6876464,41.163928],[-8.6876529,41.1639088],[-8.6876609,41.1638872],[-8.687669,41.1638637],[-8.6876775,41.1638432],[-8.6876892,41.1638214],[-8.6876955,41.1638026],[-8.6876736,41.1637892],[-8.6876476,41.1637898],[-8.6876174,41.1637866],[-8.6875911,41.1637746],[-8.6875709,41.1637612],[-8.6875555,41.1637439],[-8.687543,41.1637245],[-8.6875223,41.1637353],[-8.6875014,41.1637452],[-8.6874754,41.1637553],[-8.6874476,41.1637568],[-8.687423,41.163749],[-8.6874046,41.1637319],[-8.6873949,41.163712],[-8.6873757,41.1637006],[-8.6873499,41.1637119],[-8.6873369,41.1637272],[-8.6873247,41.1637489],[-8.6873094,41.1637631],[-8.6872981,41.1637749],[-8.687298,41.1637592],[-8.6872989,41.1637392],[-8.6872885,41.1637201],[-8.6872714,41.1637016],[-8.6872524,41.1636911],[-8.6872496,41.1636716],[-8.6872707,41.1636617],[-8.6872944,41.1636486],[-8.6873149,41.1636336],[-8.6873304,41.1636142],[-8.6873125,41.1636021],[-8.6873005,41.1636182],[-8.6872807,41.1636315],[-8.6872559,41.1636218],[-8.6872421,41.1636387],[-8.6872313,41.1636585],[-8.6872053,41.1636586],[-8.6871892,41.1636418],[-8.6871751,41.1636216],[-8.6871826,41.1635982],[-8.687184,41.1635802],[-8.6871812,41.1635591],[-8.6871777,41.1635349],[-8.6871812,41.1635129],[-8.6871797,41.1634941],[-8.6871841,41.1634736],[-8.6872091,41.1634645],[-8.6872007,41.1634853],[-8.6872115,41.1635038],[-8.6872313,41.1634902],[-8.6872539,41.1634741],[-8.6872712,41.1634552],[-8.6872934,41.1634443],[-8.6873045,41.1634271],[-8.6873067,41.1634037],[-8.6873041,41.1633827],[-8.6872829,41.1633689],[-8.6872737,41.1633499],[-8.6872453,41.1633463],[-8.6872135,41.1633477],[-8.6871948,41.1633612],[-8.6871859,41.1633784],[-8.6871611,41.1633842],[-8.687137,41.1633883],[-8.6871209,41.1634027],[-8.6870964,41.1633935],[-8.6870605,41.163421],[-8.6870639,41.1633979],[-8.687046,41.1633842],[-8.6870297,41.1633668],[-8.6870053,41.1633506],[-8.686988,41.1633681],[-8.6869638,41.1633671],[-8.686942,41.163376],[-8.6869234,41.1633614],[-8.6868981,41.1633464],[-8.6869045,41.1633264],[-8.6869166,41.1633063],[-8.6869207,41.163288],[-8.686904,41.1632712],[-8.6868743,41.1632806],[-8.6868507,41.1632923],[-8.6868222,41.1632992],[-8.6867908,41.1632965],[-8.6867705,41.1632811],[-8.6867643,41.1632589],[-8.6867621,41.1632381],[-8.6867662,41.1631824],[-8.6868363,41.1631581],[-8.6868323,41.1631537],[-8.6867587,41.1631751],[-8.6867516,41.1631633],[-8.6867303,41.1631502],[-8.6867091,41.1631596],[-8.6866975,41.1631791],[-8.6866829,41.1631943],[-8.6866586,41.1632006],[-8.6866362,41.1631909],[-8.6866189,41.1631772],[-8.6866095,41.16316],[-8.6866044,41.1631393],[-8.6866089,41.1631202],[-8.686637,41.1631121],[-8.68667,41.1631117],[-8.6866944,41.1630949],[-8.6867097,41.1630777],[-8.6867222,41.1630602],[-8.6867508,41.1630564],[-8.6867638,41.1630392],[-8.6867718,41.1630206],[-8.6867833,41.1630036],[-8.6867568,41.162995],[-8.6867675,41.1629731],[-8.6867482,41.1629602],[-8.6867207,41.1629493],[-8.6866968,41.1629593],[-8.6866712,41.1629693],[-8.6866411,41.1629745],[-8.6866113,41.1629673],[-8.6866144,41.1629479],[-8.6866146,41.1629259],[-8.6865912,41.1629378],[-8.6865617,41.1629419],[-8.6865427,41.1629575],[-8.6865303,41.1629781],[-8.6865206,41.1629976],[-8.6865037,41.1630137],[-8.6864804,41.163027],[-8.6864626,41.1630465],[-8.6864413,41.1630641],[-8.6864196,41.1630554],[-8.6864156,41.1630374],[-8.686394,41.1630207],[-8.686376,41.1630078],[-8.6863606,41.1629941],[-8.6863458,41.162972],[-8.6863385,41.1629545],[-8.6863332,41.1629352],[-8.6863292,41.1629124],[-8.6863164,41.16289],[-8.6862897,41.1628791],[-8.6862635,41.1628657],[-8.6862528,41.1628491],[-8.6862537,41.1628278],[-8.6862521,41.1628092],[-8.6862459,41.1627896],[-8.6862383,41.1627721],[-8.6862282,41.1627519],[-8.6862157,41.1627351],[-8.686207,41.1627174],[-8.6861968,41.1626803],[-8.6861946,41.1626607],[-8.6861941,41.1626412],[-8.686192,41.1626227],[-8.6861861,41.1626025],[-8.6861778,41.1625786],[-8.6861768,41.1625583],[-8.6861691,41.1625409],[-8.6861603,41.1625216],[-8.6861509,41.1625019],[-8.6861399,41.1624839],[-8.6861278,41.1624654],[-8.6861119,41.1624453],[-8.6860953,41.1624009],[-8.6860916,41.1623772],[-8.6860918,41.1623541],[-8.686094,41.1623322],[-8.6861007,41.1623126],[-8.6861088,41.1622939],[-8.6860912,41.1621559],[-8.6860929,41.1621316],[-8.6860949,41.1621114],[-8.6860977,41.1620928],[-8.6861041,41.1620753],[-8.6861093,41.1620548],[-8.686099,41.1620343],[-8.6860907,41.162016],[-8.6860892,41.1619955],[-8.6861372,41.161966],[-8.6861494,41.1619465],[-8.6861604,41.1619293],[-8.6861731,41.1619115],[-8.686186,41.161892],[-8.686194,41.1618737],[-8.6862022,41.1618559],[-8.6862116,41.1618387],[-8.6862205,41.161819],[-8.6862221,41.1617981],[-8.6862226,41.161776],[-8.6862228,41.1617503],[-8.6862246,41.1617309],[-8.6862298,41.1617087],[-8.6862372,41.1616869],[-8.686237,41.1616627],[-8.6862378,41.1616402],[-8.6862416,41.1616208],[-8.686248,41.1615966],[-8.6862517,41.1615786],[-8.686257,41.1615318],[-8.6862592,41.1615079],[-8.6862646,41.1614857],[-8.6862648,41.161462],[-8.6862527,41.1614401],[-8.6862403,41.1614238],[-8.6862289,41.1614061],[-8.6862203,41.1613862],[-8.6862099,41.1613699],[-8.6861995,41.1613487],[-8.6861928,41.1613298],[-8.6861844,41.161307],[-8.6861788,41.1612882],[-8.686182,41.1612665],[-8.6861864,41.1612482],[-8.6861934,41.1612251],[-8.686198,41.1612043],[-8.6862008,41.1611812],[-8.6862038,41.1611586],[-8.6862061,41.1611153],[-8.686205,41.1610956],[-8.6861984,41.1610563],[-8.6862062,41.1610388],[-8.6862067,41.1610196],[-8.6862321,41.1610237],[-8.6862631,41.1610267],[-8.6862486,41.1610118],[-8.6862316,41.1609903],[-8.6862136,41.1609701],[-8.6861869,41.1609596],[-8.6861896,41.1609795],[-8.6861686,41.1609703],[-8.6861528,41.1609535],[-8.6861378,41.1609316],[-8.6861336,41.1609134],[-8.6861481,41.1608947],[-8.686161,41.1608752],[-8.6861673,41.1608552],[-8.6861631,41.1608339],[-8.6861616,41.1608153],[-8.6861567,41.1607712],[-8.686157,41.1607526],[-8.6861602,41.1607284],[-8.6861609,41.1607081],[-8.6861411,41.1606607],[-8.6861314,41.1606385],[-8.6861285,41.160614],[-8.6861326,41.1605915],[-8.6861456,41.1605697],[-8.6861629,41.1605475],[-8.6861671,41.1605232],[-8.6861703,41.1605007],[-8.6861698,41.1604819],[-8.6861712,41.160459],[-8.686199,41.16046],[-8.6862251,41.1604459],[-8.686251,41.1604431],[-8.6862809,41.1604467],[-8.686296,41.16043],[-8.6863137,41.1604145],[-8.6863063,41.1603942],[-8.6862813,41.1604048],[-8.6862606,41.1604223],[-8.6862357,41.1604213],[-8.6862106,41.1604217],[-8.6861976,41.1604055],[-8.6861944,41.1603821],[-8.6862052,41.1603592],[-8.6862122,41.1603347],[-8.6862393,41.1603265],[-8.6862202,41.1603144],[-8.6862337,41.1602938],[-8.6862368,41.1602745],[-8.6862433,41.1602558],[-8.686254,41.1602392],[-8.6862801,41.1602348],[-8.6863047,41.1602375],[-8.6863333,41.1602453],[-8.6863485,41.1602598],[-8.6863692,41.1602448],[-8.6863632,41.1602226],[-8.6863866,41.1602284],[-8.6864011,41.1602114],[-8.6863876,41.1601935],[-8.6863587,41.1601928],[-8.686328,41.160191],[-8.6863007,41.1601885],[-8.6862934,41.1601692],[-8.6863148,41.1601786],[-8.6863402,41.1601754],[-8.6863711,41.1601809],[-8.6863979,41.1601785],[-8.686425,41.1601703],[-8.6864504,41.160174],[-8.6864775,41.160168],[-8.686488,41.1601483],[-8.6864686,41.1601321],[-8.6864404,41.1601198],[-8.6864158,41.1601076],[-8.6863866,41.1601015],[-8.6863636,41.1600898],[-8.6863427,41.1600795],[-8.686316,41.16009],[-8.6862922,41.1600949],[-8.6862712,41.1600807],[-8.6862695,41.1600573],[-8.6862894,41.1600432],[-8.6862929,41.1600234],[-8.6862974,41.1600003],[-8.6863048,41.1599795],[-8.6863092,41.1599558],[-8.6863084,41.1599365],[-8.6862951,41.1599154],[-8.686276,41.1599011],[-8.6862544,41.1598888],[-8.6862285,41.1598831],[-8.6862034,41.1598815],[-8.6861756,41.1598709],[-8.6859511,41.1592522],[-8.6859335,41.1592388],[-8.6859132,41.159229],[-8.6858838,41.1592213],[-8.6858618,41.1592115],[-8.6858399,41.1591976],[-8.6858156,41.1591856],[-8.6857931,41.1591753],[-8.6857697,41.1591678],[-8.6857456,41.1591694],[-8.6857154,41.1591639],[-8.6856913,41.1591562],[-8.6856695,41.1591475],[-8.6856291,41.159124],[-8.6856037,41.1591152],[-8.685577,41.159113],[-8.685547,41.1591104],[-8.6855189,41.1591021],[-8.6854958,41.1590887],[-8.6854757,41.1590753],[-8.6854562,41.1590638],[-8.6854102,41.1590395],[-8.685382,41.1590282],[-8.6853579,41.1590215],[-8.6853362,41.1590118],[-8.6853147,41.1590026],[-8.6852917,41.158996],[-8.6852638,41.158987],[-8.6852158,41.1589704],[-8.6852027,41.158955],[-8.6852026,41.1589367],[-8.685211,41.1589187],[-8.6852202,41.1588992],[-8.6852335,41.1588786],[-8.6852393,41.1588595],[-8.685255,41.1588419],[-8.6852671,41.1588261],[-8.6852854,41.1588078],[-8.6852994,41.158793],[-8.685309,41.1587716],[-8.6853088,41.1587527],[-8.6852929,41.1587342],[-8.6852812,41.1587146],[-8.685275,41.1586922],[-8.685263,41.1586703],[-8.6852389,41.1586549],[-8.6852105,41.1586486],[-8.6852141,41.1586303],[-8.685229,41.1586152],[-8.6852335,41.1585932],[-8.6852412,41.1585733],[-8.685255,41.1585575],[-8.6852555,41.1585335],[-8.6852338,41.1585244],[-8.6852096,41.1585132],[-8.6851812,41.1585263],[-8.6851561,41.1585188],[-8.6851599,41.1585005],[-8.6851758,41.1584849],[-8.6851887,41.1584675],[-8.6851995,41.1584448],[-8.6852098,41.1584277],[-8.6852289,41.1584152],[-8.6852408,41.1583985],[-8.6852154,41.158386],[-8.6851877,41.1583726],[-8.6851578,41.1583744],[-8.6851336,41.158374],[-8.6851111,41.1583676],[-8.6851115,41.1583459],[-8.6851127,41.1583254],[-8.6850898,41.1583107],[-8.6850582,41.1583116],[-8.6850356,41.1582949],[-8.6850269,41.1582893],[-8.6850405,41.1582897],[-8.6850592,41.1582764],[-8.6851044,41.1582323],[-8.6851399,41.158202],[-8.6851828,41.1581605],[-8.6852212,41.1581257],[-8.6852471,41.1580997],[-8.685259,41.1580861],[-8.6852579,41.1580746],[-8.6852736,41.1580542],[-8.6853064,41.158017],[-8.6853725,41.1579427],[-8.6854132,41.1578935],[-8.6854656,41.1578361],[-8.6855017,41.157794],[-8.6855466,41.1577445],[-8.6855626,41.1577245],[-8.6855725,41.1577143],[-8.685578,41.1577053],[-8.6855826,41.1576951],[-8.6855823,41.1576848],[-8.6855796,41.1576723],[-8.6855598,41.1576592],[-8.6855476,41.1576567],[-8.6855317,41.1576568],[-8.6855182,41.1576597],[-8.6855077,41.1576662],[-8.6854918,41.1576815],[-8.6854338,41.1577417],[-8.6852988,41.1578783],[-8.6851752,41.1580027],[-8.6851725,41.1579917],[-8.6851536,41.158003],[-8.6850711,41.1580682],[-8.6849984,41.1581284],[-8.6849459,41.1581673],[-8.6848739,41.1582222],[-8.684813,41.158265],[-8.6847821,41.1582913],[-8.6847506,41.1583131],[-8.6847337,41.1583279],[-8.6847192,41.1583332],[-8.6847029,41.1583429],[-8.6846816,41.1583545],[-8.6846609,41.158369],[-8.684642,41.1583885],[-8.6846296,41.1584054],[-8.6846181,41.1584173],[-8.6846007,41.1584357],[-8.6845893,41.1584512],[-8.6845745,41.1584673],[-8.6844784,41.1585367],[-8.6844815,41.1585812],[-8.6844545,41.1585666],[-8.6844335,41.1585569],[-8.6844075,41.1585416],[-8.6843882,41.1585284],[-8.684366,41.1585125],[-8.684342,41.1584994],[-8.6843217,41.1584851],[-8.6843038,41.1584717],[-8.6842825,41.1584532],[-8.6842649,41.1584367],[-8.6842485,41.1584168],[-8.6842403,41.1583971],[-8.6842354,41.1583789],[-8.684223,41.1583621],[-8.6842035,41.1583464],[-8.6841842,41.1583341],[-8.6841651,41.1583202],[-8.6841439,41.1583003],[-8.6841278,41.1582866],[-8.6841095,41.1582686],[-8.6840924,41.1582532],[-8.6840745,41.1582378],[-8.6840562,41.1582208],[-8.6840294,41.1582037],[-8.6840093,41.1581898],[-8.6839845,41.1581752],[-8.6839569,41.1581588],[-8.6839346,41.1581378],[-8.6839131,41.1581263],[-8.6838882,41.1581174],[-8.6838664,41.1581066],[-8.6838455,41.1580966],[-8.6838173,41.1580784],[-8.6837765,41.1580378],[-8.6837547,41.1580213],[-8.6837084,41.157988],[-8.6836717,41.1579573],[-8.6836618,41.1579385],[-8.6836482,41.1579157],[-8.683635,41.157897],[-8.6836205,41.1578731],[-8.6836151,41.1578548],[-8.6835963,41.1578344],[-8.6835888,41.1578074],[-8.6835779,41.1577799],[-8.6835709,41.1577585],[-8.6835762,41.1577391],[-8.6836084,41.1577313],[-8.6836506,41.1577171],[-8.6836721,41.1577032],[-8.6836762,41.1576818],[-8.6836686,41.157663],[-8.6837089,41.1576521],[-8.6837391,41.1576514],[-8.6837674,41.1576515],[-8.6837929,41.1576502],[-8.6838174,41.1576498],[-8.6838525,41.1576506],[-8.6838769,41.1576496],[-8.6839329,41.1576482],[-8.6839633,41.1576466],[-8.6839914,41.1576404],[-8.6840151,41.1576267],[-8.6840359,41.1576134],[-8.6840574,41.157593],[-8.6840698,41.1575743],[-8.6840676,41.1575544],[-8.6840488,41.1575317],[-8.6840393,41.1575115],[-8.6840105,41.1575122],[-8.6839833,41.1575126],[-8.6839811,41.1574881],[-8.6840091,41.1574798],[-8.6840416,41.1574851],[-8.6840691,41.157488],[-8.6840942,41.1574826],[-8.6841293,41.157477],[-8.6841572,41.1574763],[-8.6841788,41.1574574],[-8.6841952,41.1574359],[-8.6842098,41.1574128],[-8.6841899,41.1573988],[-8.6841409,41.1574159],[-8.6841119,41.1574233],[-8.6840815,41.1574196],[-8.6840531,41.1574301],[-8.6840391,41.1574133],[-8.6840095,41.1574027],[-8.6839816,41.1573899],[-8.6839515,41.157396],[-8.6839308,41.1574186],[-8.6839127,41.157435],[-8.6838885,41.1574148],[-8.6838727,41.1573972],[-8.6838437,41.1574151],[-8.6838318,41.1574306],[-8.6838133,41.1574428],[-8.6837863,41.1574463],[-8.6837585,41.1574445],[-8.6837288,41.1574551],[-8.683702,41.1574588],[-8.6836735,41.1574505],[-8.6836451,41.1574535],[-8.6836202,41.1574623],[-8.6835966,41.157472],[-8.6835708,41.1574794],[-8.6835467,41.15747],[-8.6835175,41.1574729],[-8.6835203,41.1574974],[-8.6835482,41.157509],[-8.6835783,41.1575039],[-8.6836041,41.1575099],[-8.6835942,41.1575375],[-8.6835737,41.1575514],[-8.6835439,41.1575505],[-8.6835186,41.1575379],[-8.6835049,41.157518],[-8.6834766,41.1575213],[-8.6834704,41.1575389],[-8.6834802,41.1575606],[-8.6834919,41.1575771],[-8.6834844,41.1576011],[-8.683459,41.157602],[-8.6834311,41.157596],[-8.6834061,41.1576082],[-8.6833783,41.1576131],[-8.6833545,41.1576087],[-8.6833237,41.1576103],[-8.6833078,41.1575944],[-8.6832904,41.1575795],[-8.6832769,41.1575646],[-8.6832752,41.1575458],[-8.6832618,41.1575299],[-8.6832221,41.1575221],[-8.6831947,41.1575144],[-8.6831713,41.1575033],[-8.6831522,41.1574893],[-8.6831362,41.1574708],[-8.6831091,41.1574496],[-8.6831002,41.1574302],[-8.6831128,41.157371],[-8.6830871,41.1573546],[-8.6830673,41.1573367],[-8.6830407,41.1573351],[-8.68301,41.1573324],[-8.682982,41.1573255],[-8.6829574,41.1573188],[-8.6829342,41.1573052],[-8.6829126,41.1572879],[-8.6828932,41.1572738],[-8.6828753,41.1572574],[-8.6828592,41.15724],[-8.6828384,41.1572285],[-8.682814,41.1572219],[-8.6827847,41.1572136],[-8.6827815,41.1571897],[-8.682772,41.1571681],[-8.6827546,41.1571536],[-8.6827334,41.1571376],[-8.6827178,41.1571149],[-8.6827246,41.157096],[-8.6827308,41.157076],[-8.6827445,41.1570585],[-8.6827597,41.1570404],[-8.6827492,41.1570202],[-8.6827226,41.1570082],[-8.6826957,41.1569966],[-8.6826701,41.1569834],[-8.6826763,41.1569415],[-8.6826483,41.1569351],[-8.6826224,41.1569314],[-8.6825992,41.1569176],[-8.682585,41.1569031],[-8.6825529,41.1568659],[-8.6825378,41.1568499],[-8.6825205,41.1568309],[-8.6825079,41.156813],[-8.6825017,41.1567921],[-8.6824903,41.1567731],[-8.682471,41.1567599],[-8.6824443,41.1567612],[-8.6824221,41.1567717],[-8.6823946,41.1567783],[-8.6823663,41.1567762],[-8.6823341,41.156771],[-8.6823085,41.1567604],[-8.6822833,41.1567459],[-8.6822567,41.1567331],[-8.6822325,41.156727],[-8.6822076,41.1567216],[-8.682183,41.1567115],[-8.6821607,41.1566989],[-8.6821379,41.1566872],[-8.6821162,41.1566741],[-8.6820974,41.1566568],[-8.6820864,41.1566402],[-8.6820783,41.1566205],[-8.6820706,41.1566009],[-8.6820595,41.1565827],[-8.6820414,41.1565642],[-8.6820208,41.1565491],[-8.6819978,41.1565331],[-8.6819781,41.1565184],[-8.6819655,41.1565024],[-8.6819513,41.156465],[-8.6819456,41.156445],[-8.6819368,41.156426],[-8.6819218,41.1564086],[-8.6819036,41.1563904],[-8.681889,41.1563738],[-8.6818818,41.1563539],[-8.6818719,41.1563354],[-8.6818568,41.1563189],[-8.6818383,41.1563023],[-8.6818214,41.1562878],[-8.6818117,41.1562701],[-8.6818039,41.1562459],[-8.6818049,41.1562246],[-8.6817969,41.1561996],[-8.6817715,41.1561907],[-8.6817492,41.1562043],[-8.6817275,41.1562139],[-8.6816987,41.1562186],[-8.6816774,41.1562052],[-8.6816596,41.1561895],[-8.6816316,41.1561796],[-8.6816122,41.1561619],[-8.681609,41.1561433],[-8.6816009,41.1561225],[-8.6815921,41.156104],[-8.6815868,41.1560832],[-8.6815942,41.1560623],[-8.6816066,41.1560462],[-8.6815889,41.1560308],[-8.6815675,41.1560138],[-8.6815716,41.1559952],[-8.6815702,41.1559758],[-8.6815486,41.1559612],[-8.6815251,41.1559543],[-8.6815004,41.1559432],[-8.6814834,41.1559292],[-8.6814667,41.1559125],[-8.681459,41.1558925],[-8.6814527,41.1558711],[-8.6814487,41.1558529],[-8.681437,41.1558366],[-8.6814207,41.1558232],[-8.6813966,41.1558143],[-8.6813963,41.1557943],[-8.6813903,41.1557746],[-8.6813784,41.1557575],[-8.6813835,41.1557394],[-8.6814054,41.1557312],[-8.6814211,41.155716],[-8.68143,41.1556971],[-8.6814319,41.1556776],[-8.6814284,41.1556568],[-8.6814041,41.1556454],[-8.6813785,41.1556514],[-8.6813615,41.1556647],[-8.681343,41.1556808],[-8.6813197,41.1556897],[-8.6813013,41.1557033],[-8.6812776,41.1556941],[-8.681272,41.1556744],[-8.6812845,41.155655],[-8.6812914,41.1556367],[-8.6812948,41.1556153],[-8.6812851,41.1555968],[-8.6812656,41.1555808],[-8.6812382,41.1555728],[-8.6812294,41.1555705],[-8.6812223,41.1555686],[-8.6812104,41.1555659],[-8.6811824,41.1555494],[-8.6811632,41.1555473],[-8.6811422,41.1555611],[-8.6811294,41.1555795],[-8.6811073,41.1555678],[-8.6811036,41.1555489],[-8.6811118,41.1555306],[-8.6811272,41.155517],[-8.6811364,41.1554967],[-8.6811627,41.1554935],[-8.6811771,41.1555047],[-8.681198,41.1554916],[-8.6812197,41.1554755],[-8.6812434,41.1554697],[-8.6812655,41.1554632],[-8.6812594,41.1554433],[-8.6812437,41.1554261],[-8.6812149,41.1554226],[-8.6811881,41.1554314],[-8.6811623,41.155446],[-8.6811472,41.1554581],[-8.6811249,41.1554695],[-8.6811175,41.1554518],[-8.6811261,41.1554329],[-8.6811369,41.1554112],[-8.6811285,41.1553929],[-8.6811033,41.1554038],[-8.681089,41.1554193],[-8.6810746,41.1554374],[-8.6810579,41.1554543],[-8.6810481,41.1554743],[-8.6810307,41.1554899],[-8.6810264,41.1554753],[-8.6810242,41.1554702],[-8.6810014,41.1554648],[-8.6809789,41.1554577],[-8.6809923,41.1554374],[-8.6810053,41.155416],[-8.6810081,41.1553977],[-8.6810018,41.1553792],[-8.6809884,41.1553638],[-8.6809635,41.1553602],[-8.6809527,41.1553772],[-8.6809322,41.1553921],[-8.6809294,41.1553711],[-8.6809412,41.1553536],[-8.6809473,41.1553322],[-8.6809416,41.1553136],[-8.6809166,41.1553016],[-8.6808993,41.1553205],[-8.6808822,41.1553364],[-8.6808618,41.1553509],[-8.6808421,41.1553613],[-8.6808237,41.1553494],[-8.6808322,41.1553265],[-8.6808164,41.1553097],[-8.68079,41.1553152],[-8.6808001,41.155298],[-8.6807788,41.1552863],[-8.6807508,41.1552847],[-8.6807491,41.1552636],[-8.6807465,41.1552428],[-8.6807647,41.1552303],[-8.6807577,41.1552098],[-8.6807558,41.155191],[-8.6807813,41.1551824],[-8.6807872,41.1551639],[-8.6807768,41.1551428],[-8.680775,41.1551237],[-8.6803508,41.1548482],[-8.6802843,41.1547324],[-8.6801558,41.1544329],[-8.6798731,41.1538759],[-8.6795909,41.1535612],[-8.6793193,41.1534064],[-8.6790321,41.1530965],[-8.6788416,41.152843],[-8.6786538,41.1526365],[-8.6785134,41.1525846],[-8.6784303,41.1524482],[-8.678324,41.152285],[-8.6782445,41.1521635],[-8.678038,41.1518941],[-8.6779783,41.1517824],[-8.6779236,41.151642],[-8.6778685,41.1514089],[-8.6778057,41.1512135],[-8.6777183,41.151127],[-8.6776779,41.1510875],[-8.6775449,41.1510029],[-8.6773558,41.1508814],[-8.6771988,41.1507738],[-8.6769628,41.1505813],[-8.6767876,41.1504299],[-8.676586,41.1502285],[-8.676433,41.1500562],[-8.6763429,41.149885],[-8.676315,41.1497425],[-8.6762057,41.1494979],[-8.6761134,41.1493756],[-8.6760807,41.1493412],[-8.6758448,41.149003],[-8.6755892,41.1486592],[-8.6753809,41.1483919],[-8.6749835,41.1478008],[-8.6751167,41.1477014],[-8.675319,41.1476164],[-8.6755447,41.1475182],[-8.6758901,41.1473743],[-8.6762161,41.1472419],[-8.6767108,41.147031],[-8.6771974,41.1468258],[-8.6774375,41.1467835],[-8.6773431,41.1466686],[-8.6772136,41.1467666],[-8.6770495,41.1468341],[-8.6765544,41.147048],[-8.6761381,41.1472216],[-8.6757888,41.1473708],[-8.6748982,41.1477242],[-8.6748527,41.1476926],[-8.6746395,41.1473384],[-8.6762105,41.1468964],[-8.676484,41.1468015],[-8.6775133,41.1461146],[-8.6776111,41.1461676],[-8.6787289,41.1454869],[-8.6792744,41.1451299],[-8.679052,41.1449839],[-8.6766058,41.1465602],[-8.6764902,41.1464872],[-8.6761241,41.1466624],[-8.6753526,41.1468591],[-8.6746307,41.1470586],[-8.6707481,41.1434744],[-8.6674821,41.14349],[-8.6649544,41.143147],[-8.6629507,41.1429014],[-8.6619882,41.1428347],[-8.6614742,41.1428089],[-8.6614597,41.1428081],[-8.6610299,41.1428056],[-8.660294,41.1429247],[-8.6618582,41.1468553],[-8.6615106,41.1473299],[-8.6614206,41.1474524],[-8.6613813,41.1475463],[-8.661305,41.1476712],[-8.6612667,41.1478864],[-8.6612707,41.1481433],[-8.6612717,41.1481958],[-8.66127,41.1483484],[-8.6612782,41.14854],[-8.6612779,41.1486505],[-8.6612935,41.1488232],[-8.6612944,41.1489546],[-8.6612818,41.1490377],[-8.6611748,41.1492479],[-8.6611163,41.1493826],[-8.6610673,41.1495041],[-8.661134,41.149577],[-8.6612724,41.1495918],[-8.6613733,41.149611],[-8.661376,41.1496313],[-8.6614143,41.1499578],[-8.6617475,41.1500247],[-8.6624048,41.1501085],[-8.6623971,41.1502118],[-8.6623698,41.1504156],[-8.6623867,41.1506609],[-8.6624407,41.1509123],[-8.6625097,41.1511353],[-8.6625132,41.1511781],[-8.6625159,41.1512163],[-8.6625587,41.151396],[-8.6625801,41.1515998],[-8.6625686,41.1517915],[-8.6625171,41.1520605],[-8.6624571,41.1522524],[-8.6623862,41.1524393],[-8.6622691,41.1525934],[-8.6621066,41.1527337],[-8.6617572,41.1528265],[-8.661438,41.1528884],[-8.6619002,41.1535658],[-8.6623315,41.154195],[-8.6625078,41.1544868],[-8.6625326,41.1546037],[-8.6627582,41.1547276],[-8.6629675,41.1548429],[-8.6632225,41.1551639],[-8.6637466,41.1559571],[-8.6639292,41.1561895],[-8.6641641,41.1564878],[-8.6642526,41.1566782],[-8.6644752,41.156756],[-8.6646148,41.1568177],[-8.6646942,41.1569393],[-8.664691,41.1570279],[-8.6647216,41.1570539],[-8.664765,41.1570737],[-8.6647143,41.1572875],[-8.6647335,41.1574979],[-8.6647918,41.1576982],[-8.6651321,41.1581466],[-8.6657074,41.1590223],[-8.6658246,41.1591878],[-8.666081,41.1595487],[-8.6644004,41.1602129],[-8.6646027,41.1604903],[-8.6648166,41.1607915],[-8.66517,41.1612765],[-8.6653058,41.1615287],[-8.664624,41.1618438],[-8.6646125,41.1618493],[-8.6640465,41.1621468],[-8.6636315,41.1623628],[-8.6634869,41.162467],[-8.663369,41.1626564],[-8.663255,41.1630317],[-8.6631582,41.1632635],[-8.6631342,41.1633328],[-8.6630179,41.1635516],[-8.6629987,41.1635721]]]}},{"type":"Feature","properties":{"nome":"União das freguesias de Cedofeita, Santo Ildefonso, Sé, Miragaia, São Nicolau e Vitória","municipio":"Porto","municipio_short":"PRT","dicofre":"131217","area_km2":5.43,"area_ha":543.33,"populacao":38000,"populacao_fonte":"ine_2021","densidade":6998,"num_escolas":3,"num_parques":1,"area_verde_m2":494000,"comboios_ativos":0,"camara_nome":"Câmara Municipal do Porto","camara_email":"geral@cm-porto.pt","camara_url":"https://www.cm-porto.pt","escudo_url":null,"cor_principal":"#2E4F8C","centroide":[-8.617628356078434,41.153820022352946],"_todo":["Add real num_escolas (Censo + DGEEC)","Add real area_verde_m2 (Câmara dataset)","Add real comboios_ativos (Bicis Sapiens registry)","Add escudo_url (Wikimedia Commons SVG)","Verify cor_principal against actual heraldic blazon"]},"geometry":{"type":"Polygon","coordinates":[[[-8.6359384,41.159759],[-8.6358662,41.1595828],[-8.6357096,41.1591837],[-8.6356466,41.1590027],[-8.6332708,41.1586083],[-8.632197,41.1584349],[-8.6303593,41.1581196],[-8.6303509,41.1578103],[-8.6303186,41.1576326],[-8.6302741,41.1574829],[-8.6301425,41.1573053],[-8.6300613,41.1572305],[-8.6299057,41.1571282],[-8.6297127,41.1570354],[-8.6294515,41.1569428],[-8.6292531,41.1569296],[-8.6290784,41.1569337],[-8.6289309,41.156945],[-8.6287886,41.1569786],[-8.62859,41.1570574],[-8.6275019,41.1556876],[-8.6269804,41.1549895],[-8.6267923,41.1545035],[-8.6267418,41.1544196],[-8.6265601,41.1543689],[-8.6260139,41.154051],[-8.6254547,41.1537378],[-8.624983,41.1534584],[-8.6244829,41.1531785],[-8.6245329,41.153082],[-8.6245716,41.152851],[-8.6245514,41.1527703],[-8.6240614,41.1529002],[-8.622937,41.1527843],[-8.6216504,41.1526759],[-8.6209109,41.1526224],[-8.6207581,41.1525921],[-8.6207715,41.1525133],[-8.6207874,41.1524695],[-8.6208033,41.1524326],[-8.6212871,41.151699],[-8.6213575,41.1516196],[-8.6216816,41.1514483],[-8.6225045,41.1510216],[-8.623143,41.1506834],[-8.6231418,41.1506759],[-8.6230624,41.1502151],[-8.6229185,41.149355],[-8.6226757,41.1477718],[-8.6241565,41.1481718],[-8.6241843,41.1481796],[-8.6244661,41.14771],[-8.6246416,41.1474179],[-8.6247132,41.1472933],[-8.6247667,41.1471184],[-8.6247864,41.1469565],[-8.6247856,41.1468518],[-8.6247113,41.1464646],[-8.6245978,41.1458936],[-8.624567,41.1457097],[-8.6245247,41.1456716],[-8.6244451,41.1456719],[-8.6240001,41.1457026],[-8.6239454,41.1456963],[-8.6239198,41.1456363],[-8.6239319,41.1455678],[-8.6243995,41.1455326],[-8.6243707,41.1454376],[-8.6242584,41.1454133],[-8.6241462,41.145361],[-8.6240615,41.145287],[-8.6239861,41.1451782],[-8.6239202,41.1451175],[-8.6235402,41.1448844],[-8.623509,41.1448468],[-8.6235539,41.1447526],[-8.6236192,41.1446801],[-8.6238114,41.1447932],[-8.6238978,41.1446918],[-8.6234896,41.1443475],[-8.6235405,41.1442837],[-8.6235451,41.1442766],[-8.6237659,41.1439878],[-8.6236238,41.1438944],[-8.6233571,41.1437209],[-8.6225212,41.1431926],[-8.6215979,41.1425398],[-8.6214014,41.1424819],[-8.6203714,41.1418183],[-8.6199983,41.1415821],[-8.6198231,41.1414807],[-8.6196351,41.1413838],[-8.6194551,41.1412904],[-8.6191723,41.1411472],[-8.618859,41.1410059],[-8.6187098,41.140949],[-8.6195272,41.1397954],[-8.6181223,41.1394193],[-8.6175699,41.1393059],[-8.6160899,41.1390018],[-8.6156035,41.138902],[-8.6128777,41.1391957],[-8.6120579,41.1392837],[-8.6105809,41.1396025],[-8.6104249,41.1396361],[-8.609553,41.1398453],[-8.6059152,41.1407271],[-8.6039354,41.140944],[-8.604079,41.1417622],[-8.6040526,41.1418151],[-8.6038987,41.1418602],[-8.6036795,41.14195],[-8.6034147,41.1420601],[-8.6031534,41.1421416],[-8.6024136,41.1425009],[-8.6020802,41.1426457],[-8.6019025,41.1426833],[-8.6019265,41.14276],[-8.601923,41.1428388],[-8.6019589,41.143034],[-8.6019208,41.1432052],[-8.6018871,41.143265],[-8.6018187,41.1433533],[-8.6017309,41.1434546],[-8.6015268,41.1435795],[-8.6013503,41.1436439],[-8.6012268,41.1436874],[-8.601284,41.143737],[-8.6013167,41.1437746],[-8.6013385,41.1438153],[-8.6013519,41.1438673],[-8.6014035,41.1441363],[-8.6014458,41.1443239],[-8.6014642,41.1444268],[-8.6013618,41.1446571],[-8.6014307,41.1449193],[-8.6014665,41.1451116],[-8.6014585,41.1451902],[-8.6014489,41.1453664],[-8.6016864,41.1455655],[-8.6017753,41.145663],[-8.6018624,41.145666],[-8.6019354,41.146413],[-8.6019708,41.1470187],[-8.6019848,41.1471329],[-8.6019825,41.1472815],[-8.6020218,41.1477906],[-8.602049,41.1483132],[-8.6021046,41.1489745],[-8.6021562,41.1496268],[-8.6022412,41.1509883],[-8.6036892,41.1509464],[-8.6042635,41.1509353],[-8.6042761,41.1510416],[-8.6043053,41.1513043],[-8.604294,41.1513663],[-8.6037375,41.1527624],[-8.6035341,41.1532683],[-8.6030454,41.1545568],[-8.6031373,41.1545985],[-8.6036688,41.1546583],[-8.6044981,41.1547615],[-8.6046938,41.1548021],[-8.6046208,41.1566184],[-8.604539,41.1587423],[-8.604504,41.1594545],[-8.6044686,41.1601817],[-8.6044382,41.1603271],[-8.6043916,41.160446],[-8.6039026,41.1614987],[-8.6038857,41.1615536],[-8.6038973,41.1616123],[-8.6039145,41.1616798],[-8.6039486,41.1617429],[-8.6040048,41.161806],[-8.604123,41.1618221],[-8.6052488,41.1619613],[-8.6068545,41.1621629],[-8.6068975,41.1621472],[-8.6092331,41.1624597],[-8.6089356,41.1631813],[-8.6092186,41.1634162],[-8.6093718,41.1635444],[-8.6095649,41.1637828],[-8.6095305,41.1644855],[-8.6109892,41.1645454],[-8.611157,41.1646505],[-8.6112778,41.1647755],[-8.6114452,41.1649425],[-8.6115626,41.1650707],[-8.612377,41.164774],[-8.6124548,41.1647815],[-8.6124594,41.1647326],[-8.6137422,41.1648099],[-8.6137667,41.1647296],[-8.6148849,41.1648442],[-8.6160402,41.164951],[-8.6172112,41.1650649],[-8.6182077,41.1651654],[-8.6182769,41.165158],[-8.6199048,41.1648613],[-8.6193284,41.1657722],[-8.61982,41.1657921],[-8.6202889,41.1658193],[-8.6204193,41.1658233],[-8.6205413,41.16586],[-8.6208213,41.1661953],[-8.6209275,41.1663443],[-8.6210847,41.1666883],[-8.6212779,41.167121],[-8.6214233,41.1674538],[-8.6218102,41.1674904],[-8.6220962,41.1674892],[-8.6226338,41.1674543],[-8.6227936,41.1674545],[-8.6230295,41.1675202],[-8.6231556,41.1675162],[-8.6234871,41.1674614],[-8.6239781,41.1673414],[-8.6243306,41.1672571],[-8.6247249,41.167157],[-8.6247749,41.1671446],[-8.625093,41.1670676],[-8.6251871,41.1670348],[-8.6254615,41.166958],[-8.6256709,41.1669031],[-8.6258477,41.1668685],[-8.6264359,41.1667245],[-8.6265092,41.1666293],[-8.6267154,41.1665784],[-8.6272894,41.1664048],[-8.627675,41.1662841],[-8.6278196,41.1662401],[-8.6283732,41.166071],[-8.628818,41.1659112],[-8.6296103,41.1655614],[-8.6305676,41.1651315],[-8.631618,41.1646714],[-8.6317452,41.1646036],[-8.6321825,41.1643189],[-8.6323275,41.1642758],[-8.6333601,41.1638113],[-8.6329129,41.1635597],[-8.6322958,41.1632192],[-8.6317053,41.1628897],[-8.6313417,41.1626828],[-8.6312493,41.1626308],[-8.6324678,41.1620504],[-8.6325094,41.1620055],[-8.6331556,41.1613996],[-8.6329447,41.1608036],[-8.6328138,41.1605683],[-8.6340461,41.1604844],[-8.634221,41.1604907],[-8.6348259,41.1602171],[-8.6359384,41.159759]]]}},{"type":"Feature","properties":{"nome":"União das freguesias de Lordelo do Ouro e Massarelos","municipio":"Porto","municipio_short":"PRT","dicofre":"131218","area_km2":5.59,"area_ha":558.69,"populacao":22250,"populacao_fonte":"ine_2021","densidade":3980,"num_escolas":3,"num_parques":1,"area_verde_m2":155750,"comboios_ativos":1,"camara_nome":"Câmara Municipal do Porto","camara_email":"geral@cm-porto.pt","camara_url":"https://www.cm-porto.pt","escudo_url":null,"cor_principal":"#A88838","centroide":[-8.643375123636362,41.15361765709092],"_todo":["Add real num_escolas (Censo + DGEEC)","Add real area_verde_m2 (Câmara dataset)","Add real comboios_ativos (Bicis Sapiens registry)","Add escudo_url (Wikimedia Commons SVG)","Verify cor_principal against actual heraldic blazon"]},"geometry":{"type":"Polygon","coordinates":[[[-8.6332074,41.1454752],[-8.6314634,41.1446705],[-8.6312669,41.1446078],[-8.6303602,41.1443173],[-8.6298132,41.1441424],[-8.6281601,41.1438094],[-8.6256548,41.1436133],[-8.624972,41.1433335],[-8.6234545,41.1427111],[-8.6214149,41.1411959],[-8.6197046,41.1398427],[-8.6195272,41.1397954],[-8.6187098,41.140949],[-8.618859,41.1410059],[-8.6191723,41.1411472],[-8.6194551,41.1412904],[-8.6196351,41.1413838],[-8.6198231,41.1414807],[-8.6199983,41.1415821],[-8.6203714,41.1418183],[-8.6214014,41.1424819],[-8.6215979,41.1425398],[-8.6225212,41.1431926],[-8.6233571,41.1437209],[-8.6236238,41.1438944],[-8.6237659,41.1439878],[-8.6235451,41.1442766],[-8.6235405,41.1442837],[-8.6234896,41.1443475],[-8.6238978,41.1446918],[-8.6238114,41.1447932],[-8.6236192,41.1446801],[-8.6235539,41.1447526],[-8.623509,41.1448468],[-8.6235402,41.1448844],[-8.6239202,41.1451175],[-8.6239861,41.1451782],[-8.6240615,41.145287],[-8.6241462,41.145361],[-8.6242584,41.1454133],[-8.6243707,41.1454376],[-8.6243995,41.1455326],[-8.6239319,41.1455678],[-8.6239198,41.1456363],[-8.6239454,41.1456963],[-8.6240001,41.1457026],[-8.6244451,41.1456719],[-8.6245247,41.1456716],[-8.624567,41.1457097],[-8.6245978,41.1458936],[-8.6247113,41.1464646],[-8.6247856,41.1468518],[-8.6247864,41.1469565],[-8.6247667,41.1471184],[-8.6247132,41.1472933],[-8.6246416,41.1474179],[-8.6244661,41.14771],[-8.6241843,41.1481796],[-8.6241565,41.1481718],[-8.6226757,41.1477718],[-8.6229185,41.149355],[-8.6230624,41.1502151],[-8.6231418,41.1506759],[-8.623143,41.1506834],[-8.6225045,41.1510216],[-8.6216816,41.1514483],[-8.6213575,41.1516196],[-8.6212871,41.151699],[-8.6208033,41.1524326],[-8.6207874,41.1524695],[-8.6207715,41.1525133],[-8.6207581,41.1525921],[-8.6209109,41.1526224],[-8.6216504,41.1526759],[-8.622937,41.1527843],[-8.6240614,41.1529002],[-8.6245514,41.1527703],[-8.6245716,41.152851],[-8.6245329,41.153082],[-8.6244829,41.1531785],[-8.624983,41.1534584],[-8.6254547,41.1537378],[-8.6260139,41.154051],[-8.6265601,41.1543689],[-8.6267418,41.1544196],[-8.6267923,41.1545035],[-8.6269804,41.1549895],[-8.6275019,41.1556876],[-8.62859,41.1570574],[-8.6287886,41.1569786],[-8.6289309,41.156945],[-8.6290784,41.1569337],[-8.6292531,41.1569296],[-8.6294515,41.1569428],[-8.6297127,41.1570354],[-8.6299057,41.1571282],[-8.6300613,41.1572305],[-8.6301425,41.1573053],[-8.6302741,41.1574829],[-8.6303186,41.1576326],[-8.6303509,41.1578103],[-8.6303593,41.1581196],[-8.632197,41.1584349],[-8.6332708,41.1586083],[-8.6356466,41.1590027],[-8.6357096,41.1591837],[-8.6358662,41.1595828],[-8.6359384,41.159759],[-8.6360442,41.1600081],[-8.6360849,41.160128],[-8.6361563,41.1602645],[-8.6362491,41.1603983],[-8.6365361,41.1606745],[-8.6369359,41.1610352],[-8.6371167,41.1611981],[-8.6374146,41.1614706],[-8.6377473,41.1617574],[-8.6377533,41.1617625],[-8.6380438,41.1620268],[-8.6383864,41.162316],[-8.638613,41.162452],[-8.6390186,41.1627437],[-8.6393358,41.1625324],[-8.639884,41.1620044],[-8.6404491,41.161458],[-8.640969,41.160956],[-8.6416959,41.1602986],[-8.6419723,41.1600492],[-8.642215,41.1600898],[-8.6428408,41.160195],[-8.6431309,41.1602425],[-8.6434198,41.1602918],[-8.6437203,41.1603427],[-8.6438639,41.1603646],[-8.6438953,41.1603699],[-8.6448925,41.1605393],[-8.6465935,41.1608249],[-8.6469606,41.1608869],[-8.6472258,41.1609326],[-8.6473052,41.1609444],[-8.6477388,41.1610176],[-8.6482921,41.1611094],[-8.648813,41.1611973],[-8.6492828,41.1612774],[-8.6492896,41.1612788],[-8.6494661,41.1613087],[-8.6498148,41.1613664],[-8.650226,41.1614341],[-8.6504444,41.1614708],[-8.6509033,41.1615486],[-8.651279,41.161612],[-8.6515867,41.1616652],[-8.6523138,41.1617838],[-8.652502,41.1618158],[-8.6530673,41.16191],[-8.6533796,41.1619604],[-8.6536984,41.1620152],[-8.6539764,41.1620617],[-8.6544785,41.1621464],[-8.6548668,41.1622102],[-8.6551552,41.1622593],[-8.6554926,41.1623144],[-8.6559241,41.1623875],[-8.6564598,41.1624768],[-8.6564899,41.1624814],[-8.6569566,41.1625564],[-8.657276,41.1626112],[-8.6575352,41.1626539],[-8.6579418,41.1627212],[-8.6585197,41.1628154],[-8.6585386,41.1628187],[-8.659274,41.1629431],[-8.6597596,41.1630245],[-8.6600432,41.1630732],[-8.6601764,41.1630966],[-8.6611226,41.1632548],[-8.6618985,41.1633837],[-8.6628504,41.1635479],[-8.6629987,41.1635721],[-8.6630179,41.1635516],[-8.6631342,41.1633328],[-8.6631582,41.1632635],[-8.663255,41.1630317],[-8.663369,41.1626564],[-8.6634869,41.162467],[-8.6636315,41.1623628],[-8.6640465,41.1621468],[-8.6646125,41.1618493],[-8.664624,41.1618438],[-8.6653058,41.1615287],[-8.66517,41.1612765],[-8.6648166,41.1607915],[-8.6646027,41.1604903],[-8.6644004,41.1602129],[-8.666081,41.1595487],[-8.6658246,41.1591878],[-8.6657074,41.1590223],[-8.6651321,41.1581466],[-8.6647918,41.1576982],[-8.6647335,41.1574979],[-8.6647143,41.1572875],[-8.664765,41.1570737],[-8.6647216,41.1570539],[-8.664691,41.1570279],[-8.6646942,41.1569393],[-8.6646148,41.1568177],[-8.6644752,41.156756],[-8.6642526,41.1566782],[-8.6641641,41.1564878],[-8.6639292,41.1561895],[-8.6637466,41.1559571],[-8.6632225,41.1551639],[-8.6629675,41.1548429],[-8.6627582,41.1547276],[-8.6625326,41.1546037],[-8.6625078,41.1544868],[-8.6623315,41.154195],[-8.6619002,41.1535658],[-8.661438,41.1528884],[-8.6617572,41.1528265],[-8.6621066,41.1527337],[-8.6622691,41.1525934],[-8.6623862,41.1524393],[-8.6624571,41.1522524],[-8.6625171,41.1520605],[-8.6625686,41.1517915],[-8.6625801,41.1515998],[-8.6625587,41.151396],[-8.6625159,41.1512163],[-8.6625132,41.1511781],[-8.6625097,41.1511353],[-8.6624407,41.1509123],[-8.6623867,41.1506609],[-8.6623698,41.1504156],[-8.6623971,41.1502118],[-8.6624048,41.1501085],[-8.6617475,41.1500247],[-8.6614143,41.1499578],[-8.661376,41.1496313],[-8.6613733,41.149611],[-8.6612724,41.1495918],[-8.661134,41.149577],[-8.6610673,41.1495041],[-8.6611163,41.1493826],[-8.6611748,41.1492479],[-8.6612818,41.1490377],[-8.6612944,41.1489546],[-8.6612935,41.1488232],[-8.6612779,41.1486505],[-8.6612782,41.14854],[-8.66127,41.1483484],[-8.6612717,41.1481958],[-8.6612707,41.1481433],[-8.6612667,41.1478864],[-8.661305,41.1476712],[-8.6613813,41.1475463],[-8.6614206,41.1474524],[-8.6615106,41.1473299],[-8.6618582,41.1468553],[-8.660294,41.1429247],[-8.6571441,41.143434],[-8.6520367,41.1448123],[-8.6520036,41.1448211],[-8.6510571,41.1450767],[-8.6501799,41.1454124],[-8.6492802,41.1457569],[-8.6479869,41.1462518],[-8.6454999,41.1465746],[-8.6446325,41.1466874],[-8.6409824,41.1472872],[-8.6404769,41.1473349],[-8.639072,41.1474684],[-8.636727,41.1471565],[-8.6353474,41.146463],[-8.634864,41.14624],[-8.6332074,41.1454752]]]}},{"type":"Feature","properties":{"nome":"Custóias","municipio":"Matosinhos","municipio_short":"MAT","dicofre":"130815","area_km2":6.03,"area_ha":603.45,"populacao":17487,"populacao_fonte":"estimated","densidade":2900,"num_escolas":3,"num_parques":1,"area_verde_m2":157383,"comboios_ativos":3,"camara_nome":"Câmara Municipal de Matosinhos","camara_email":"geral@cm-matosinhos.pt","camara_url":"https://www.cm-matosinhos.pt","escudo_url":null,"cor_principal":"#5A3463","centroide":[-8.651636568599034,41.21138968864738],"_todo":["Replace estimated populacao with real INE 2021 BGRI","Add real num_escolas (Censo + DGEEC)","Add real area_verde_m2 (Câmara dataset)","Add real comboios_ativos (Bicis Sapiens registry)","Add escudo_url (Wikimedia Commons SVG)","Verify cor_principal against actual heraldic blazon"]},"geometry":{"type":"Polygon","coordinates":[[[-8.6587898,41.1966012],[-8.6588479,41.1962691],[-8.6584677,41.1958517],[-8.658416,41.1956594],[-8.6580289,41.1952659],[-8.6577149,41.1949478],[-8.6572885,41.1946131],[-8.6569233,41.1943841],[-8.6561173,41.193896],[-8.6560081,41.1938368],[-8.6558793,41.1937278],[-8.6557502,41.1936651],[-8.6556553,41.1937008],[-8.6554165,41.193996],[-8.6549303,41.1937317],[-8.6546541,41.1935454],[-8.654297,41.1933369],[-8.653586,41.1930084],[-8.653394,41.1930055],[-8.6533053,41.1927171],[-8.6530969,41.192618],[-8.653211,41.1924915],[-8.6530529,41.1924033],[-8.6531338,41.1923406],[-8.6529051,41.1921953],[-8.6529776,41.1921386],[-8.6526233,41.191839],[-8.6518402,41.1924141],[-8.6515953,41.1923445],[-8.6515614,41.1921197],[-8.6517316,41.1919801],[-8.6485077,41.1905851],[-8.6483111,41.1905991],[-8.6482216,41.1899876],[-8.6481259,41.1893734],[-8.6481578,41.1889983],[-8.6481766,41.1888882],[-8.6480236,41.1888674],[-8.6448472,41.1884773],[-8.6448177,41.1884584],[-8.6445931,41.1885222],[-8.6447092,41.1886965],[-8.6444312,41.1887312],[-8.6443918,41.1887118],[-8.6440752,41.1890115],[-8.6439009,41.1890703],[-8.6439192,41.1891078],[-8.6434117,41.1892092],[-8.6434578,41.1893133],[-8.6430162,41.1893918],[-8.6427961,41.1890171],[-8.6427536,41.1889562],[-8.6423839,41.1890331],[-8.6418291,41.1891368],[-8.6415677,41.1892352],[-8.641316,41.1893847],[-8.6412259,41.1893858],[-8.6411906,41.1892255],[-8.6412192,41.1890337],[-8.6417686,41.1875379],[-8.6397175,41.187494],[-8.6357254,41.1874056],[-8.63437,41.1875319],[-8.6343426,41.187387],[-8.6333995,41.1873796],[-8.6325395,41.1873172],[-8.6323108,41.187298],[-8.6327229,41.1890628],[-8.6331392,41.190573],[-8.6333933,41.1913754],[-8.6336898,41.1923255],[-8.6338558,41.1932294],[-8.6340944,41.1933647],[-8.6346836,41.1937313],[-8.6355874,41.1942931],[-8.6354485,41.1947988],[-8.6351352,41.1960268],[-8.6349485,41.1969483],[-8.6348654,41.1976526],[-8.6348747,41.1980693],[-8.6349325,41.1994021],[-8.6353416,41.1993861],[-8.6354044,41.1992259],[-8.6365341,41.1994579],[-8.6363036,41.2001344],[-8.6368542,41.2002266],[-8.6370949,41.200299],[-8.637175,41.2003499],[-8.6376358,41.2012507],[-8.6377971,41.2016744],[-8.637481,41.2019474],[-8.6372842,41.2021615],[-8.6371911,41.2024822],[-8.6372558,41.2027745],[-8.6374553,41.2033832],[-8.6376205,41.2036565],[-8.6376916,41.2037566],[-8.6379865,41.204733],[-8.6380355,41.2050133],[-8.6380704,41.2054343],[-8.6381158,41.2059193],[-8.6381984,41.2060383],[-8.6381748,41.2060861],[-8.6374015,41.2063359],[-8.6369559,41.2064448],[-8.6368572,41.2070671],[-8.6367752,41.2080584],[-8.6367611,41.2085714],[-8.6371528,41.2085749],[-8.6371633,41.2085043],[-8.6376632,41.2086232],[-8.6375536,41.2093303],[-8.6377937,41.2093518],[-8.6379247,41.2094314],[-8.6379889,41.2095589],[-8.6380249,41.2097177],[-8.6381014,41.2097976],[-8.638233,41.2098543],[-8.6384515,41.2099093],[-8.6385564,41.2099758],[-8.638487,41.2102132],[-8.6384115,41.210312],[-8.6386186,41.2103918],[-8.638705,41.2104838],[-8.6387909,41.210507],[-8.6390842,41.2105302],[-8.6393254,41.2106396],[-8.6395843,41.2107594],[-8.6398118,41.2108117],[-8.6401271,41.2108879],[-8.640413,41.210983],[-8.6406779,41.2111124],[-8.6407426,41.2111282],[-8.6408348,41.2110852],[-8.6409494,41.2109286],[-8.6410937,41.2106862],[-8.6411977,41.2105801],[-8.641258,41.2105593],[-8.6414961,41.210654],[-8.6416205,41.2107557],[-8.641898,41.2109739],[-8.642128,41.2111438],[-8.6423066,41.2112902],[-8.6424522,41.2113913],[-8.6426744,41.2118465],[-8.6428163,41.2121473],[-8.6429535,41.2124549],[-8.6429715,41.2131829],[-8.6430372,41.2136585],[-8.6430979,41.2138126],[-8.643197,41.2138983],[-8.6436664,41.2141672],[-8.6439551,41.2143556],[-8.6442332,41.2145532],[-8.6447466,41.2150257],[-8.6451941,41.2154776],[-8.6456655,41.216018],[-8.645852,41.2163215],[-8.6460245,41.2166605],[-8.6460867,41.2169379],[-8.6461822,41.2172561],[-8.646227,41.2174192],[-8.6462567,41.2176919],[-8.6463516,41.2177258],[-8.646448,41.2177568],[-8.6464353,41.2178029],[-8.6464696,41.2180033],[-8.6465637,41.2182605],[-8.6465919,41.2183513],[-8.6465971,41.2184454],[-8.646583,41.2185113],[-8.646435,41.2188748],[-8.6464471,41.2189371],[-8.6464662,41.2189557],[-8.6464967,41.2189643],[-8.6465809,41.2189695],[-8.6467631,41.2189785],[-8.6469169,41.2189931],[-8.6470201,41.2190178],[-8.6471591,41.2190731],[-8.6473135,41.219147],[-8.6474171,41.2192232],[-8.6475573,41.219341],[-8.6476953,41.2194543],[-8.6478355,41.2195687],[-8.6479115,41.2196385],[-8.6480052,41.2197335],[-8.6481134,41.2198514],[-8.6482259,41.2199452],[-8.6482835,41.2199627],[-8.6484839,41.2200353],[-8.6490949,41.2202948],[-8.6493003,41.2203316],[-8.6495161,41.2203445],[-8.6497202,41.2203774],[-8.6500342,41.2204972],[-8.6504009,41.2206544],[-8.6505621,41.2207411],[-8.6506026,41.220874],[-8.6506515,41.2210586],[-8.6506599,41.2211281],[-8.6506973,41.2212034],[-8.6507291,41.221243],[-8.6508298,41.2213359],[-8.6509753,41.2214466],[-8.6510814,41.2215633],[-8.6511376,41.2216703],[-8.6511851,41.2218747],[-8.6513068,41.2222894],[-8.651371,41.2224302],[-8.6514666,41.222537],[-8.6517564,41.2227601],[-8.6518206,41.222887],[-8.6518876,41.2230556],[-8.6518895,41.223292],[-8.6518679,41.2235623],[-8.6518638,41.2237093],[-8.6518265,41.2239856],[-8.6518323,41.2241961],[-8.6518203,41.2243432],[-8.6517945,41.2244168],[-8.6517775,41.2245799],[-8.6518578,41.2247682],[-8.6518409,41.224959],[-8.6518466,41.2250136],[-8.65183,41.2250633],[-8.6517336,41.225181],[-8.6516728,41.2252301],[-8.652053,41.2255182],[-8.6521542,41.2255719],[-8.6522379,41.2256211],[-8.6523068,41.2256671],[-8.6523597,41.2257065],[-8.6524501,41.2257784],[-8.6525243,41.2258571],[-8.6534767,41.2262161],[-8.6541638,41.226246],[-8.654607,41.2262188],[-8.6553949,41.2263507],[-8.6578473,41.2264669],[-8.6578519,41.2263868],[-8.65784,41.2262938],[-8.657802,41.2262093],[-8.6582246,41.2262666],[-8.6583102,41.2262296],[-8.6587691,41.2261598],[-8.6589185,41.226145],[-8.6590904,41.2261583],[-8.6592431,41.2261897],[-8.6604194,41.2263949],[-8.6604348,41.2263895],[-8.660672,41.2264159],[-8.6609314,41.2264726],[-8.661063,41.2265188],[-8.6614337,41.2265179],[-8.662059,41.2261535],[-8.6623782,41.2257211],[-8.6625231,41.2256047],[-8.6626465,41.2255381],[-8.6628666,41.2254298],[-8.6630289,41.2253086],[-8.6631398,41.2249633],[-8.6632195,41.2248317],[-8.6632616,41.2246912],[-8.6632622,41.2246444],[-8.6632707,41.2246034],[-8.663296,41.2245766],[-8.6633394,41.2245603],[-8.6634406,41.2245366],[-8.6635921,41.2245122],[-8.6637016,41.2244578],[-8.663741,41.2244131],[-8.6638302,41.2243382],[-8.6639222,41.2242484],[-8.6639951,41.224187],[-8.664065,41.2241358],[-8.6641877,41.2240381],[-8.6642529,41.2239496],[-8.6645016,41.2235298],[-8.6644968,41.2235284],[-8.6646361,41.2232717],[-8.6647711,41.2230559],[-8.6647551,41.2230051],[-8.6645875,41.2228347],[-8.6644305,41.2225574],[-8.6643677,41.2224103],[-8.6643416,41.2222544],[-8.6643052,41.2221918],[-8.66421,41.222072],[-8.6640379,41.2218846],[-8.6637992,41.2216365],[-8.6636752,41.2215727],[-8.6632701,41.2214152],[-8.6628253,41.2212173],[-8.6625371,41.2211067],[-8.6623145,41.2210108],[-8.6620723,41.2209275],[-8.6617844,41.2208566],[-8.6614696,41.2207472],[-8.6614503,41.2207389],[-8.6615642,41.2206671],[-8.6616302,41.2206055],[-8.6616727,41.2204887],[-8.661784,41.2202113],[-8.6617703,41.2201101],[-8.6618017,41.2200935],[-8.6618242,41.2200654],[-8.6617824,41.2200355],[-8.6617453,41.2200054],[-8.6617295,41.2199894],[-8.6616963,41.2199553],[-8.6616698,41.2198866],[-8.6616367,41.2197665],[-8.6616338,41.219751],[-8.6616383,41.2197308],[-8.6616475,41.2197107],[-8.6616608,41.2196987],[-8.661671,41.2196916],[-8.6617047,41.2196802],[-8.661736,41.2196753],[-8.6617524,41.2196758],[-8.6617829,41.2196122],[-8.6618271,41.2195415],[-8.6618201,41.2194644],[-8.6618051,41.2193952],[-8.6618436,41.2193962],[-8.6618382,41.219312],[-8.6618546,41.2192088],[-8.6618893,41.2188435],[-8.661916,41.2184617],[-8.6620674,41.2184812],[-8.6621189,41.2184387],[-8.6621328,41.2183824],[-8.6621319,41.2183521],[-8.6621458,41.2182377],[-8.6621591,41.2179507],[-8.6622406,41.2179349],[-8.6623293,41.217249],[-8.6623203,41.2172126],[-8.6621458,41.2172259],[-8.6620405,41.217253],[-8.6619751,41.2172769],[-8.6618608,41.2173383],[-8.6617406,41.2174148],[-8.6616786,41.2174608],[-8.6616185,41.217499],[-8.6615207,41.2175343],[-8.6615041,41.2175437],[-8.6614237,41.2175714],[-8.6613694,41.2175793],[-8.6613271,41.2175674],[-8.6612725,41.2175417],[-8.6612075,41.2174797],[-8.6611525,41.2174069],[-8.6610627,41.2172537],[-8.6609087,41.2169378],[-8.6608527,41.2168372],[-8.6608048,41.2166424],[-8.6607435,41.2165431],[-8.6606735,41.2164694],[-8.660493,41.2163949],[-8.6603788,41.2163591],[-8.660277,41.2163205],[-8.6599757,41.2162816],[-8.6597724,41.2162556],[-8.6596147,41.2162294],[-8.6592955,41.2161946],[-8.6592825,41.2161113],[-8.6591873,41.2160243],[-8.6591797,41.2159557],[-8.6592037,41.2156885],[-8.6593593,41.2154713],[-8.6591182,41.2149813],[-8.6589161,41.2148918],[-8.6559194,41.2126965],[-8.654938,41.2122402],[-8.654783,41.2117427],[-8.6545513,41.2111336],[-8.6544078,41.2107181],[-8.6543071,41.2102733],[-8.6543337,41.2098602],[-8.6543737,41.2094008],[-8.6544046,41.2089799],[-8.6544408,41.2086622],[-8.654499,41.2078273],[-8.6545565,41.2069828],[-8.6546365,41.2060169],[-8.6547059,41.2052132],[-8.6547413,41.2047627],[-8.6548497,41.2047533],[-8.6553272,41.2045913],[-8.6556197,41.2045364],[-8.6557405,41.2044823],[-8.6557698,41.2043902],[-8.6558891,41.203622],[-8.655924,41.2034781],[-8.6560005,41.2034572],[-8.656295,41.203448],[-8.6564504,41.2034225],[-8.6565526,41.2032573],[-8.6569443,41.2030633],[-8.6579006,41.2029915],[-8.6580055,41.2029144],[-8.6584918,41.202698],[-8.6588927,41.202378],[-8.6591166,41.2025124],[-8.6606222,41.2008835],[-8.659382,41.199813],[-8.6594935,41.1990761],[-8.6593999,41.1989401],[-8.6590707,41.1983749],[-8.6589559,41.1979657],[-8.6588689,41.1974612],[-8.658784,41.1966979],[-8.6587898,41.1966012]]]}},{"type":"Feature","properties":{"nome":"Guifões","municipio":"Matosinhos","municipio_short":"MAT","dicofre":"130816","area_km2":3.69,"area_ha":368.76,"populacao":10701,"populacao_fonte":"estimated","densidade":2900,"num_escolas":2,"num_parques":0,"area_verde_m2":117711,"comboios_ativos":4,"camara_nome":"Câmara Municipal de Matosinhos","camara_email":"geral@cm-matosinhos.pt","camara_url":"https://www.cm-matosinhos.pt","escudo_url":null,"cor_principal":"#7A4F2A","centroide":[-8.667895714323606,41.20477712015918],"_todo":["Replace estimated populacao with real INE 2021 BGRI","Add real num_escolas (Censo + DGEEC)","Add real area_verde_m2 (Câmara dataset)","Add real comboios_ativos (Bicis Sapiens registry)","Add escudo_url (Wikimedia Commons SVG)","Verify cor_principal against actual heraldic blazon"]},"geometry":{"type":"Polygon","coordinates":[[[-8.6623203,41.2172126],[-8.6623335,41.2172088],[-8.6623739,41.2172007],[-8.6624635,41.2171763],[-8.6625829,41.2171425],[-8.6626464,41.2171326],[-8.6626972,41.2171293],[-8.6627623,41.2171318],[-8.6628068,41.217136],[-8.6628394,41.2171417],[-8.6629831,41.217142],[-8.6630546,41.2171417],[-8.6631027,41.2171409],[-8.6632025,41.217137],[-8.6632787,41.2171353],[-8.663354,41.2171356],[-8.6635018,41.2171308],[-8.6635485,41.2171354],[-8.6636212,41.2171432],[-8.6636694,41.2171595],[-8.6637149,41.2171703],[-8.663832,41.2172013],[-8.6641069,41.2173466],[-8.6642081,41.217416],[-8.6643384,41.2174901],[-8.6643768,41.2175174],[-8.6644552,41.2175622],[-8.664559,41.2176138],[-8.6647558,41.217728],[-8.6648315,41.2177715],[-8.6649465,41.2178502],[-8.6650919,41.2179978],[-8.6651521,41.2180455],[-8.6652323,41.2180889],[-8.6653451,41.2181241],[-8.6655542,41.2181821],[-8.665827,41.2182562],[-8.6660333,41.2183018],[-8.6663971,41.218418],[-8.6667844,41.2186341],[-8.6669154,41.2186842],[-8.6670501,41.2187329],[-8.6673489,41.2187753],[-8.6677225,41.2187821],[-8.6679506,41.2187708],[-8.6681399,41.2187485],[-8.6684045,41.2186804],[-8.6686536,41.2185718],[-8.6688608,41.2184174],[-8.6688762,41.2182165],[-8.6687984,41.2180653],[-8.668621,41.2178616],[-8.6684672,41.2176883],[-8.6682718,41.2174881],[-8.6680562,41.2173054],[-8.6678238,41.2171285],[-8.6676502,41.2170581],[-8.6674688,41.2169887],[-8.6674297,41.2169719],[-8.6674169,41.2169529],[-8.6674088,41.2168995],[-8.6675009,41.2167432],[-8.6675418,41.2165439],[-8.6674817,41.2159447],[-8.6673453,41.2156194],[-8.6673281,41.2150599],[-8.6674282,41.2148923],[-8.6676253,41.2147144],[-8.6678913,41.2145452],[-8.6682356,41.2143469],[-8.6685001,41.2142032],[-8.6689323,41.2139017],[-8.6690575,41.2137596],[-8.6691472,41.2136248],[-8.6691898,41.2134045],[-8.6692019,41.213065],[-8.6690655,41.2124579],[-8.6691128,41.212282],[-8.6691896,41.2121458],[-8.6692599,41.211967],[-8.6692579,41.2116599],[-8.6691812,41.2112659],[-8.6691333,41.2110045],[-8.6691963,41.2107396],[-8.6693268,41.2105236],[-8.6694429,41.2102321],[-8.6696179,41.2098992],[-8.6697975,41.2095215],[-8.6699506,41.2093723],[-8.6701384,41.2092779],[-8.6703259,41.2092131],[-8.670434,41.2091417],[-8.6704974,41.2090556],[-8.6704979,41.208953],[-8.6704909,41.2088541],[-8.6704281,41.2087794],[-8.6703414,41.2087056],[-8.6700847,41.2085999],[-8.6698234,41.2085222],[-8.6695425,41.2083657],[-8.6694545,41.2082289],[-8.6694645,41.2080642],[-8.6696396,41.2078159],[-8.6698116,41.2076597],[-8.6699925,41.2075965],[-8.6703232,41.2076239],[-8.6705808,41.2076531],[-8.6708034,41.2076335],[-8.6709399,41.2076096],[-8.671033,41.2075535],[-8.6711017,41.2074671],[-8.6711359,41.2073716],[-8.6711101,41.2072917],[-8.6710007,41.2071843],[-8.6708912,41.2070988],[-8.6706419,41.2069807],[-8.6704803,41.2069054],[-8.6697594,41.2066682],[-8.6695997,41.2065859],[-8.66944,41.2065233],[-8.6693209,41.2064517],[-8.6692919,41.2064474],[-8.6691961,41.2064042],[-8.6691059,41.2063456],[-8.6689925,41.2062652],[-8.6688235,41.2060645],[-8.6685952,41.2056236],[-8.6682415,41.20536],[-8.668064,41.2052465],[-8.6677917,41.2050888],[-8.6676713,41.2050333],[-8.6676511,41.2049859],[-8.6677931,41.204819],[-8.6679574,41.2047187],[-8.6681225,41.204593],[-8.6683107,41.2042468],[-8.6684493,41.2038106],[-8.668523,41.2037484],[-8.6687332,41.2036582],[-8.6690836,41.2036163],[-8.6710125,41.2035567],[-8.6712841,41.2035161],[-8.6714419,41.2034604],[-8.671591,41.2033905],[-8.6718683,41.2032011],[-8.6723011,41.2031161],[-8.6725945,41.2030612],[-8.6728154,41.203029],[-8.6730501,41.2030095],[-8.6732608,41.2029714],[-8.673551,41.2029696],[-8.6742299,41.2030959],[-8.6744166,41.2031473],[-8.6749482,41.2031218],[-8.6757507,41.2031725],[-8.676036,41.2030293],[-8.6762365,41.2029377],[-8.6764207,41.2028771],[-8.6764874,41.2028942],[-8.6765939,41.2033024],[-8.6769459,41.2033242],[-8.6772237,41.2031316],[-8.6775535,41.2028701],[-8.6782276,41.2022887],[-8.6785635,41.2018953],[-8.6792736,41.2013777],[-8.6798097,41.201052],[-8.6800549,41.2009624],[-8.6801673,41.2008709],[-8.6800955,41.2005868],[-8.6802253,41.1998195],[-8.6804531,41.1995999],[-8.6817031,41.1981663],[-8.6818454,41.197851],[-8.6820436,41.1971669],[-8.6823311,41.196336],[-8.6825824,41.1957781],[-8.6826246,41.1957376],[-8.6819611,41.1949536],[-8.6813603,41.1942619],[-8.6806646,41.1934614],[-8.6800455,41.1934491],[-8.6798765,41.1932711],[-8.6797484,41.1932221],[-8.6795628,41.193246],[-8.6794342,41.193296],[-8.6791154,41.1934781],[-8.6788757,41.1935993],[-8.6787654,41.1936356],[-8.678287,41.1937694],[-8.6778483,41.1939281],[-8.6774311,41.1941251],[-8.6770631,41.1943474],[-8.6769689,41.1943339],[-8.6766576,41.1941615],[-8.6765443,41.1940887],[-8.6763535,41.1940493],[-8.6761687,41.1940458],[-8.6762328,41.1939549],[-8.6758752,41.1937613],[-8.6757371,41.1937794],[-8.6755346,41.1937103],[-8.6756557,41.19318],[-8.6755752,41.1928662],[-8.6758441,41.1926817],[-8.6758179,41.1926078],[-8.6755874,41.1923728],[-8.6755022,41.1924157],[-8.6754459,41.1924757],[-8.6754023,41.1925464],[-8.6753677,41.1925817],[-8.6753212,41.1926101],[-8.6752875,41.1926277],[-8.6751315,41.1927544],[-8.6750502,41.1929489],[-8.6750357,41.1930379],[-8.67502,41.1931226],[-8.6749878,41.1931756],[-8.6748951,41.1932483],[-8.6748139,41.1932927],[-8.6747162,41.1933236],[-8.6745621,41.1931659],[-8.6744272,41.1930309],[-8.6743357,41.1930186],[-8.6742136,41.1929846],[-8.6741642,41.1929605],[-8.6740946,41.1929224],[-8.6739995,41.1928845],[-8.6738993,41.1928556],[-8.673828,41.192838],[-8.6737925,41.1928369],[-8.6737554,41.1928486],[-8.6736808,41.1928348],[-8.673603,41.1928417],[-8.6735472,41.1928547],[-8.6735034,41.1928753],[-8.6735659,41.1930682],[-8.6733059,41.1932823],[-8.6731794,41.1933694],[-8.673113,41.1934033],[-8.6728755,41.1935222],[-8.6726883,41.1935759],[-8.6725645,41.1935909],[-8.6723804,41.1936254],[-8.6721518,41.1936793],[-8.6719901,41.1937209],[-8.6718887,41.1937574],[-8.6717812,41.193764],[-8.6711461,41.1939135],[-8.6711173,41.1939196],[-8.6708834,41.1935845],[-8.6706437,41.1933076],[-8.6704826,41.1930801],[-8.670235,41.1927428],[-8.6699914,41.1925346],[-8.6697729,41.1924075],[-8.6693791,41.1924386],[-8.6693488,41.1924466],[-8.6692094,41.192379],[-8.6691364,41.1924356],[-8.6691072,41.1924512],[-8.6690734,41.192453],[-8.6689506,41.1924834],[-8.6688723,41.1924983],[-8.6688353,41.192519],[-8.6687894,41.1925814],[-8.6687841,41.192613],[-8.6687711,41.1926847],[-8.6686574,41.1927228],[-8.6685019,41.1927491],[-8.6684273,41.1927577],[-8.6681828,41.192799],[-8.6671742,41.1926935],[-8.6670044,41.1925136],[-8.6668023,41.1926434],[-8.6664407,41.1928953],[-8.6665426,41.1930662],[-8.6662474,41.1931748],[-8.6661598,41.1931904],[-8.6655088,41.1934694],[-8.6650347,41.1927862],[-8.6649709,41.1927713],[-8.6646046,41.193336],[-8.6645317,41.1934219],[-8.6638845,41.1934407],[-8.6636739,41.1934342],[-8.6631669,41.1929979],[-8.6630752,41.1928615],[-8.6626538,41.1930314],[-8.661765,41.1933857],[-8.6614826,41.1935171],[-8.6606531,41.1941589],[-8.6597236,41.1948928],[-8.6600701,41.195192],[-8.6594983,41.1955739],[-8.6595464,41.1956186],[-8.6592415,41.1958037],[-8.6594585,41.196065],[-8.659022,41.1963783],[-8.6591862,41.1966055],[-8.6590272,41.1966401],[-8.6587898,41.1966012],[-8.658784,41.1966979],[-8.6588689,41.1974612],[-8.6589559,41.1979657],[-8.6590707,41.1983749],[-8.6593999,41.1989401],[-8.6594935,41.1990761],[-8.659382,41.199813],[-8.6606222,41.2008835],[-8.6591166,41.2025124],[-8.6588927,41.202378],[-8.6584918,41.202698],[-8.6580055,41.2029144],[-8.6579006,41.2029915],[-8.6569443,41.2030633],[-8.6565526,41.2032573],[-8.6564504,41.2034225],[-8.656295,41.203448],[-8.6560005,41.2034572],[-8.655924,41.2034781],[-8.6558891,41.203622],[-8.6557698,41.2043902],[-8.6557405,41.2044823],[-8.6556197,41.2045364],[-8.6553272,41.2045913],[-8.6548497,41.2047533],[-8.6547413,41.2047627],[-8.6547059,41.2052132],[-8.6546365,41.2060169],[-8.6545565,41.2069828],[-8.654499,41.2078273],[-8.6544408,41.2086622],[-8.6544046,41.2089799],[-8.6543737,41.2094008],[-8.6543337,41.2098602],[-8.6543071,41.2102733],[-8.6544078,41.2107181],[-8.6545513,41.2111336],[-8.654783,41.2117427],[-8.654938,41.2122402],[-8.6559194,41.2126965],[-8.6589161,41.2148918],[-8.6591182,41.2149813],[-8.6593593,41.2154713],[-8.6592037,41.2156885],[-8.6591797,41.2159557],[-8.6591873,41.2160243],[-8.6592825,41.2161113],[-8.6592955,41.2161946],[-8.6596147,41.2162294],[-8.6597724,41.2162556],[-8.6599757,41.2162816],[-8.660277,41.2163205],[-8.6603788,41.2163591],[-8.660493,41.2163949],[-8.6606735,41.2164694],[-8.6607435,41.2165431],[-8.6608048,41.2166424],[-8.6608527,41.2168372],[-8.6609087,41.2169378],[-8.6610627,41.2172537],[-8.6611525,41.2174069],[-8.6612075,41.2174797],[-8.6612725,41.2175417],[-8.6613271,41.2175674],[-8.6613694,41.2175793],[-8.6614237,41.2175714],[-8.6615041,41.2175437],[-8.6615207,41.2175343],[-8.6616185,41.217499],[-8.6616786,41.2174608],[-8.6617406,41.2174148],[-8.6618608,41.2173383],[-8.6619751,41.2172769],[-8.6620405,41.217253],[-8.6621458,41.2172259],[-8.6623203,41.2172126]]]}},{"type":"Feature","properties":{"nome":"Lavra","municipio":"Matosinhos","municipio_short":"MAT","dicofre":"130817","area_km2":10.33,"area_ha":1033.34,"populacao":29957,"populacao_fonte":"estimated","densidade":2900,"num_escolas":6,"num_parques":2,"area_verde_m2":299570,"comboios_ativos":3,"camara_nome":"Câmara Municipal de Matosinhos","camara_email":"geral@cm-matosinhos.pt","camara_url":"https://www.cm-matosinhos.pt","escudo_url":null,"cor_principal":"#7A4F2A","centroide":[-8.71384672561247,41.25461416380846],"_todo":["Replace estimated populacao with real INE 2021 BGRI","Add real num_escolas (Censo + DGEEC)","Add real area_verde_m2 (Câmara dataset)","Add real comboios_ativos (Bicis Sapiens registry)","Add escudo_url (Wikimedia Commons SVG)","Verify cor_principal against actual heraldic blazon"]},"geometry":{"type":"Polygon","coordinates":[[[-8.6931498,41.2380137],[-8.6932269,41.2380878],[-8.6933877,41.2397899],[-8.693294,41.2398582],[-8.6930805,41.2400956],[-8.6928708,41.24037],[-8.6926326,41.2405952],[-8.6924571,41.2407251],[-8.6924469,41.2407636],[-8.6924684,41.2411224],[-8.6924784,41.2414867],[-8.6924534,41.2416992],[-8.6924562,41.241854],[-8.6924259,41.2420807],[-8.6924673,41.2422201],[-8.692686,41.2424172],[-8.6929691,41.2426038],[-8.6932372,41.2427907],[-8.6934788,41.2429584],[-8.6936654,41.2430691],[-8.6939387,41.2432088],[-8.6939838,41.2433092],[-8.6938865,41.243443],[-8.6938574,41.2435489],[-8.6937395,41.2437387],[-8.6936583,41.2437702],[-8.6934862,41.2437409],[-8.6933684,41.2437434],[-8.6932845,41.2438074],[-8.6932007,41.2439534],[-8.6930346,41.2441613],[-8.6929731,41.2443036],[-8.6928935,41.2445164],[-8.6929363,41.2445657],[-8.6930572,41.2446286],[-8.6931225,41.2448811],[-8.693176,41.2449747],[-8.6933259,41.2450352],[-8.6934706,41.2451224],[-8.6934943,41.2451938],[-8.6934451,41.2452997],[-8.6933424,41.2454331],[-8.6931496,41.2455563],[-8.6929447,41.2456856],[-8.692726,41.245891],[-8.6925489,41.2460741],[-8.6923687,41.2461232],[-8.6921808,41.2461479],[-8.6919246,41.2463471],[-8.6917767,41.2464192],[-8.6916054,41.2464554],[-8.6910635,41.2465503],[-8.6908079,41.2465644],[-8.6898664,41.2466481],[-8.6896034,41.246817],[-8.6895945,41.2468702],[-8.6895963,41.2469295],[-8.6895994,41.2469625],[-8.6895839,41.2470238],[-8.6895363,41.2470521],[-8.6895043,41.2470936],[-8.6894929,41.2471155],[-8.6894082,41.2471581],[-8.6893463,41.2472085],[-8.6892801,41.247243],[-8.6892114,41.2473477],[-8.6885846,41.2477348],[-8.6885666,41.2477716],[-8.6884548,41.2478226],[-8.6883087,41.2478525],[-8.6880687,41.2479609],[-8.6876661,41.2481073],[-8.6875542,41.2481628],[-8.6875068,41.2481964],[-8.6873,41.2483641],[-8.6870935,41.2485256],[-8.6868106,41.2487535],[-8.6867714,41.2487903],[-8.6866911,41.2488948],[-8.6866203,41.2489594],[-8.686506,41.2490178],[-8.6864445,41.2490131],[-8.6862256,41.2489716],[-8.6860686,41.2489393],[-8.6858945,41.2489233],[-8.6857489,41.2489382],[-8.6856729,41.2491029],[-8.685694,41.2492042],[-8.68563,41.2493261],[-8.6855089,41.2494557],[-8.6853627,41.249511],[-8.6851716,41.2495272],[-8.6850317,41.2495151],[-8.6849135,41.2495895],[-8.684789,41.2496898],[-8.6847824,41.2497834],[-8.6848542,41.2500331],[-8.6849067,41.2502724],[-8.6849298,41.2504843],[-8.6849188,41.2507849],[-8.6849155,41.2509996],[-8.6849128,41.2512093],[-8.6848289,41.2515112],[-8.6848272,41.2516233],[-8.6848132,41.2518086],[-8.6848353,41.2521062],[-8.6848583,41.2522327],[-8.6848546,41.2524953],[-8.6848737,41.2528086],[-8.6848604,41.253014],[-8.6851253,41.2531278],[-8.6864611,41.2538503],[-8.6866372,41.2540229],[-8.686708,41.2543953],[-8.686804,41.2547516],[-8.6869237,41.2549825],[-8.6870956,41.2551765],[-8.6873498,41.2553809],[-8.6877279,41.2556426],[-8.6881318,41.255802],[-8.6880999,41.2560882],[-8.6880135,41.2564058],[-8.688069,41.2565137],[-8.6881496,41.2565482],[-8.6899659,41.2555269],[-8.6901011,41.2554949],[-8.6901998,41.2555427],[-8.6905044,41.2560464],[-8.6912541,41.2565268],[-8.6913817,41.2566275],[-8.6914936,41.2566326],[-8.6918116,41.2567605],[-8.6921242,41.256932],[-8.6922691,41.2568944],[-8.6925991,41.256838],[-8.6929845,41.2568341],[-8.6935925,41.2565699],[-8.6937128,41.2564679],[-8.6939261,41.2562594],[-8.694134,41.2561258],[-8.6945014,41.2559298],[-8.6945289,41.2557842],[-8.6952713,41.2561373],[-8.6956006,41.2562722],[-8.6959577,41.256532],[-8.6961968,41.2567435],[-8.6964508,41.2567723],[-8.6967365,41.2567793],[-8.6971452,41.2567272],[-8.6985146,41.2565233],[-8.6988234,41.2565486],[-8.6989,41.2566508],[-8.6989678,41.2568038],[-8.6989782,41.2569272],[-8.699147,41.2569935],[-8.6990535,41.2575194],[-8.6991909,41.257748],[-8.6993323,41.2578814],[-8.6998303,41.2587045],[-8.6998187,41.2588505],[-8.6998462,41.2590432],[-8.6999606,41.2591981],[-8.7002098,41.2592609],[-8.700426,41.2593632],[-8.7005945,41.2595789],[-8.7007005,41.2597534],[-8.70047,41.2597824],[-8.7004182,41.2598069],[-8.7007401,41.2602587],[-8.7007498,41.2603708],[-8.7006889,41.2604882],[-8.7009688,41.2608586],[-8.7014224,41.2617192],[-8.70158,41.261961],[-8.7017125,41.2620138],[-8.7018869,41.262098],[-8.7020634,41.262325],[-8.7022406,41.2625249],[-8.7023359,41.2627164],[-8.702398,41.2628946],[-8.7024221,41.2630609],[-8.7024979,41.2632731],[-8.7025614,41.2633972],[-8.7026427,41.263533],[-8.7026678,41.2636727],[-8.7027035,41.2638022],[-8.7027747,41.2639496],[-8.7027013,41.2640155],[-8.7023993,41.2642111],[-8.7022618,41.2642739],[-8.7017718,41.2644467],[-8.7016939,41.2644556],[-8.7014434,41.2644469],[-8.7013746,41.2646057],[-8.7014677,41.2650603],[-8.7015739,41.2650525],[-8.7015991,41.2651437],[-8.7016804,41.2654356],[-8.701753,41.2656617],[-8.7017932,41.2658789],[-8.7018666,41.2660936],[-8.701935,41.2663197],[-8.7019811,41.2665017],[-8.7020405,41.2666382],[-8.7021067,41.266748],[-8.7020613,41.2668759],[-8.7019845,41.2671039],[-8.7018779,41.2673739],[-8.7017713,41.2675469],[-8.701681,41.2676904],[-8.7016016,41.2678351],[-8.7014956,41.2679834],[-8.7018408,41.2681313],[-8.7020512,41.268227],[-8.7022415,41.2683394],[-8.7020823,41.2684627],[-8.7018581,41.2686519],[-8.7017141,41.2687755],[-8.7016155,41.2689241],[-8.7015766,41.2690208],[-8.7015994,41.2692154],[-8.7016301,41.2693871],[-8.7016633,41.2695395],[-8.7017282,41.2696709],[-8.7018116,41.2697948],[-8.7019149,41.2699068],[-8.7020301,41.2700269],[-8.7021523,41.2701436],[-8.7023318,41.270291],[-8.702539,41.2704624],[-8.7027324,41.2706305],[-8.7028338,41.2707026],[-8.7030312,41.2708429],[-8.7033439,41.2710724],[-8.7035294,41.2712508],[-8.7036311,41.271378],[-8.7036939,41.2715001],[-8.703729,41.2715948],[-8.7037869,41.2716945],[-8.7038713,41.2718079],[-8.7039383,41.271899],[-8.7040077,41.2719832],[-8.7040147,41.2720038],[-8.7040127,41.2720401],[-8.704025,41.2721331],[-8.7040413,41.2721675],[-8.7040825,41.2721863],[-8.7041559,41.2722101],[-8.7043095,41.2722679],[-8.7044974,41.2723377],[-8.7047267,41.2724297],[-8.7048255,41.2724913],[-8.7049083,41.2725633],[-8.7049881,41.2726379],[-8.7050719,41.2727073],[-8.7051681,41.2727882],[-8.705308,41.2729236],[-8.7054321,41.2730253],[-8.7055328,41.2730852],[-8.7056117,41.2731093],[-8.7056918,41.2731147],[-8.7058012,41.2731061],[-8.7059042,41.2730881],[-8.7059807,41.2730671],[-8.7061481,41.2729859],[-8.7062811,41.2728541],[-8.706452,41.2727519],[-8.7066852,41.2726558],[-8.7068553,41.2725406],[-8.7071344,41.2723837],[-8.7074159,41.27222],[-8.7074619,41.2722271],[-8.7075953,41.2723349],[-8.7077412,41.272433],[-8.7079285,41.272492],[-8.7081588,41.2725516],[-8.7086202,41.2727712],[-8.7088683,41.2727918],[-8.7089263,41.2727173],[-8.7091264,41.2725873],[-8.7092719,41.2724834],[-8.7095243,41.272318],[-8.7096458,41.272233],[-8.7097957,41.2721057],[-8.7099631,41.2720158],[-8.7101565,41.2719401],[-8.7103343,41.2718671],[-8.7103959,41.2718049],[-8.7103732,41.27169],[-8.7102611,41.2714879],[-8.7102258,41.2713508],[-8.7102329,41.2712033],[-8.7102495,41.2711383],[-8.7103007,41.2710678],[-8.7103679,41.2710283],[-8.7104497,41.2710288],[-8.7105705,41.2710914],[-8.710714,41.2711854],[-8.7108308,41.271269],[-8.710894,41.2713815],[-8.7109526,41.2715012],[-8.7110245,41.2715805],[-8.7110766,41.2715788],[-8.711216,41.2715216],[-8.711387,41.2715363],[-8.7114773,41.2715719],[-8.7114717,41.2716224],[-8.7114364,41.2716638],[-8.71136,41.2717838],[-8.7113622,41.2718417],[-8.7113741,41.2718717],[-8.7114238,41.2719016],[-8.7114773,41.2719133],[-8.711601,41.2718938],[-8.7118422,41.2718104],[-8.7120711,41.2716542],[-8.7122659,41.2715358],[-8.7124315,41.271523],[-8.7126227,41.2715356],[-8.7127573,41.2715101],[-8.7129676,41.2714274],[-8.7131455,41.2713242],[-8.7133016,41.2711845],[-8.7134441,41.2711071],[-8.7135918,41.2710431],[-8.7136925,41.2709458],[-8.7137092,41.2708582],[-8.7136828,41.2707424],[-8.7136971,41.2706502],[-8.7137752,41.270522],[-8.7138831,41.270344],[-8.713972,41.2702097],[-8.7140773,41.2700909],[-8.7142163,41.2699462],[-8.7143344,41.2698329],[-8.7144901,41.2697939],[-8.7146328,41.2698009],[-8.7147289,41.2698704],[-8.7147799,41.2699599],[-8.7148048,41.270106],[-8.7148409,41.2702322],[-8.7149071,41.2703354],[-8.7149861,41.2703762],[-8.7151253,41.2703965],[-8.7153722,41.2704285],[-8.7155581,41.2704613],[-8.7157276,41.2704828],[-8.7158913,41.2704714],[-8.7160581,41.2704608],[-8.7162732,41.2704564],[-8.7165042,41.2704445],[-8.7166825,41.2704462],[-8.7168593,41.2704795],[-8.7170182,41.2704722],[-8.7171607,41.2704512],[-8.717253,41.2703646],[-8.7173092,41.2702744],[-8.7172623,41.2701689],[-8.7171387,41.2700852],[-8.7169706,41.2700138],[-8.7168539,41.2699334],[-8.7168213,41.2698744],[-8.7168468,41.2698207],[-8.7169524,41.269728],[-8.7170942,41.2694992],[-8.7172031,41.2693487],[-8.7173479,41.269161],[-8.7174892,41.2689888],[-8.7176232,41.2688149],[-8.717666,41.2687958],[-8.7177135,41.2688207],[-8.7178162,41.2689148],[-8.7179481,41.2690688],[-8.718058,41.2691564],[-8.718232,41.2692272],[-8.7183636,41.2693088],[-8.7185533,41.2694394],[-8.7187172,41.2695382],[-8.7188968,41.2695901],[-8.7190936,41.269604],[-8.7192263,41.2696104],[-8.7193558,41.2695858],[-8.7194931,41.2695707],[-8.7195802,41.2696169],[-8.7196767,41.2696982],[-8.719714,41.2697309],[-8.7197679,41.2698667],[-8.7198315,41.270029],[-8.7198913,41.2701422],[-8.7199836,41.2702705],[-8.7200978,41.270389],[-8.7201927,41.270459],[-8.7203491,41.2705222],[-8.7204903,41.2705494],[-8.7206329,41.2705435],[-8.7207808,41.2705115],[-8.7209854,41.2704745],[-8.7211562,41.270447],[-8.7213508,41.2704262],[-8.7215335,41.2704416],[-8.7217008,41.2704305],[-8.7218842,41.270386],[-8.7220718,41.2703445],[-8.7222685,41.2702884],[-8.7223847,41.2702315],[-8.7225368,41.270149],[-8.7227145,41.2701124],[-8.7229074,41.2700632],[-8.7230434,41.2700909],[-8.7232478,41.2701422],[-8.7234241,41.2701977],[-8.723637,41.2703202],[-8.723807,41.2703865],[-8.7240592,41.2704629],[-8.7242717,41.2705324],[-8.7243673,41.2705732],[-8.7244762,41.2706046],[-8.7246917,41.2706381],[-8.7249386,41.2706681],[-8.7250579,41.2706755],[-8.7252852,41.2706863],[-8.7255532,41.2706887],[-8.725764,41.2706692],[-8.7259565,41.2706216],[-8.7261079,41.2705488],[-8.7263008,41.2704401],[-8.7264666,41.2703874],[-8.7266208,41.2703823],[-8.7267568,41.2704003],[-8.7268714,41.270437],[-8.726985,41.2705274],[-8.7270735,41.2706485],[-8.7271363,41.2707303],[-8.7271788,41.2707558],[-8.7272973,41.2707537],[-8.7275207,41.2707163],[-8.7277022,41.2707245],[-8.72786,41.2707442],[-8.728008,41.2707245],[-8.7281588,41.2706664],[-8.7286245,41.270341],[-8.7282612,41.2703437],[-8.7282184,41.2703437],[-8.7281866,41.2703413],[-8.7281564,41.2703283],[-8.7281111,41.2703043],[-8.7280559,41.270293],[-8.7280064,41.2702848],[-8.7279736,41.2702504],[-8.7279611,41.270212],[-8.7279162,41.270202],[-8.7278687,41.2702079],[-8.7278878,41.2701777],[-8.7279221,41.2701309],[-8.7279988,41.2700195],[-8.7280938,41.2699102],[-8.7280317,41.2698548],[-8.7279565,41.2697921],[-8.7278998,41.2697384],[-8.7278591,41.2696916],[-8.7278104,41.2696541],[-8.7277623,41.2695292],[-8.7277766,41.2694346],[-8.7277444,41.2693906],[-8.7277316,41.2692891],[-8.7277094,41.2691981],[-8.7276807,41.2690929],[-8.7276627,41.2690083],[-8.7276488,41.2689383],[-8.7276268,41.2688644],[-8.7276156,41.2687585],[-8.7276194,41.2686234],[-8.7276086,41.2685352],[-8.7276098,41.2684847],[-8.7276223,41.2684405],[-8.7276312,41.2683567],[-8.727665,41.268289],[-8.7276925,41.2681808],[-8.7277234,41.2679996],[-8.7277239,41.2679051],[-8.7277684,41.2678005],[-8.7277991,41.267678],[-8.7278196,41.2675824],[-8.7278856,41.2674254],[-8.7279299,41.2673107],[-8.7279414,41.2672451],[-8.7279582,41.2671701],[-8.7280067,41.2671158],[-8.7280512,41.2670328],[-8.7281327,41.266937],[-8.7282014,41.2668646],[-8.728229,41.2667708],[-8.7282413,41.2666618],[-8.72821,41.26657],[-8.7281635,41.2664839],[-8.7281531,41.2663697],[-8.7281506,41.2662768],[-8.72817,41.266139],[-8.7281823,41.266041],[-8.7282177,41.2659434],[-8.7282525,41.2658549],[-8.7283092,41.2657196],[-8.7284177,41.2655732],[-8.7285167,41.2654917],[-8.7286363,41.2653732],[-8.7287063,41.2652603],[-8.7288254,41.2651695],[-8.7288413,41.265064],[-8.7288453,41.264946],[-8.7288193,41.264866],[-8.7287435,41.26478],[-8.7285872,41.2647142],[-8.728526,41.2646453],[-8.7284389,41.2646224],[-8.7283163,41.2645841],[-8.7282411,41.2645117],[-8.7281172,41.2644493],[-8.7279831,41.2643672],[-8.7278999,41.2642596],[-8.7278163,41.2641329],[-8.7278102,41.2640403],[-8.7277342,41.2639561],[-8.7277133,41.2638104],[-8.7276649,41.263744],[-8.7276788,41.2636195],[-8.7276074,41.2634779],[-8.7275794,41.2633455],[-8.7274815,41.2631848],[-8.7274374,41.26307],[-8.72735,41.262973],[-8.7272726,41.2629149],[-8.7270724,41.2629179],[-8.7269107,41.2628476],[-8.7267765,41.2625627],[-8.7267883,41.2624501],[-8.7267571,41.262399],[-8.7266469,41.2622816],[-8.7266131,41.262171],[-8.7265771,41.2621109],[-8.7265611,41.2620641],[-8.7265857,41.2620034],[-8.7266333,41.2618847],[-8.726549,41.2617833],[-8.7263234,41.2618655],[-8.7262534,41.2617615],[-8.7262278,41.2616716],[-8.7263351,41.2616051],[-8.7263566,41.2615178],[-8.7262326,41.2615176],[-8.7260529,41.261442],[-8.7259396,41.2614083],[-8.7258278,41.261426],[-8.7257713,41.2612831],[-8.7256434,41.261147],[-8.7255667,41.2609817],[-8.7254804,41.2608308],[-8.7254146,41.2607746],[-8.7251753,41.260719],[-8.7249849,41.2606983],[-8.724954,41.2606653],[-8.724827,41.2600247],[-8.7248237,41.2599023],[-8.7247351,41.2599002],[-8.7246182,41.2596557],[-8.7244791,41.2596151],[-8.7244719,41.2594998],[-8.7246533,41.2593531],[-8.7246561,41.2592287],[-8.7245527,41.259115],[-8.7245051,41.2589532],[-8.7244989,41.2587444],[-8.7244596,41.2585347],[-8.7243971,41.2583577],[-8.7243196,41.2581871],[-8.7243167,41.2580141],[-8.7242615,41.2578388],[-8.7242357,41.2576428],[-8.7241594,41.2571165],[-8.7241968,41.2569002],[-8.7241439,41.2567581],[-8.7241105,41.2565422],[-8.7241075,41.2562153],[-8.7242098,41.2558512],[-8.7243652,41.2555002],[-8.7245438,41.2552308],[-8.7244906,41.2548133],[-8.7245316,41.2545609],[-8.7246331,41.2542976],[-8.724724,41.2540827],[-8.7247747,41.2539052],[-8.7247548,41.253719],[-8.7247071,41.2534471],[-8.7246431,41.2531827],[-8.724655,41.2530532],[-8.7246342,41.2528948],[-8.7246215,41.252695],[-8.7245763,41.252572],[-8.7245764,41.2524026],[-8.7245832,41.2521623],[-8.7246102,41.2518054],[-8.7246351,41.2516631],[-8.7246908,41.2515196],[-8.7247787,41.2513039],[-8.724867,41.2510632],[-8.7249429,41.2509213],[-8.7250783,41.2504434],[-8.7252085,41.2502107],[-8.7252954,41.250139],[-8.7253446,41.2500684],[-8.7254529,41.2499401],[-8.7255998,41.2498043],[-8.7257128,41.2497361],[-8.7257664,41.24969],[-8.7258392,41.2496607],[-8.7260146,41.2496113],[-8.7260474,41.2495588],[-8.7260688,41.249519],[-8.7261264,41.2495036],[-8.7261477,41.2494585],[-8.7260559,41.2494426],[-8.7259701,41.2494107],[-8.7258716,41.2493319],[-8.7257875,41.2492748],[-8.725743,41.2492138],[-8.7257234,41.2490689],[-8.7256555,41.2486667],[-8.7256692,41.2482029],[-8.7257842,41.2475381],[-8.725873,41.2471341],[-8.7259664,41.2468266],[-8.7260837,41.2466144],[-8.726182,41.2462808],[-8.7262802,41.2459533],[-8.7264108,41.2456755],[-8.726464,41.2453887],[-8.7266053,41.2449289],[-8.7267035,41.2446647],[-8.7268454,41.2444631],[-8.7269905,41.2441283],[-8.7271612,41.2438447],[-8.7273814,41.2435751],[-8.7275827,41.24343],[-8.7278933,41.2432654],[-8.7281189,41.2431177],[-8.7283717,41.2430388],[-8.7285835,41.2429602],[-8.7289022,41.2429245],[-8.7288964,41.2428776],[-8.7289582,41.2427865],[-8.7290272,41.2427439],[-8.7290156,41.2427105],[-8.7289767,41.2426693],[-8.7290464,41.2426682],[-8.7291013,41.2426605],[-8.7291578,41.2426414],[-8.7291318,41.242583],[-8.7289021,41.2425167],[-8.7288485,41.2424592],[-8.7289477,41.2423526],[-8.7288068,41.2423829],[-8.7286687,41.2423918],[-8.7285513,41.2422844],[-8.7286073,41.2421543],[-8.7285389,41.2419566],[-8.7283647,41.2419395],[-8.728244,41.2417835],[-8.7280528,41.2417512],[-8.7279691,41.2416149],[-8.7278051,41.2416552],[-8.7277774,41.2415148],[-8.7276937,41.2415792],[-8.7275522,41.2414513],[-8.7274526,41.2413617],[-8.7274423,41.2412448],[-8.727491,41.2411418],[-8.7275965,41.2411475],[-8.7276634,41.2411832],[-8.7276749,41.2411401],[-8.7276719,41.2410897],[-8.7275562,41.2410146],[-8.7274955,41.2409445],[-8.7275361,41.2408903],[-8.7276052,41.2408458],[-8.7275462,41.2407527],[-8.7274728,41.2407035],[-8.7273698,41.2406706],[-8.7275058,41.2406142],[-8.7273948,41.2405473],[-8.7273321,41.2404736],[-8.7271839,41.2404554],[-8.7270486,41.2404733],[-8.7269678,41.2404394],[-8.7268854,41.240457],[-8.726815,41.2403673],[-8.7267684,41.240284],[-8.726766,41.2402199],[-8.7267795,41.2401332],[-8.7266875,41.2400414],[-8.7266073,41.2399698],[-8.7266379,41.239849],[-8.7265099,41.2398712],[-8.7264361,41.2398778],[-8.7263277,41.2398216],[-8.7262435,41.2397249],[-8.7262116,41.2396081],[-8.7262092,41.2395216],[-8.72621,41.239435],[-8.7262527,41.2393962],[-8.7261626,41.239348],[-8.7261142,41.2394265],[-8.7260486,41.2394873],[-8.7259324,41.2394105],[-8.7258604,41.2393487],[-8.7257892,41.2393572],[-8.7258061,41.239275],[-8.7257746,41.2391986],[-8.7257134,41.2391359],[-8.7256578,41.2390732],[-8.7256172,41.2390394],[-8.7255282,41.2390279],[-8.7254664,41.2389436],[-8.7253891,41.2389305],[-8.7253518,41.2389011],[-8.7252695,41.2389024],[-8.7252436,41.2388142],[-8.7251913,41.2387669],[-8.7251049,41.238724],[-8.7250501,41.2387181],[-8.7249946,41.2386894],[-8.724998,41.238632],[-8.7251194,41.2385934],[-8.7250761,41.238546],[-8.7248964,41.2384209],[-8.7248406,41.2383751],[-8.7247564,41.238317],[-8.7246143,41.2381702],[-8.7245435,41.2380418],[-8.7245036,41.2378357],[-8.724503,41.2376711],[-8.7244042,41.2373968],[-8.7243868,41.2371656],[-8.7244155,41.2369612],[-8.7244647,41.2367943],[-8.7246052,41.2365451],[-8.7245027,41.2365826],[-8.7243613,41.2365689],[-8.7242726,41.2365188],[-8.7243043,41.2364711],[-8.7243156,41.2363981],[-8.7243869,41.2362914],[-8.7244731,41.2361604],[-8.72453,41.2360818],[-8.724382,41.2361571],[-8.7242128,41.2362013],[-8.7241526,41.2361007],[-8.7241206,41.2360243],[-8.7241528,41.2359431],[-8.7241909,41.2358639],[-8.7242235,41.2357843],[-8.7242562,41.2356871],[-8.7243538,41.2356134],[-8.7244926,41.2355578],[-8.7246014,41.2355339],[-8.7246236,41.2354716],[-8.7245219,41.2354496],[-8.724467,41.2354429],[-8.7243581,41.2354586],[-8.7242819,41.2353943],[-8.724227,41.2353206],[-8.7241724,41.2352562],[-8.7241207,41.2352565],[-8.7240748,41.2352648],[-8.724,41.2352146],[-8.7240403,41.2351639],[-8.7240293,41.2350777],[-8.723961,41.2350313],[-8.7239639,41.234987],[-8.7237596,41.2346261],[-8.7237355,41.2344957],[-8.7236709,41.234316],[-8.7236747,41.2340908],[-8.7237542,41.2339717],[-8.7237635,41.2338934],[-8.7237892,41.2337942],[-8.7238165,41.2337074],[-8.7238227,41.2336598],[-8.7238553,41.2336028],[-8.7238819,41.2335506],[-8.7238976,41.2334819],[-8.7239456,41.2334017],[-8.7239245,41.2333396],[-8.7239317,41.2332512],[-8.7239286,41.2331722],[-8.7237926,41.2330756],[-8.7235688,41.2329569],[-8.7235702,41.2328938],[-8.7236297,41.232826],[-8.7237546,41.2327651],[-8.7238323,41.2327745],[-8.7239259,41.2327344],[-8.7239856,41.2327099],[-8.7240186,41.2326774],[-8.7238709,41.2326132],[-8.7237196,41.2325888],[-8.7236116,41.2326235],[-8.723485,41.2326297],[-8.7234466,41.2326668],[-8.7233889,41.2327642],[-8.7233291,41.2327836],[-8.7232648,41.2327524],[-8.7232042,41.2326517],[-8.7231195,41.2326505],[-8.7230673,41.2325959],[-8.7230032,41.2325701],[-8.7230209,41.2325241],[-8.7230956,41.2324632],[-8.7231592,41.2324215],[-8.7230619,41.2323267],[-8.722977,41.2322497],[-8.7229046,41.2322283],[-8.7227808,41.2322056],[-8.7227069,41.2320846],[-8.7225697,41.2319662],[-8.7224368,41.2318617],[-8.7224314,41.2318539],[-8.7214713,41.2320444],[-8.7186249,41.2326312],[-8.7183642,41.2326681],[-8.7182732,41.2326602],[-8.7174723,41.2328226],[-8.7177035,41.2335347],[-8.7177238,41.2336754],[-8.7177037,41.2339345],[-8.7170192,41.2337717],[-8.7169091,41.2337685],[-8.7168054,41.2337909],[-8.7160263,41.2338979],[-8.7159455,41.2338875],[-8.7156617,41.2339162],[-8.715544,41.2337781],[-8.7147882,41.2341162],[-8.7148677,41.234192],[-8.7145329,41.234591],[-8.7144758,41.2346492],[-8.7143434,41.2347173],[-8.7142053,41.234765],[-8.7139917,41.2348057],[-8.7138956,41.2348169],[-8.7138041,41.2348192],[-8.7137517,41.2348132],[-8.7137065,41.234817],[-8.713512,41.2348664],[-8.7134938,41.2348837],[-8.7133991,41.2349047],[-8.7129175,41.2349953],[-8.7121554,41.235078],[-8.71162,41.2351579],[-8.7112911,41.2352194],[-8.7110239,41.2352898],[-8.7107876,41.235376],[-8.7105703,41.2354122],[-8.7100844,41.2354946],[-8.7098276,41.2355824],[-8.7095852,41.2357414],[-8.7094073,41.2358407],[-8.7091635,41.2359515],[-8.7089858,41.2360094],[-8.7088621,41.2360191],[-8.708599,41.2359914],[-8.7084506,41.236036],[-8.7082712,41.2361463],[-8.7078605,41.2363372],[-8.7070656,41.2364639],[-8.7064776,41.2365923],[-8.7056586,41.2368552],[-8.7052704,41.2369321],[-8.704792,41.2369625],[-8.7042423,41.2369877],[-8.7038611,41.2370146],[-8.7036453,41.237069],[-8.7035262,41.2371422],[-8.7034799,41.2372419],[-8.7034538,41.2375197],[-8.703415,41.2375969],[-8.7032424,41.2376951],[-8.7024925,41.2379655],[-8.7018131,41.2382062],[-8.7011156,41.2384244],[-8.7001625,41.2387215],[-8.7000028,41.2386692],[-8.6998082,41.2386125],[-8.6992086,41.2385666],[-8.6983819,41.2385115],[-8.6975402,41.2384535],[-8.6967117,41.2383905],[-8.6961199,41.2383239],[-8.6954827,41.2382607],[-8.6944746,41.238157],[-8.6931498,41.2380137]]]}},{"type":"Feature","properties":{"nome":"Leça da Palmeira","municipio":"Matosinhos","municipio_short":"MAT","dicofre":"130818","area_km2":7.14,"area_ha":714.41,"populacao":20706,"populacao_fonte":"estimated","densidade":2900,"num_escolas":4,"num_parques":1,"area_verde_m2":248472,"comboios_ativos":2,"camara_nome":"Câmara Municipal de Matosinhos","camara_email":"geral@cm-matosinhos.pt","camara_url":"https://www.cm-matosinhos.pt","escudo_url":null,"cor_principal":"#6B3F58","centroide":[-8.707679373714283,41.19573728300003],"_todo":["Replace estimated populacao with real INE 2021 BGRI","Add real num_escolas (Censo + DGEEC)","Add real area_verde_m2 (Câmara dataset)","Add real comboios_ativos (Bicis Sapiens registry)","Add escudo_url (Wikimedia Commons SVG)","Verify cor_principal against actual heraldic blazon"]},"geometry":{"type":"Polygon","coordinates":[[[-8.6826246,41.1957376],[-8.6825824,41.1957781],[-8.6823311,41.196336],[-8.6820436,41.1971669],[-8.6818454,41.197851],[-8.6817031,41.1981663],[-8.6804531,41.1995999],[-8.6802253,41.1998195],[-8.6800955,41.2005868],[-8.6807349,41.2008334],[-8.6817054,41.2021284],[-8.6817435,41.2021685],[-8.6818112,41.2022299],[-8.6818228,41.2022902],[-8.6817829,41.202338],[-8.6817847,41.2023561],[-8.6817716,41.2023688],[-8.6817893,41.2024018],[-8.6818305,41.2024457],[-8.6818367,41.2025017],[-8.6818094,41.2027189],[-8.6818223,41.2028554],[-8.6818349,41.2029655],[-8.6818266,41.2030316],[-8.6817967,41.203092],[-8.6818609,41.2032062],[-8.6820608,41.2033189],[-8.682144,41.203353],[-8.6823646,41.2034272],[-8.6825898,41.2035672],[-8.6826553,41.2036954],[-8.6828191,41.2039423],[-8.6828739,41.2040517],[-8.6830221,41.2042981],[-8.6831468,41.2043603],[-8.6831863,41.2044432],[-8.6831199,41.2045466],[-8.6828154,41.2047986],[-8.6828044,41.2048985],[-8.6827676,41.2049802],[-8.6830237,41.205327],[-8.6831498,41.205527],[-8.6832271,41.2056963],[-8.6831064,41.2059056],[-8.6831441,41.2062341],[-8.6833377,41.206166],[-8.6834286,41.2062593],[-8.6836537,41.206363],[-8.6837889,41.2063702],[-8.6840704,41.2064991],[-8.6841106,41.2064839],[-8.684336,41.2068423],[-8.6844152,41.2069708],[-8.6839925,41.2070937],[-8.68446,41.2079602],[-8.6846201,41.2085016],[-8.6847964,41.2085373],[-8.6850752,41.2084604],[-8.6852169,41.208894],[-8.6852533,41.2090557],[-8.6850612,41.2096232],[-8.6853516,41.2100525],[-8.6854929,41.2102144],[-8.6858946,41.2105259],[-8.686178,41.2107695],[-8.6862717,41.2109236],[-8.6863166,41.211092],[-8.6866983,41.2110506],[-8.6876963,41.2108131],[-8.6877888,41.2109312],[-8.6878646,41.2110821],[-8.6880199,41.2110621],[-8.6902589,41.2111559],[-8.6904845,41.2131168],[-8.690963,41.2131216],[-8.6912762,41.2131328],[-8.6915854,41.2131764],[-8.6918077,41.2132373],[-8.6920592,41.2133493],[-8.6923255,41.2135231],[-8.6931817,41.2140996],[-8.69334,41.2141921],[-8.6936451,41.2141483],[-8.693979,41.2133395],[-8.6943087,41.2133679],[-8.6944107,41.213447],[-8.6946133,41.2134524],[-8.6963764,41.2134328],[-8.6965229,41.2133413],[-8.696645,41.213325],[-8.6974122,41.213307],[-8.7009306,41.2134945],[-8.7010642,41.2134731],[-8.7011455,41.2134147],[-8.7010675,41.2123902],[-8.7027428,41.2133753],[-8.7028143,41.2133953],[-8.7029659,41.2133725],[-8.7033414,41.2133669],[-8.7034856,41.2134173],[-8.7036964,41.2135011],[-8.7039003,41.2135189],[-8.7041403,41.2135],[-8.7059651,41.2148411],[-8.7128293,41.2152535],[-8.714318,41.2153371],[-8.7164906,41.2154266],[-8.7165045,41.2153222],[-8.7165955,41.2152624],[-8.7166975,41.2151853],[-8.7166133,41.2151128],[-8.7164507,41.2150155],[-8.7163248,41.2149793],[-8.7162036,41.2149942],[-8.7160868,41.2150767],[-8.7159998,41.2150861],[-8.7159648,41.2149521],[-8.7160218,41.214698],[-8.7160408,41.2146141],[-8.7160135,41.2144623],[-8.7159212,41.2143052],[-8.7159534,41.2141572],[-8.7160356,41.214084],[-8.716162,41.2140203],[-8.7162758,41.2140304],[-8.7164021,41.2140135],[-8.7164084,41.2139118],[-8.7163934,41.2137912],[-8.7163806,41.2136553],[-8.7163073,41.2135568],[-8.7162244,41.2136083],[-8.7161233,41.2136448],[-8.7160458,41.2135483],[-8.7159213,41.2135236],[-8.7158191,41.2132883],[-8.7157454,41.2129383],[-8.715749,41.212588],[-8.7157747,41.2124636],[-8.7157533,41.2123396],[-8.7157205,41.2122207],[-8.7156919,41.2120698],[-8.7157356,41.2118776],[-8.7157884,41.2117082],[-8.7158281,41.2115935],[-8.7157983,41.2115045],[-8.7158731,41.2113529],[-8.7159185,41.2112059],[-8.7158466,41.2109526],[-8.7158335,41.2105114],[-8.7158817,41.2103282],[-8.7158987,41.2101706],[-8.7158808,41.209916],[-8.71587,41.2097754],[-8.7159099,41.2096196],[-8.7159612,41.2094933],[-8.7160104,41.2093211],[-8.7160868,41.2090956],[-8.716195,41.2088599],[-8.716331,41.2085901],[-8.7164775,41.2083239],[-8.7165662,41.2082162],[-8.7166348,41.2080844],[-8.7166735,41.2079087],[-8.7167609,41.2076848],[-8.716882,41.2074942],[-8.7169531,41.2073389],[-8.717024,41.2072325],[-8.7170926,41.2070771],[-8.7171114,41.2069259],[-8.7171364,41.2068247],[-8.7171188,41.2067106],[-8.7171109,41.2066054],[-8.7171439,41.2065132],[-8.71712,41.2064027],[-8.7171203,41.2062505],[-8.7171164,41.2060831],[-8.7170613,41.2059455],[-8.7170328,41.2057594],[-8.7170702,41.205391],[-8.717137,41.2052977],[-8.7171508,41.2052256],[-8.7172168,41.2051944],[-8.7172242,41.2051344],[-8.7171357,41.2051123],[-8.7170044,41.2051093],[-8.7168901,41.2050587],[-8.7166804,41.2050651],[-8.7168168,41.2050247],[-8.7169563,41.2049872],[-8.716885,41.2048947],[-8.7167633,41.2048171],[-8.7165527,41.2048525],[-8.7164677,41.2048636],[-8.7163999,41.2049073],[-8.7163324,41.204913],[-8.7163007,41.204851],[-8.7162281,41.2048001],[-8.7162177,41.2047405],[-8.7162906,41.2047258],[-8.7163364,41.2047238],[-8.7164065,41.2047216],[-8.7164404,41.204698],[-8.7165439,41.2046516],[-8.7164449,41.2046494],[-8.7165021,41.204559],[-8.7165844,41.2044939],[-8.716679,41.2044222],[-8.7166521,41.2043756],[-8.7165197,41.2043447],[-8.7165572,41.2043041],[-8.7163625,41.2043121],[-8.7162863,41.2043451],[-8.7162559,41.2044226],[-8.7162353,41.2043462],[-8.7162173,41.2042959],[-8.7161077,41.2042909],[-8.7160633,41.2042742],[-8.7160101,41.2042005],[-8.7159178,41.2042164],[-8.7158378,41.2042508],[-8.7158384,41.2042103],[-8.7158369,41.2041583],[-8.7157484,41.2041352],[-8.7157462,41.2041875],[-8.7154918,41.2042141],[-8.7154104,41.2041892],[-8.7152708,41.2041781],[-8.7152004,41.2041559],[-8.7152243,41.2040858],[-8.7153281,41.2040635],[-8.7155513,41.2040247],[-8.7156659,41.2039456],[-8.7156253,41.2038837],[-8.7157463,41.203903],[-8.7159485,41.2038435],[-8.7160346,41.2037538],[-8.7160859,41.2037085],[-8.7161524,41.2036199],[-8.7161345,41.203565],[-8.7162412,41.2034449],[-8.7162905,41.2033625],[-8.7162851,41.2032736],[-8.7163684,41.2031652],[-8.7162942,41.2030801],[-8.7161662,41.2030374],[-8.7160587,41.2029786],[-8.7161847,41.2029743],[-8.7162641,41.2029226],[-8.7162429,41.2028245],[-8.7161709,41.20276],[-8.7160701,41.2027056],[-8.7158938,41.2026524],[-8.7157824,41.2026333],[-8.7157108,41.2026931],[-8.7156548,41.2027032],[-8.7156096,41.2026837],[-8.7156747,41.202595],[-8.7157306,41.2025084],[-8.7157172,41.2024572],[-8.715612,41.2025028],[-8.7156345,41.2023845],[-8.7155778,41.202284],[-8.7154209,41.2022181],[-8.7152991,41.2022081],[-8.7151865,41.202304],[-8.715117,41.2022332],[-8.7150651,41.2021524],[-8.7149928,41.2020332],[-8.7148287,41.2019845],[-8.7147195,41.2019057],[-8.7145342,41.2018534],[-8.7143896,41.2019361],[-8.714204,41.2020381],[-8.7141557,41.2020383],[-8.7141107,41.2020096],[-8.7140947,41.2019612],[-8.714162,41.2018868],[-8.7142729,41.2017757],[-8.7142241,41.2016848],[-8.7140647,41.2016442],[-8.7139813,41.201596],[-8.7138904,41.2016541],[-8.7139324,41.2015819],[-8.7139183,41.2015254],[-8.7139291,41.2014415],[-8.713994,41.2012934],[-8.7138508,41.2011205],[-8.713802,41.2010353],[-8.7137539,41.2009247],[-8.7137401,41.2008195],[-8.713618,41.200703],[-8.7134791,41.2006227],[-8.7133662,41.200472],[-8.7133474,41.2003776],[-8.7134076,41.2002782],[-8.7132619,41.2002446],[-8.7131074,41.2002437],[-8.7129158,41.2002312],[-8.7128001,41.2002084],[-8.7127491,41.2001842],[-8.7128743,41.2000963],[-8.7128365,41.1999516],[-8.7126825,41.1998435],[-8.7126078,41.199823],[-8.7124243,41.1997637],[-8.712255,41.1996455],[-8.7121351,41.1994653],[-8.7121059,41.1992934],[-8.7120391,41.1992046],[-8.7120348,41.1991236],[-8.7118872,41.1989946],[-8.71187,41.1988776],[-8.7117468,41.1988127],[-8.7117012,41.1986886],[-8.7116826,41.1984673],[-8.7115003,41.1983745],[-8.7114939,41.1982186],[-8.7115353,41.1979997],[-8.7116359,41.1978965],[-8.7117296,41.1978699],[-8.711798,41.1978119],[-8.7118472,41.1977335],[-8.7120328,41.1976253],[-8.7120467,41.1975434],[-8.7119318,41.1974412],[-8.7120741,41.1973182],[-8.7122653,41.1974225],[-8.7123064,41.1973817],[-8.7123699,41.1973347],[-8.7123243,41.1972187],[-8.7119741,41.197044],[-8.7120369,41.1970004],[-8.7121893,41.1970708],[-8.7124821,41.1969486],[-8.7124057,41.1968376],[-8.7122853,41.1968326],[-8.7123607,41.1967097],[-8.7122634,41.196668],[-8.7121541,41.1965929],[-8.7120711,41.1965725],[-8.711964,41.1965255],[-8.7121588,41.1964894],[-8.7120901,41.1963456],[-8.7120111,41.1964063],[-8.711882,41.1963782],[-8.7117477,41.1963851],[-8.7116556,41.1964604],[-8.7116951,41.196542],[-8.7116197,41.1966063],[-8.7116171,41.1966479],[-8.7114684,41.1966026],[-8.7113058,41.1966422],[-8.7114798,41.1967367],[-8.7114728,41.1968088],[-8.7113174,41.1968005],[-8.7112118,41.1967155],[-8.7111529,41.1967969],[-8.7111238,41.1967],[-8.7111594,41.1966376],[-8.7112348,41.1965841],[-8.7111016,41.1965054],[-8.7109895,41.1964375],[-8.7110521,41.1965543],[-8.7108908,41.1964417],[-8.7107897,41.1964369],[-8.7108046,41.196499],[-8.7105484,41.1964335],[-8.7103205,41.1962726],[-8.7101364,41.1959756],[-8.7101165,41.1957],[-8.7101483,41.1955549],[-8.7102667,41.1955833],[-8.7103448,41.1955711],[-8.7104455,41.1955841],[-8.7104504,41.1954543],[-8.7103077,41.1953344],[-8.7101883,41.1952449],[-8.710263,41.1951573],[-8.7101596,41.1950579],[-8.7100483,41.1950239],[-8.7100649,41.1949639],[-8.7099809,41.1948653],[-8.7098402,41.1948218],[-8.7098479,41.1948741],[-8.7096607,41.1948173],[-8.7095325,41.1947686],[-8.7094683,41.1948569],[-8.7094118,41.1948735],[-8.709467,41.1947697],[-8.7094864,41.1947282],[-8.709374,41.1947459],[-8.7093259,41.1948081],[-8.7092741,41.1948759],[-8.709128,41.1948307],[-8.7090581,41.1946997],[-8.7090083,41.1945081],[-8.7088802,41.194399],[-8.7088157,41.1943255],[-8.7088004,41.1942193],[-8.7087763,41.1940835],[-8.7088432,41.1939597],[-8.7089499,41.1939619],[-8.709076,41.1939289],[-8.7089201,41.1938118],[-8.7089678,41.1937449],[-8.7090214,41.1937446],[-8.7090285,41.1938102],[-8.7091588,41.193852],[-8.7091808,41.1937492],[-8.7090451,41.1936455],[-8.7090282,41.1935645],[-8.709056,41.1934436],[-8.7089938,41.1933539],[-8.7089699,41.1932452],[-8.7088482,41.1932412],[-8.7088612,41.193134],[-8.7087941,41.1931216],[-8.7087284,41.1931076],[-8.7086457,41.1931449],[-8.7085918,41.1932372],[-8.7084237,41.1933613],[-8.7082968,41.1935293],[-8.7081886,41.1935524],[-8.7080278,41.1934811],[-8.7080863,41.1934117],[-8.708003,41.193084],[-8.7080695,41.1931542],[-8.7082088,41.1930579],[-8.7081514,41.1930188],[-8.7083889,41.1929095],[-8.7084825,41.1928108],[-8.708401,41.1927958],[-8.7082272,41.1928167],[-8.7081567,41.1927917],[-8.7082662,41.1927301],[-8.7082214,41.1926907],[-8.7081233,41.1926262],[-8.7081044,41.192476],[-8.70795,41.1924379],[-8.7077405,41.1924319],[-8.7076587,41.1925069],[-8.7075766,41.1925019],[-8.7075312,41.1923941],[-8.7074766,41.1922721],[-8.7073751,41.1923084],[-8.7072665,41.1922858],[-8.7071079,41.1920714],[-8.7070462,41.1918213],[-8.7071057,41.1916634],[-8.7070864,41.1915835],[-8.7071961,41.191545],[-8.7073498,41.1915515],[-8.7075076,41.1915147],[-8.7073944,41.1915044],[-8.7074146,41.1914674],[-8.7072772,41.1914393],[-8.7071418,41.1914085],[-8.707247,41.1913891],[-8.7073468,41.1913639],[-8.7072651,41.1912999],[-8.7073503,41.191268],[-8.7072733,41.1912187],[-8.7071778,41.1912381],[-8.7070379,41.1911496],[-8.707005,41.1911002],[-8.7070109,41.1910274],[-8.7070501,41.1909821],[-8.7071264,41.1908872],[-8.7071797,41.1908455],[-8.7071039,41.1907821],[-8.7070755,41.1907057],[-8.7071186,41.1906712],[-8.7071809,41.1905771],[-8.7071363,41.1905062],[-8.7072355,41.190495],[-8.7072687,41.1904318],[-8.707253,41.1903716],[-8.7072524,41.1903004],[-8.7071891,41.1902153],[-8.7070542,41.1901464],[-8.7069742,41.1900677],[-8.7068594,41.1900394],[-8.7068252,41.1899191],[-8.7068289,41.1897885],[-8.7068551,41.1896281],[-8.7069138,41.189446],[-8.7069541,41.1892179],[-8.7069327,41.1890064],[-8.7069042,41.1888993],[-8.706911,41.1887266],[-8.7069088,41.188576],[-8.7069505,41.1882787],[-8.7070217,41.1879238],[-8.707017,41.1878552],[-8.707085,41.1876685],[-8.7070962,41.1875567],[-8.7070172,41.1874536],[-8.7069827,41.1872962],[-8.7069784,41.1871035],[-8.7068686,41.1870205],[-8.7067794,41.1869461],[-8.7068275,41.1868587],[-8.7069583,41.1867471],[-8.7070543,41.1866693],[-8.7071615,41.1866201],[-8.7072073,41.1864938],[-8.7074178,41.1864047],[-8.7075258,41.1863644],[-8.7077726,41.1862335],[-8.7081755,41.1860002],[-8.7084465,41.1858781],[-8.7088501,41.185651],[-8.7094463,41.1853419],[-8.7099923,41.1850501],[-8.7101693,41.1849682],[-8.7102464,41.1849262],[-8.7103865,41.184814],[-8.7105628,41.184724],[-8.7107227,41.1846583],[-8.7108241,41.1845938],[-8.71089,41.184528],[-8.7109475,41.1845131],[-8.7110946,41.1843927],[-8.7113146,41.1843052],[-8.7114122,41.1841542],[-8.7115455,41.1839824],[-8.7117415,41.1837628],[-8.7117564,41.183651],[-8.7117822,41.1836186],[-8.711838,41.1835947],[-8.7118958,41.1834612],[-8.7120486,41.1832984],[-8.7121362,41.1831331],[-8.7121446,41.1830315],[-8.7121886,41.1827006],[-8.7122105,41.1825809],[-8.7122477,41.1824969],[-8.7121985,41.1823989],[-8.7122678,41.182322],[-8.7122156,41.1822593],[-8.7122128,41.1821342],[-8.7122421,41.1820035],[-8.7122264,41.1819416],[-8.7121601,41.1817934],[-8.7121434,41.1816646],[-8.7121159,41.1815792],[-8.712006,41.1814824],[-8.7120536,41.1814372],[-8.7119366,41.1812703],[-8.7119035,41.1811481],[-8.7118253,41.1811035],[-8.7117744,41.1811189],[-8.7111738,41.1797012],[-8.7105985,41.1782365],[-8.7105247,41.1781883],[-8.7104355,41.1780384],[-8.7101114,41.1771143],[-8.7100509,41.1770426],[-8.7100503,41.1769256],[-8.7099947,41.1768305],[-8.7099869,41.1767397],[-8.7098908,41.1766411],[-8.7099069,41.1764779],[-8.7097294,41.1761017],[-8.7096864,41.1760586],[-8.7096342,41.1759238],[-8.7095153,41.1756145],[-8.7094854,41.1754473],[-8.7093485,41.1752319],[-8.7092325,41.1749696],[-8.7091116,41.1746576],[-8.7090468,41.1745536],[-8.7089822,41.1743145],[-8.7088291,41.1740542],[-8.7087684,41.1738563],[-8.7086551,41.1736183],[-8.7085543,41.1733344],[-8.7084548,41.173089],[-8.7083656,41.1728455],[-8.7083084,41.1726988],[-8.7082409,41.1726668],[-8.708218,41.1725876],[-8.7081538,41.172562],[-8.7081091,41.1725811],[-8.7080378,41.1726301],[-8.7077252,41.1727172],[-8.7078455,41.172947],[-8.7079468,41.1730977],[-8.7079174,41.1731727],[-8.7080426,41.1733476],[-8.7079271,41.1733769],[-8.7081014,41.1734762],[-8.7086206,41.1748176],[-8.708327,41.1748616],[-8.708258,41.1747196],[-8.7082472,41.1746349],[-8.7080814,41.1746862],[-8.7081209,41.1747608],[-8.7082234,41.1747468],[-8.7082648,41.1748844],[-8.7081644,41.1749244],[-8.7083944,41.1754466],[-8.7085441,41.1754115],[-8.7085111,41.1753199],[-8.7084071,41.175332],[-8.7083504,41.1751792],[-8.7084609,41.1751409],[-8.7083753,41.1749278],[-8.7086303,41.1748781],[-8.7086781,41.1750335],[-8.708801,41.1750067],[-8.7102349,41.1785662],[-8.7099411,41.1786307],[-8.7098152,41.1785467],[-8.709109,41.1786968],[-8.7089352,41.1785671],[-8.7085846,41.1782638],[-8.7085078,41.1781832],[-8.7083725,41.1781991],[-8.7083844,41.1783116],[-8.7085279,41.1784091],[-8.7087021,41.1785944],[-8.7088509,41.178736],[-8.7091648,41.1790108],[-8.7093269,41.1791937],[-8.7093859,41.1793428],[-8.7093741,41.1795004],[-8.7094841,41.1795828],[-8.709549,41.1797094],[-8.7096441,41.179763],[-8.7097997,41.1797828],[-8.7100007,41.1798304],[-8.7102419,41.1800092],[-8.7104174,41.1801201],[-8.7105759,41.1804606],[-8.7106344,41.1808475],[-8.7106811,41.1809337],[-8.7107289,41.1809171],[-8.7107858,41.1809359],[-8.7106804,41.1814154],[-8.7106267,41.1814174],[-8.7105897,41.1815275],[-8.7106282,41.1815535],[-8.7105334,41.1819536],[-8.7103944,41.1819138],[-8.7103834,41.1817463],[-8.7102581,41.1817444],[-8.7100945,41.1823673],[-8.7102218,41.1823846],[-8.7102706,41.1822285],[-8.7103151,41.1822292],[-8.7103813,41.1819714],[-8.7104751,41.1819845],[-8.7103097,41.1826625],[-8.7102421,41.1826601],[-8.7102216,41.1827564],[-8.7102731,41.1827671],[-8.7101427,41.1832962],[-8.7100751,41.1832859],[-8.7100399,41.1833842],[-8.710083,41.1833947],[-8.7099963,41.1838076],[-8.7098723,41.1837857],[-8.7099318,41.1834773],[-8.7098007,41.1834538],[-8.7097174,41.1838017],[-8.7100073,41.1838661],[-8.7099162,41.1840897],[-8.7098403,41.1842909],[-8.7096933,41.1843933],[-8.7095785,41.1845264],[-8.7092458,41.1848297],[-8.7088069,41.1852207],[-8.7084632,41.1854017],[-8.7080544,41.18559],[-8.707797,41.1857382],[-8.7076083,41.1857742],[-8.7074722,41.1858056],[-8.7073021,41.1856613],[-8.7062711,41.1861718],[-8.7062643,41.1862428],[-8.706155,41.1862804],[-8.7059084,41.1860619],[-8.7058006,41.18611],[-8.7052063,41.1856043],[-8.7050842,41.1854942],[-8.7048791,41.1853008],[-8.7046415,41.1850533],[-8.7044539,41.1848237],[-8.7029808,41.1830942],[-8.6980903,41.1863811],[-8.6970556,41.1871103],[-8.6947981,41.1885149],[-8.6943098,41.1888377],[-8.6870776,41.1909436],[-8.6879638,41.1917989],[-8.6863314,41.1927545],[-8.6828565,41.1948062],[-8.6833335,41.1952839],[-8.6828045,41.1955894],[-8.6826246,41.1957376]]]}},{"type":"Feature","properties":{"nome":"Leça do Balio","municipio":"Matosinhos","municipio_short":"MAT","dicofre":"130819","area_km2":9.11,"area_ha":911.31,"populacao":26419,"populacao_fonte":"estimated","densidade":2900,"num_escolas":5,"num_parques":2,"area_verde_m2":290609,"comboios_ativos":2,"camara_nome":"Câmara Municipal de Matosinhos","camara_email":"geral@cm-matosinhos.pt","camara_url":"https://www.cm-matosinhos.pt","escudo_url":null,"cor_principal":"#3D5C4A","centroide":[-8.633072741603623,41.21647537866874],"_todo":["Replace estimated populacao with real INE 2021 BGRI","Add real num_escolas (Censo + DGEEC)","Add real area_verde_m2 (Câmara dataset)","Add real comboios_ativos (Bicis Sapiens registry)","Add escudo_url (Wikimedia Commons SVG)","Verify cor_principal against actual heraldic blazon"]},"geometry":{"type":"Polygon","coordinates":[[[-8.6331392,41.190573],[-8.6323062,41.1906527],[-8.6321739,41.1902136],[-8.6317515,41.1902878],[-8.6311958,41.1904239],[-8.631045,41.1902538],[-8.6307024,41.1903879],[-8.6305794,41.1902516],[-8.6298945,41.1905688],[-8.6291436,41.189741],[-8.6289519,41.1898329],[-8.6286131,41.1899807],[-8.6284154,41.1897181],[-8.6282307,41.1897763],[-8.6281971,41.1893008],[-8.6281611,41.1890909],[-8.6280011,41.188695],[-8.6278364,41.1882301],[-8.6278049,41.1881013],[-8.6275261,41.1881279],[-8.6272547,41.1881923],[-8.6274172,41.1886706],[-8.6269097,41.1890871],[-8.6258172,41.1899382],[-8.6251542,41.1905259],[-8.6250826,41.1907382],[-8.6246973,41.1908264],[-8.6248695,41.1908998],[-8.6249418,41.191186],[-8.6246562,41.191236],[-8.6245613,41.1915202],[-8.624517,41.1920128],[-8.6248055,41.1919705],[-8.6249999,41.192005],[-8.6249922,41.1920209],[-8.6253833,41.1920907],[-8.6255295,41.1920565],[-8.6255619,41.193406],[-8.6243999,41.1925805],[-8.6241678,41.1925856],[-8.6239032,41.1926315],[-8.6234331,41.1931927],[-8.6232936,41.1934587],[-8.6234894,41.1935408],[-8.6233474,41.1937651],[-8.6231382,41.1940311],[-8.6228848,41.194214],[-8.6224009,41.1943391],[-8.6218612,41.1945224],[-8.621356,41.1947685],[-8.6214034,41.1949764],[-8.6212595,41.194983],[-8.6206949,41.1949925],[-8.6204196,41.1949706],[-8.6203472,41.1948873],[-8.6202856,41.1948316],[-8.6202231,41.1948088],[-8.6201299,41.1947834],[-8.6199684,41.1947405],[-8.6196379,41.1947752],[-8.6196195,41.1946259],[-8.6192389,41.1946812],[-8.619055,41.1947241],[-8.6186498,41.1948572],[-8.6181011,41.1950832],[-8.6176432,41.195249],[-8.6175254,41.1958469],[-8.6173284,41.1968041],[-8.6171185,41.1970173],[-8.6169792,41.1972621],[-8.6168308,41.1975638],[-8.6167475,41.1977562],[-8.6166369,41.1980672],[-8.6165976,41.1981556],[-8.6165929,41.198167],[-8.6165688,41.1983057],[-8.6163019,41.1982149],[-8.6159369,41.1982557],[-8.6155279,41.1984789],[-8.6153061,41.1981522],[-8.614804,41.197386],[-8.6143831,41.1971297],[-8.614035,41.1971228],[-8.6140053,41.1971519],[-8.6141369,41.1977054],[-8.6141778,41.1977156],[-8.614424,41.1981489],[-8.6145339,41.1983817],[-8.6140882,41.1987763],[-8.6139007,41.1991274],[-8.6138928,41.1991687],[-8.6140326,41.1992731],[-8.614489,41.1994238],[-8.6148461,41.1995469],[-8.6150804,41.1996618],[-8.6152649,41.1997997],[-8.6155561,41.2001589],[-8.6156814,41.2004054],[-8.6155312,41.2004564],[-8.615347,41.2005525],[-8.6152539,41.2006513],[-8.6148418,41.2008076],[-8.61465,41.2009175],[-8.6139839,41.2014619],[-8.6135177,41.2009736],[-8.6133091,41.2007757],[-8.6132455,41.2007483],[-8.6129878,41.2007309],[-8.6124819,41.2006817],[-8.6121474,41.2006546],[-8.6120641,41.2006751],[-8.6120344,41.200708],[-8.6120248,41.2007609],[-8.6129624,41.2019491],[-8.612442,41.2021756],[-8.6124909,41.202532],[-8.6124499,41.2027906],[-8.6124911,41.2029517],[-8.6125719,41.2030572],[-8.6127483,41.2032354],[-8.6127722,41.2033059],[-8.6128497,41.2034064],[-8.6129304,41.2034993],[-8.6129875,41.2035444],[-8.6131358,41.2037631],[-8.6133271,41.2041353],[-8.6131839,41.2041662],[-8.6130948,41.2042192],[-8.6130341,41.2042993],[-8.6129475,41.2043645],[-8.6127936,41.2043996],[-8.6126905,41.2044455],[-8.6126707,41.2044783],[-8.6126779,41.2046056],[-8.6127514,41.2050249],[-8.6126394,41.205217],[-8.6124356,41.2054018],[-8.6123758,41.2054449],[-8.61218,41.2055717],[-8.6120007,41.2056781],[-8.6117945,41.2057649],[-8.6117415,41.2058332],[-8.6117855,41.205906],[-8.6123184,41.2057209],[-8.6126691,41.2056345],[-8.6129898,41.2055535],[-8.6132489,41.2054134],[-8.6135672,41.2052252],[-8.6137626,41.2052691],[-8.6141339,41.2053554],[-8.6145683,41.2052538],[-8.6147809,41.2052716],[-8.6147197,41.2055254],[-8.6145734,41.205613],[-8.6142727,41.2057511],[-8.6135446,41.2062597],[-8.6129173,41.2068364],[-8.6126826,41.2071627],[-8.612506,41.2076496],[-8.6124641,41.2078711],[-8.6125324,41.208024],[-8.6124822,41.2082589],[-8.6124422,41.2084767],[-8.6124731,41.2087428],[-8.612503,41.2091905],[-8.6125293,41.209777],[-8.6125837,41.2101664],[-8.6126882,41.2105317],[-8.6127059,41.2107154],[-8.6127592,41.2111135],[-8.6131052,41.2112048],[-8.6130329,41.2116193],[-8.6133506,41.2124948],[-8.6137796,41.2137311],[-8.6141232,41.2148522],[-8.6142524,41.2153091],[-8.6142081,41.2161579],[-8.6141158,41.2167257],[-8.6140799,41.217169],[-8.6140509,41.2174645],[-8.6140312,41.2179845],[-8.6140104,41.2183449],[-8.6140098,41.2192843],[-8.6140515,41.2196681],[-8.6140695,41.2199989],[-8.6141275,41.2204358],[-8.6142137,41.2207339],[-8.6144618,41.221368],[-8.6148275,41.221388],[-8.6152531,41.2213792],[-8.615666,41.2213518],[-8.6157924,41.2217034],[-8.615914,41.2221294],[-8.6160692,41.2225299],[-8.6163272,41.2232249],[-8.6169224,41.2237015],[-8.6173876,41.2240889],[-8.6178946,41.22396],[-8.6182946,41.2239729],[-8.6181697,41.2244075],[-8.6181051,41.2246514],[-8.6193351,41.2247105],[-8.6195197,41.2247124],[-8.6199124,41.2245124],[-8.6206718,41.224075],[-8.6216084,41.2235563],[-8.6217167,41.2233224],[-8.6213987,41.2232784],[-8.6212701,41.2232304],[-8.6210154,41.2228932],[-8.6210119,41.2228419],[-8.6206721,41.2226931],[-8.6206112,41.2226366],[-8.6203989,41.2223807],[-8.6208016,41.2222987],[-8.6212764,41.22194],[-8.6214502,41.2218154],[-8.6216638,41.221575],[-8.6217782,41.2214006],[-8.6218855,41.221266],[-8.6220833,41.2210819],[-8.6222201,41.2209656],[-8.6225084,41.2206496],[-8.6225432,41.2205957],[-8.6225599,41.2205073],[-8.6226974,41.2203627],[-8.6227795,41.2201784],[-8.6227876,41.2200194],[-8.6228549,41.2198732],[-8.6228907,41.2198515],[-8.6231469,41.2199445],[-8.6235845,41.2202542],[-8.6235862,41.2204801],[-8.6236131,41.2205977],[-8.6237589,41.2209733],[-8.623679,41.2212943],[-8.6237364,41.2214478],[-8.6238745,41.2218494],[-8.6239004,41.2222168],[-8.6238205,41.2226591],[-8.6238273,41.2228766],[-8.6237521,41.2229648],[-8.6232939,41.2236882],[-8.623123,41.2239752],[-8.6227503,41.2246958],[-8.6225665,41.2251237],[-8.6223962,41.2256126],[-8.6237067,41.2258091],[-8.6239221,41.2260364],[-8.6240984,41.226199],[-8.6241696,41.2262517],[-8.6242403,41.2262858],[-8.6243344,41.2263256],[-8.6245007,41.2263646],[-8.6247707,41.2264871],[-8.6251896,41.2264976],[-8.6256952,41.2264596],[-8.6264919,41.2267371],[-8.6267129,41.2267987],[-8.6268517,41.2268278],[-8.6271758,41.2268422],[-8.6273855,41.2268684],[-8.6276777,41.2269318],[-8.6279038,41.2268489],[-8.6292006,41.2264409],[-8.6292499,41.2264135],[-8.6294061,41.2263216],[-8.629553,41.2262539],[-8.6296101,41.2262356],[-8.6297644,41.2261957],[-8.6298377,41.2261802],[-8.6299015,41.2261568],[-8.6299866,41.2261343],[-8.6300199,41.226127],[-8.6300826,41.2261278],[-8.6301239,41.2261306],[-8.6301666,41.2261264],[-8.6302372,41.226111],[-8.631412,41.2257061],[-8.6315699,41.225562],[-8.6317214,41.2254739],[-8.6318298,41.2252821],[-8.6317289,41.2252312],[-8.6316745,41.2251064],[-8.6318611,41.2246786],[-8.6320312,41.2247026],[-8.632239,41.2247682],[-8.6324188,41.224777],[-8.6325103,41.2247861],[-8.6326873,41.224833],[-8.6329748,41.224908],[-8.6330475,41.2249148],[-8.6332814,41.2249899],[-8.6335846,41.2250954],[-8.6337949,41.2251785],[-8.6339419,41.2252484],[-8.6340449,41.2253098],[-8.6342587,41.2253939],[-8.6344687,41.2254426],[-8.6346104,41.2254782],[-8.6347926,41.2255118],[-8.6350115,41.2255367],[-8.6352741,41.225566],[-8.6356733,41.2255871],[-8.636184,41.2256573],[-8.636399,41.2256927],[-8.6365156,41.2257474],[-8.6369607,41.2261279],[-8.63707,41.2262429],[-8.6371543,41.2263589],[-8.6372136,41.2265194],[-8.6372348,41.2266542],[-8.6372259,41.2268053],[-8.6372161,41.226847],[-8.6370447,41.2270567],[-8.6370199,41.2271158],[-8.6369098,41.2272461],[-8.636865,41.2273397],[-8.6368036,41.2275239],[-8.63675,41.2276426],[-8.6366738,41.2276871],[-8.636531,41.2277485],[-8.6364456,41.2278119],[-8.6364107,41.2278616],[-8.6363859,41.2279303],[-8.6362786,41.2281025],[-8.63623,41.2281933],[-8.636188,41.2283156],[-8.6361083,41.2284515],[-8.6360332,41.2285434],[-8.6359381,41.2286429],[-8.6357234,41.2288146],[-8.6356335,41.2289371],[-8.6355738,41.2290728],[-8.6355418,41.229176],[-8.6355731,41.2292933],[-8.6357788,41.2294456],[-8.635932,41.2294995],[-8.6361472,41.2295654],[-8.6366283,41.2296633],[-8.6367526,41.2296514],[-8.6370499,41.2298198],[-8.6374038,41.2298908],[-8.6376492,41.2299393],[-8.6379917,41.2300533],[-8.6381737,41.2300114],[-8.6383028,41.2300328],[-8.6384344,41.2300722],[-8.6386699,41.2301418],[-8.6388658,41.2301629],[-8.6391694,41.2301662],[-8.6394038,41.2301548],[-8.6395223,41.2301314],[-8.6397774,41.2301379],[-8.6399248,41.2301591],[-8.6401579,41.2303246],[-8.6403568,41.2305149],[-8.6404173,41.2305681],[-8.6405765,41.2306659],[-8.640755,41.2307936],[-8.6409065,41.2308842],[-8.6415592,41.2311077],[-8.6416179,41.2311494],[-8.6416211,41.2312376],[-8.6415736,41.2313193],[-8.641403,41.2314612],[-8.6412927,41.2315514],[-8.6412341,41.2316567],[-8.6412388,41.2318899],[-8.6413024,41.2322568],[-8.6412363,41.2324442],[-8.6412312,41.2325923],[-8.6412683,41.232864],[-8.6413037,41.2330059],[-8.6412035,41.233241],[-8.6411638,41.233348],[-8.6411576,41.2334171],[-8.6411392,41.2336299],[-8.6410694,41.233831],[-8.6409838,41.2340439],[-8.6409805,41.2340652],[-8.6410123,41.2342583],[-8.6410468,41.2343224],[-8.6410709,41.2343806],[-8.6410766,41.2344487],[-8.6410706,41.2345111],[-8.641032,41.2345962],[-8.6409808,41.2346769],[-8.6408294,41.2348464],[-8.6408057,41.234953],[-8.6408168,41.235033],[-8.6408554,41.2351148],[-8.6409142,41.2351931],[-8.641093,41.2353539],[-8.641214,41.2354251],[-8.6420592,41.2357773],[-8.6427208,41.2361193],[-8.6430414,41.2362562],[-8.6434147,41.2362395],[-8.6438667,41.2362556],[-8.6442021,41.2363803],[-8.6443564,41.2364038],[-8.6445617,41.2363997],[-8.6446867,41.2364138],[-8.6451693,41.2365342],[-8.6456998,41.2366218],[-8.6459414,41.2366111],[-8.6461322,41.2365515],[-8.6462895,41.2364316],[-8.6465726,41.2361746],[-8.6469535,41.2359595],[-8.6470715,41.235828],[-8.6473424,41.2355675],[-8.6477298,41.2353448],[-8.6479471,41.2351819],[-8.6480044,41.2350802],[-8.6479974,41.2350077],[-8.6479394,41.2347325],[-8.6479614,41.2344758],[-8.6480103,41.2340154],[-8.6480457,41.2338145],[-8.6481544,41.2335744],[-8.6483887,41.2333561],[-8.6487644,41.2330973],[-8.6489915,41.2329161],[-8.6491395,41.2327766],[-8.6492086,41.2326672],[-8.6491956,41.232513],[-8.6488463,41.2320613],[-8.6485485,41.2317771],[-8.6483777,41.2316309],[-8.6483231,41.2315833],[-8.6482797,41.2315442],[-8.6482065,41.2314377],[-8.6481803,41.231414],[-8.6481248,41.2313352],[-8.6480686,41.2312269],[-8.6480432,41.2311621],[-8.6479967,41.2310035],[-8.6479301,41.2308774],[-8.6478799,41.2307647],[-8.6478322,41.2306565],[-8.6478307,41.2305418],[-8.6478631,41.2302737],[-8.6478508,41.2301456],[-8.6478275,41.2300534],[-8.6477664,41.2299732],[-8.6477267,41.2298985],[-8.6477287,41.2298101],[-8.6477448,41.229684],[-8.6478613,41.2292327],[-8.6478646,41.2290297],[-8.6477496,41.2288995],[-8.6476671,41.2287957],[-8.6476324,41.2287239],[-8.6476353,41.2286479],[-8.6477356,41.2284159],[-8.6479119,41.2280884],[-8.6480422,41.2277636],[-8.648053,41.2276424],[-8.6480003,41.227543],[-8.6478145,41.2273967],[-8.6477558,41.2273121],[-8.6477417,41.2272453],[-8.6477858,41.2271832],[-8.6480306,41.2269468],[-8.6481347,41.2267611],[-8.6482702,41.2266601],[-8.648435,41.2265808],[-8.648638,41.2265128],[-8.6488445,41.2263896],[-8.6488875,41.2263559],[-8.6489404,41.2263335],[-8.649045,41.2262083],[-8.6491155,41.2260976],[-8.6491667,41.2259952],[-8.6491823,41.2259109],[-8.6491808,41.2258642],[-8.6491707,41.225807],[-8.649155,41.2257466],[-8.6491731,41.2256974],[-8.6492117,41.2256556],[-8.6492666,41.2256152],[-8.6493118,41.2255832],[-8.6493475,41.2255699],[-8.6494092,41.2255761],[-8.6494395,41.2255736],[-8.6495664,41.2255934],[-8.6497644,41.2256469],[-8.649842,41.2256691],[-8.6499799,41.2257224],[-8.6500688,41.2257416],[-8.650136,41.2257413],[-8.6503117,41.2256985],[-8.6505748,41.2256413],[-8.6509238,41.2255407],[-8.6510286,41.2255075],[-8.6512803,41.2254361],[-8.6513349,41.2254247],[-8.6513986,41.2254],[-8.6515327,41.2253262],[-8.6516431,41.2252562],[-8.6516728,41.2252301],[-8.6517336,41.225181],[-8.65183,41.2250633],[-8.6518466,41.2250136],[-8.6518409,41.224959],[-8.6518578,41.2247682],[-8.6517775,41.2245799],[-8.6517945,41.2244168],[-8.6518203,41.2243432],[-8.6518323,41.2241961],[-8.6518265,41.2239856],[-8.6518638,41.2237093],[-8.6518679,41.2235623],[-8.6518895,41.223292],[-8.6518876,41.2230556],[-8.6518206,41.222887],[-8.6517564,41.2227601],[-8.6514666,41.222537],[-8.651371,41.2224302],[-8.6513068,41.2222894],[-8.6511851,41.2218747],[-8.6511376,41.2216703],[-8.6510814,41.2215633],[-8.6509753,41.2214466],[-8.6508298,41.2213359],[-8.6507291,41.221243],[-8.6506973,41.2212034],[-8.6506599,41.2211281],[-8.6506515,41.2210586],[-8.6506026,41.220874],[-8.6505621,41.2207411],[-8.6504009,41.2206544],[-8.6500342,41.2204972],[-8.6497202,41.2203774],[-8.6495161,41.2203445],[-8.6493003,41.2203316],[-8.6490949,41.2202948],[-8.6484839,41.2200353],[-8.6482835,41.2199627],[-8.6482259,41.2199452],[-8.6481134,41.2198514],[-8.6480052,41.2197335],[-8.6479115,41.2196385],[-8.6478355,41.2195687],[-8.6476953,41.2194543],[-8.6475573,41.219341],[-8.6474171,41.2192232],[-8.6473135,41.219147],[-8.6471591,41.2190731],[-8.6470201,41.2190178],[-8.6469169,41.2189931],[-8.6467631,41.2189785],[-8.6465809,41.2189695],[-8.6464967,41.2189643],[-8.6464662,41.2189557],[-8.6464471,41.2189371],[-8.646435,41.2188748],[-8.646583,41.2185113],[-8.6465971,41.2184454],[-8.6465919,41.2183513],[-8.6465637,41.2182605],[-8.6464696,41.2180033],[-8.6464353,41.2178029],[-8.646448,41.2177568],[-8.6463516,41.2177258],[-8.6462567,41.2176919],[-8.646227,41.2174192],[-8.6461822,41.2172561],[-8.6460867,41.2169379],[-8.6460245,41.2166605],[-8.645852,41.2163215],[-8.6456655,41.216018],[-8.6451941,41.2154776],[-8.6447466,41.2150257],[-8.6442332,41.2145532],[-8.6439551,41.2143556],[-8.6436664,41.2141672],[-8.643197,41.2138983],[-8.6430979,41.2138126],[-8.6430372,41.2136585],[-8.6429715,41.2131829],[-8.6429535,41.2124549],[-8.6428163,41.2121473],[-8.6426744,41.2118465],[-8.6424522,41.2113913],[-8.6423066,41.2112902],[-8.642128,41.2111438],[-8.641898,41.2109739],[-8.6416205,41.2107557],[-8.6414961,41.210654],[-8.641258,41.2105593],[-8.6411977,41.2105801],[-8.6410937,41.2106862],[-8.6409494,41.2109286],[-8.6408348,41.2110852],[-8.6407426,41.2111282],[-8.6406779,41.2111124],[-8.640413,41.210983],[-8.6401271,41.2108879],[-8.6398118,41.2108117],[-8.6395843,41.2107594],[-8.6393254,41.2106396],[-8.6390842,41.2105302],[-8.6387909,41.210507],[-8.638705,41.2104838],[-8.6386186,41.2103918],[-8.6384115,41.210312],[-8.638487,41.2102132],[-8.6385564,41.2099758],[-8.6384515,41.2099093],[-8.638233,41.2098543],[-8.6381014,41.2097976],[-8.6380249,41.2097177],[-8.6379889,41.2095589],[-8.6379247,41.2094314],[-8.6377937,41.2093518],[-8.6375536,41.2093303],[-8.6376632,41.2086232],[-8.6371633,41.2085043],[-8.6371528,41.2085749],[-8.6367611,41.2085714],[-8.6367752,41.2080584],[-8.6368572,41.2070671],[-8.6369559,41.2064448],[-8.6374015,41.2063359],[-8.6381748,41.2060861],[-8.6381984,41.2060383],[-8.6381158,41.2059193],[-8.6380704,41.2054343],[-8.6380355,41.2050133],[-8.6379865,41.204733],[-8.6376916,41.2037566],[-8.6376205,41.2036565],[-8.6374553,41.2033832],[-8.6372558,41.2027745],[-8.6371911,41.2024822],[-8.6372842,41.2021615],[-8.637481,41.2019474],[-8.6377971,41.2016744],[-8.6376358,41.2012507],[-8.637175,41.2003499],[-8.6370949,41.200299],[-8.6368542,41.2002266],[-8.6363036,41.2001344],[-8.6365341,41.1994579],[-8.6354044,41.1992259],[-8.6353416,41.1993861],[-8.6349325,41.1994021],[-8.6348747,41.1980693],[-8.6348654,41.1976526],[-8.6349485,41.1969483],[-8.6351352,41.1960268],[-8.6354485,41.1947988],[-8.6355874,41.1942931],[-8.6346836,41.1937313],[-8.6340944,41.1933647],[-8.6338558,41.1932294],[-8.6336898,41.1923255],[-8.6333933,41.1913754],[-8.6331392,41.190573]]]}},{"type":"Feature","properties":{"nome":"Matosinhos","municipio":"Matosinhos","municipio_short":"MAT","dicofre":"130820","area_km2":5.01,"area_ha":501.18,"populacao":14529,"populacao_fonte":"estimated","densidade":2900,"num_escolas":3,"num_parques":1,"area_verde_m2":58116,"comboios_ativos":0,"camara_nome":"Câmara Municipal de Matosinhos","camara_email":"geral@cm-matosinhos.pt","camara_url":"https://www.cm-matosinhos.pt","escudo_url":null,"cor_principal":"#5C7A52","centroide":[-8.677574054850744,41.18630103917912],"_todo":["Replace estimated populacao with real INE 2021 BGRI","Add real num_escolas (Censo + DGEEC)","Add real area_verde_m2 (Câmara dataset)","Add real comboios_ativos (Bicis Sapiens registry)","Add escudo_url (Wikimedia Commons SVG)","Verify cor_principal against actual heraldic blazon"]},"geometry":{"type":"Polygon","coordinates":[[[-8.7029808,41.1830942],[-8.7007438,41.1809995],[-8.6985687,41.17919],[-8.6977012,41.1796107],[-8.6974866,41.1794191],[-8.7015757,41.1771631],[-8.7016491,41.176963],[-8.7020128,41.1768118],[-8.7027058,41.1767093],[-8.703324,41.1767611],[-8.7039367,41.1769389],[-8.7051374,41.1777065],[-8.7055161,41.1779145],[-8.7055605,41.1779933],[-8.7056596,41.1779903],[-8.7057331,41.1779565],[-8.7057393,41.1778819],[-8.7056712,41.1778434],[-8.7056289,41.1778338],[-8.7054417,41.1775771],[-8.7049898,41.1772647],[-8.7047361,41.1770756],[-8.7041414,41.1767226],[-8.7034935,41.176552],[-8.7027588,41.1764728],[-8.7019819,41.1765843],[-8.7013199,41.1769106],[-8.6973931,41.1789595],[-8.6969379,41.1787672],[-8.6966313,41.1785392],[-8.6961905,41.1783458],[-8.695606,41.1780876],[-8.6949897,41.1776891],[-8.6946587,41.177543],[-8.6946133,41.1774829],[-8.6940921,41.177127],[-8.6937203,41.1768579],[-8.6931,41.1763809],[-8.6926072,41.1759261],[-8.692038,41.1754796],[-8.6915957,41.1750855],[-8.6910753,41.1747054],[-8.6907798,41.1742782],[-8.6906838,41.1739292],[-8.6907553,41.1737272],[-8.6904944,41.1735864],[-8.6903813,41.1734929],[-8.6902106,41.1734993],[-8.6901997,41.1734791],[-8.6901794,41.1734621],[-8.6901617,41.1734413],[-8.6901496,41.1734226],[-8.6901305,41.1734046],[-8.6901233,41.1733985],[-8.686046,41.1735225],[-8.6842306,41.1736466],[-8.6835609,41.1734563],[-8.679863,41.1717253],[-8.6793061,41.1715162],[-8.6791636,41.1715001],[-8.6788561,41.17149],[-8.6764593,41.1718426],[-8.6757738,41.1719505],[-8.6753548,41.1720846],[-8.6742933,41.1728367],[-8.6730556,41.173787],[-8.6723158,41.1742608],[-8.6714135,41.1748868],[-8.6708223,41.1757695],[-8.6706157,41.1759835],[-8.6704127,41.1761075],[-8.6697602,41.1763045],[-8.6697941,41.1764455],[-8.669938,41.1771905],[-8.6698648,41.1780519],[-8.6699311,41.1783545],[-8.6699429,41.1784366],[-8.6695876,41.1784526],[-8.6693104,41.1791283],[-8.6692612,41.1793041],[-8.6696498,41.1793726],[-8.6695237,41.1797355],[-8.6694593,41.1798033],[-8.6694095,41.179909],[-8.6694089,41.1800839],[-8.669434,41.1801727],[-8.6696226,41.1801672],[-8.6697412,41.1805619],[-8.6700002,41.1805186],[-8.6703107,41.1812309],[-8.6705607,41.1817118],[-8.6704298,41.1817757],[-8.6701684,41.182024],[-8.6703823,41.1821706],[-8.6699515,41.1823942],[-8.6705391,41.1830727],[-8.6716761,41.1840769],[-8.6716878,41.1844977],[-8.671679,41.1849178],[-8.6715328,41.1855417],[-8.6714503,41.1855876],[-8.6712255,41.1855452],[-8.6706748,41.1854373],[-8.6703516,41.1854213],[-8.6687717,41.1855346],[-8.6688149,41.1859642],[-8.6691258,41.1864733],[-8.6692651,41.1866474],[-8.6693537,41.1868259],[-8.669382,41.1869979],[-8.6692036,41.1870618],[-8.6694163,41.1872848],[-8.6686574,41.1873884],[-8.6685583,41.1875537],[-8.6683498,41.1875288],[-8.6681909,41.1875478],[-8.6680316,41.1875784],[-8.6678631,41.1876329],[-8.6678628,41.1876584],[-8.6679246,41.1883377],[-8.6677728,41.1884178],[-8.6677151,41.1884877],[-8.6676634,41.1885691],[-8.667398,41.1884776],[-8.667221,41.1886043],[-8.6670952,41.1889038],[-8.6670649,41.1889421],[-8.6670554,41.1889716],[-8.6670595,41.1889899],[-8.6670881,41.1890366],[-8.6671379,41.1891548],[-8.6671595,41.1892164],[-8.6671559,41.1892826],[-8.6670864,41.1893758],[-8.6667837,41.1895631],[-8.6670477,41.1900877],[-8.6669848,41.1901131],[-8.6670067,41.190163],[-8.6668143,41.1901758],[-8.6667592,41.1902213],[-8.6668645,41.1903675],[-8.6666288,41.1910988],[-8.6662808,41.1910598],[-8.6660345,41.1911181],[-8.6653437,41.1911531],[-8.6652592,41.1913739],[-8.665272,41.1914481],[-8.6653053,41.1915119],[-8.6653913,41.1916002],[-8.665373,41.1916286],[-8.6644609,41.1917979],[-8.6648242,41.1922218],[-8.6645803,41.1923488],[-8.6649709,41.1927713],[-8.6650347,41.1927862],[-8.6655088,41.1934694],[-8.6661598,41.1931904],[-8.6662474,41.1931748],[-8.6665426,41.1930662],[-8.6664407,41.1928953],[-8.6668023,41.1926434],[-8.6670044,41.1925136],[-8.6671742,41.1926935],[-8.6681828,41.192799],[-8.6684273,41.1927577],[-8.6685019,41.1927491],[-8.6686574,41.1927228],[-8.6687711,41.1926847],[-8.6687841,41.192613],[-8.6687894,41.1925814],[-8.6688353,41.192519],[-8.6688723,41.1924983],[-8.6689506,41.1924834],[-8.6690734,41.192453],[-8.6691072,41.1924512],[-8.6691364,41.1924356],[-8.6692094,41.192379],[-8.6693488,41.1924466],[-8.6693791,41.1924386],[-8.6697729,41.1924075],[-8.6699914,41.1925346],[-8.670235,41.1927428],[-8.6704826,41.1930801],[-8.6706437,41.1933076],[-8.6708834,41.1935845],[-8.6711173,41.1939196],[-8.6711461,41.1939135],[-8.6717812,41.193764],[-8.6718887,41.1937574],[-8.6719901,41.1937209],[-8.6721518,41.1936793],[-8.6723804,41.1936254],[-8.6725645,41.1935909],[-8.6726883,41.1935759],[-8.6728755,41.1935222],[-8.673113,41.1934033],[-8.6731794,41.1933694],[-8.6733059,41.1932823],[-8.6735659,41.1930682],[-8.6735034,41.1928753],[-8.6735472,41.1928547],[-8.673603,41.1928417],[-8.6736808,41.1928348],[-8.6737554,41.1928486],[-8.6737925,41.1928369],[-8.673828,41.192838],[-8.6738993,41.1928556],[-8.6739995,41.1928845],[-8.6740946,41.1929224],[-8.6741642,41.1929605],[-8.6742136,41.1929846],[-8.6743357,41.1930186],[-8.6744272,41.1930309],[-8.6745621,41.1931659],[-8.6747162,41.1933236],[-8.6748139,41.1932927],[-8.6748951,41.1932483],[-8.6749878,41.1931756],[-8.67502,41.1931226],[-8.6750357,41.1930379],[-8.6750502,41.1929489],[-8.6751315,41.1927544],[-8.6752875,41.1926277],[-8.6753212,41.1926101],[-8.6753677,41.1925817],[-8.6754023,41.1925464],[-8.6754459,41.1924757],[-8.6755022,41.1924157],[-8.6755874,41.1923728],[-8.6758179,41.1926078],[-8.6758441,41.1926817],[-8.6755752,41.1928662],[-8.6756557,41.19318],[-8.6755346,41.1937103],[-8.6757371,41.1937794],[-8.6758752,41.1937613],[-8.6762328,41.1939549],[-8.6761687,41.1940458],[-8.6763535,41.1940493],[-8.6765443,41.1940887],[-8.6766576,41.1941615],[-8.6769689,41.1943339],[-8.6770631,41.1943474],[-8.6774311,41.1941251],[-8.6778483,41.1939281],[-8.678287,41.1937694],[-8.6787654,41.1936356],[-8.6788757,41.1935993],[-8.6791154,41.1934781],[-8.6794342,41.193296],[-8.6795628,41.193246],[-8.6797484,41.1932221],[-8.6798765,41.1932711],[-8.6800455,41.1934491],[-8.6806646,41.1934614],[-8.6813603,41.1942619],[-8.6819611,41.1949536],[-8.6826246,41.1957376],[-8.6828045,41.1955894],[-8.6833335,41.1952839],[-8.6828565,41.1948062],[-8.6863314,41.1927545],[-8.6879638,41.1917989],[-8.6870776,41.1909436],[-8.6943098,41.1888377],[-8.6947981,41.1885149],[-8.6970556,41.1871103],[-8.6980903,41.1863811],[-8.7029808,41.1830942]]]}},{"type":"Feature","properties":{"nome":"Perafita","municipio":"Matosinhos","municipio_short":"MAT","dicofre":"130821","area_km2":8.65,"area_ha":864.59,"populacao":25085,"populacao_fonte":"estimated","densidade":2900,"num_escolas":5,"num_parques":2,"area_verde_m2":100340,"comboios_ativos":3,"camara_nome":"Câmara Municipal de Matosinhos","camara_email":"geral@cm-matosinhos.pt","camara_url":"https://www.cm-matosinhos.pt","escudo_url":null,"cor_principal":"#4A6A75","centroide":[-8.70794372242991,41.22511048186915],"_todo":["Replace estimated populacao with real INE 2021 BGRI","Add real num_escolas (Censo + DGEEC)","Add real area_verde_m2 (Câmara dataset)","Add real comboios_ativos (Bicis Sapiens registry)","Add escudo_url (Wikimedia Commons SVG)","Verify cor_principal against actual heraldic blazon"]},"geometry":{"type":"Polygon","coordinates":[[[-8.7224314,41.2318539],[-8.7224162,41.2318326],[-8.7223114,41.2316839],[-8.7222139,41.2314613],[-8.7221257,41.2313022],[-8.7220702,41.2310569],[-8.7220813,41.2307847],[-8.7221694,41.2304936],[-8.7222487,41.2304966],[-8.7223424,41.2304646],[-8.7224047,41.2303914],[-8.7223555,41.2302242],[-8.7224048,41.2301322],[-8.7224733,41.2301634],[-8.7225141,41.2302332],[-8.7226528,41.2302289],[-8.7227939,41.2301598],[-8.7228485,41.2300478],[-8.7229539,41.2299609],[-8.7228056,41.2298986],[-8.7227524,41.2298468],[-8.7228054,41.2297979],[-8.7226248,41.2297718],[-8.7225542,41.2297252],[-8.7226303,41.2296403],[-8.7225765,41.2295866],[-8.7225859,41.229455],[-8.722588,41.2293334],[-8.7225248,41.2292592],[-8.7225874,41.2291939],[-8.7225969,41.2290562],[-8.7225052,41.2290007],[-8.7223727,41.2289555],[-8.7222788,41.2288704],[-8.722164,41.2287911],[-8.7222807,41.2288074],[-8.7224179,41.2288247],[-8.7224945,41.2287362],[-8.7224571,41.2286616],[-8.7221629,41.2285063],[-8.7220763,41.2284683],[-8.7221858,41.2284351],[-8.7223143,41.2284732],[-8.7224214,41.2284845],[-8.7224768,41.2284266],[-8.7224719,41.2283185],[-8.7223313,41.2281923],[-8.7221968,41.2281559],[-8.7220887,41.2281215],[-8.7220234,41.2280298],[-8.722016,41.2279578],[-8.7219861,41.2279015],[-8.72203,41.2278362],[-8.7219205,41.2278278],[-8.7217972,41.2277888],[-8.7217036,41.2277642],[-8.7216261,41.2277241],[-8.7216342,41.2276664],[-8.7216312,41.2276006],[-8.7215932,41.227527],[-8.7215164,41.2274652],[-8.7214109,41.2274469],[-8.7213384,41.2274563],[-8.7212415,41.2274126],[-8.7211969,41.2273706],[-8.7212352,41.2273344],[-8.721293,41.2273432],[-8.7212568,41.2272648],[-8.7211656,41.2272033],[-8.7210806,41.2271543],[-8.7210766,41.2270659],[-8.7209368,41.2270397],[-8.7208444,41.2269808],[-8.720785,41.2269189],[-8.7207214,41.2268598],[-8.7206428,41.2267972],[-8.7205624,41.2267346],[-8.7205137,41.2267636],[-8.7204241,41.2267235],[-8.7205267,41.2266177],[-8.720543,41.2265277],[-8.7204797,41.2264424],[-8.7203646,41.2263907],[-8.7202751,41.2263588],[-8.7201581,41.2263737],[-8.7200579,41.2263717],[-8.7199524,41.2262847],[-8.7198244,41.2262531],[-8.7196781,41.2262043],[-8.7195791,41.2261733],[-8.7194601,41.2262712],[-8.719474,41.2263457],[-8.7194878,41.2264132],[-8.7194973,41.2264691],[-8.7194329,41.2264605],[-8.7193329,41.2263501],[-8.7192373,41.2262471],[-8.7190982,41.2261577],[-8.7189628,41.2261134],[-8.7189064,41.2259552],[-8.7187176,41.2258138],[-8.718617,41.2258648],[-8.718446,41.2258684],[-8.7182598,41.2259324],[-8.7181209,41.2259952],[-8.7180292,41.2260399],[-8.7179597,41.2260878],[-8.7179052,41.226064],[-8.7178533,41.2261109],[-8.7177882,41.2261301],[-8.717707,41.2260965],[-8.7176326,41.226069],[-8.7175802,41.2260267],[-8.7175194,41.2259849],[-8.7174886,41.2259408],[-8.7175052,41.2258633],[-8.7175709,41.2259151],[-8.7176334,41.2259463],[-8.7177372,41.2259089],[-8.7176609,41.2258707],[-8.7176031,41.2258215],[-8.7176743,41.2258101],[-8.7177378,41.2257983],[-8.7178287,41.2258491],[-8.717893,41.2258523],[-8.7179788,41.2257771],[-8.7180872,41.2257163],[-8.7179958,41.2256779],[-8.7179943,41.2256293],[-8.7180216,41.2255707],[-8.7180656,41.225558],[-8.7181528,41.2255233],[-8.7180949,41.2254633],[-8.7180704,41.2254319],[-8.7179969,41.2254222],[-8.7179975,41.2253792],[-8.7179671,41.2251694],[-8.7179704,41.2250993],[-8.7179349,41.2250562],[-8.7178609,41.2250746],[-8.7178145,41.2250711],[-8.7177587,41.2251004],[-8.7176722,41.225125],[-8.7176115,41.2251271],[-8.7175025,41.2251602],[-8.7174535,41.2251684],[-8.7173467,41.2251855],[-8.7173679,41.2251024],[-8.7174684,41.2250954],[-8.7175619,41.2250933],[-8.7176767,41.2250125],[-8.7178734,41.2249259],[-8.7178305,41.2248963],[-8.7177757,41.2248957],[-8.7178049,41.2248533],[-8.7178715,41.2248601],[-8.7180081,41.2248639],[-8.7179647,41.2247671],[-8.7178717,41.2247611],[-8.717771,41.2247266],[-8.7176885,41.2247018],[-8.7177309,41.2246557],[-8.7177946,41.224632],[-8.7178454,41.2246019],[-8.7177986,41.2245608],[-8.7177108,41.2245854],[-8.7176595,41.2245992],[-8.7176154,41.2245618],[-8.7175554,41.2244756],[-8.7175691,41.224444],[-8.7176562,41.2244711],[-8.717752,41.2244611],[-8.7176964,41.2244243],[-8.7176112,41.2243797],[-8.7174744,41.2243652],[-8.7174001,41.2242567],[-8.7174442,41.2241529],[-8.7173973,41.2240837],[-8.7173016,41.2240554],[-8.7172423,41.2240214],[-8.7173235,41.2240201],[-8.7174267,41.2240323],[-8.7177416,41.2240403],[-8.7178731,41.2241056],[-8.7179846,41.2241313],[-8.7179216,41.2240064],[-8.7179082,41.2238796],[-8.7177789,41.2238083],[-8.7176738,41.2237413],[-8.717558,41.2235672],[-8.7174276,41.2235416],[-8.7174588,41.2234748],[-8.7173757,41.223451],[-8.7173583,41.2233799],[-8.7172856,41.2233795],[-8.7173762,41.2232845],[-8.7172389,41.2231869],[-8.7170377,41.2231447],[-8.7168486,41.2230395],[-8.7166994,41.2230149],[-8.7168071,41.222946],[-8.7167889,41.2228696],[-8.7168532,41.2228513],[-8.7168961,41.2227933],[-8.7167715,41.2227399],[-8.7169226,41.2226095],[-8.7168413,41.222539],[-8.7169762,41.2224066],[-8.7170138,41.2223507],[-8.7169499,41.2222953],[-8.7170419,41.2222065],[-8.7170533,41.222093],[-8.7169409,41.2220072],[-8.7168255,41.2220013],[-8.7167956,41.2219196],[-8.7167147,41.2218795],[-8.7167729,41.2217819],[-8.7167092,41.2217383],[-8.7165888,41.2218233],[-8.7164898,41.2218519],[-8.7164095,41.2218667],[-8.7163793,41.2218362],[-8.7164595,41.221781],[-8.7163813,41.2216859],[-8.716338,41.2215761],[-8.7162568,41.2215658],[-8.7162431,41.2215065],[-8.7162846,41.2214593],[-8.7162362,41.2214019],[-8.716195,41.2213223],[-8.7162196,41.2212509],[-8.7163381,41.2212152],[-8.7164174,41.2211796],[-8.7162992,41.2211237],[-8.7161493,41.2211864],[-8.7161222,41.2211111],[-8.7161362,41.2210074],[-8.7160859,41.2209436],[-8.7161485,41.2208993],[-8.7162586,41.2209067],[-8.716366,41.2208521],[-8.7162949,41.220822],[-8.7161875,41.2208071],[-8.7161784,41.2206235],[-8.7161257,41.2205618],[-8.7160424,41.2205242],[-8.7160462,41.2204226],[-8.7161135,41.2203528],[-8.7162702,41.2202963],[-8.7161864,41.2202489],[-8.7161187,41.2201566],[-8.716055,41.2200703],[-8.7159483,41.2200332],[-8.7159457,41.2199332],[-8.7160275,41.2197761],[-8.7160191,41.2196194],[-8.7160089,41.2194603],[-8.7160195,41.2193187],[-8.7160598,41.2192025],[-8.716157,41.2189983],[-8.7161647,41.2189192],[-8.716188,41.2188246],[-8.7162212,41.2186885],[-8.7162818,41.2185757],[-8.7162678,41.2185225],[-8.7163267,41.2183377],[-8.7164095,41.2182211],[-8.7165444,41.2181376],[-8.7166725,41.2179974],[-8.7167439,41.2178834],[-8.7168023,41.2177717],[-8.7168352,41.2177408],[-8.7167702,41.2176978],[-8.7167299,41.217646],[-8.7167346,41.2175297],[-8.716648,41.2174348],[-8.7165171,41.2173741],[-8.7163812,41.217345],[-8.7162546,41.2173583],[-8.716174,41.2173301],[-8.7161934,41.217266],[-8.7161783,41.2172281],[-8.716259,41.2171656],[-8.7162183,41.2170965],[-8.7163009,41.2171051],[-8.7163477,41.2170562],[-8.716299,41.2170078],[-8.7162533,41.2169405],[-8.7163839,41.2169094],[-8.7163867,41.2168264],[-8.7163463,41.2167979],[-8.716317,41.2167567],[-8.7162523,41.216746],[-8.7162114,41.2166987],[-8.7163118,41.2166504],[-8.7164342,41.2164885],[-8.7164898,41.2164081],[-8.7164174,41.2164374],[-8.7164252,41.2163472],[-8.7163636,41.2163341],[-8.7164013,41.216306],[-8.7164656,41.2162641],[-8.716502,41.2162234],[-8.7164192,41.2161834],[-8.7163231,41.2161434],[-8.7162462,41.2161204],[-8.7161869,41.216063],[-8.7161925,41.2159785],[-8.7162864,41.2158934],[-8.7163246,41.2158437],[-8.7163249,41.2157562],[-8.7163081,41.2156906],[-8.7163436,41.2155805],[-8.7164163,41.2155604],[-8.7164853,41.2154663],[-8.7164906,41.2154266],[-8.714318,41.2153371],[-8.7128293,41.2152535],[-8.7059651,41.2148411],[-8.7041403,41.2135],[-8.7039003,41.2135189],[-8.7036964,41.2135011],[-8.7034856,41.2134173],[-8.7033414,41.2133669],[-8.7029659,41.2133725],[-8.7028143,41.2133953],[-8.7027428,41.2133753],[-8.7010675,41.2123902],[-8.7011455,41.2134147],[-8.7010642,41.2134731],[-8.7009306,41.2134945],[-8.6974122,41.213307],[-8.696645,41.213325],[-8.6965229,41.2133413],[-8.6963764,41.2134328],[-8.6946133,41.2134524],[-8.6944107,41.213447],[-8.6943087,41.2133679],[-8.693979,41.2133395],[-8.6936451,41.2141483],[-8.69334,41.2141921],[-8.6931817,41.2140996],[-8.6923255,41.2135231],[-8.6920592,41.2133493],[-8.6918077,41.2132373],[-8.6915854,41.2131764],[-8.6912762,41.2131328],[-8.690963,41.2131216],[-8.6904845,41.2131168],[-8.6902589,41.2111559],[-8.6880199,41.2110621],[-8.6878646,41.2110821],[-8.6877888,41.2109312],[-8.6876963,41.2108131],[-8.6866983,41.2110506],[-8.6863166,41.211092],[-8.6860488,41.2111536],[-8.686136,41.2118408],[-8.6832838,41.2147522],[-8.6835264,41.2158584],[-8.6836397,41.2169442],[-8.6827247,41.2169276],[-8.6823115,41.2171441],[-8.6821778,41.2174118],[-8.6822283,41.2174331],[-8.6818912,41.218104],[-8.6818622,41.2181699],[-8.681756,41.2182045],[-8.6815547,41.2181977],[-8.6808153,41.2183238],[-8.6807111,41.2183439],[-8.6806688,41.2183759],[-8.680604,41.2186396],[-8.6806152,41.2187165],[-8.6807964,41.2191423],[-8.6809142,41.2192972],[-8.6809568,41.2193434],[-8.6815998,41.2197768],[-8.6812455,41.2201056],[-8.681169,41.2200872],[-8.6808384,41.2205112],[-8.6806838,41.2207855],[-8.6804307,41.2210372],[-8.6801443,41.2211559],[-8.6797854,41.2212516],[-8.6794717,41.221344],[-8.679332,41.2210565],[-8.6788666,41.2210463],[-8.6787075,41.2211856],[-8.6776241,41.2216632],[-8.677808,41.2218462],[-8.6780944,41.2221379],[-8.6782957,41.2223414],[-8.6784968,41.2225483],[-8.6785195,41.222605],[-8.6785362,41.2226286],[-8.6786053,41.2227018],[-8.6785692,41.2227212],[-8.6785393,41.2226964],[-8.6773456,41.2229003],[-8.6772367,41.2233569],[-8.6771992,41.2235089],[-8.677215,41.223731],[-8.67725,41.2238479],[-8.6773203,41.2246305],[-8.6769851,41.2247011],[-8.6770095,41.2248667],[-8.6771574,41.2248514],[-8.6771782,41.2249542],[-8.6771766,41.2251527],[-8.6771246,41.2254433],[-8.6770746,41.2256982],[-8.6770335,41.2258861],[-8.6768567,41.2261348],[-8.6767099,41.226372],[-8.6766798,41.2265724],[-8.6766478,41.2267871],[-8.6765815,41.2270328],[-8.6764921,41.2272351],[-8.6763984,41.2274512],[-8.6763014,41.2277606],[-8.6759644,41.2277503],[-8.6759431,41.2281224],[-8.6755707,41.2281585],[-8.6755593,41.228631],[-8.674717,41.2284997],[-8.6743347,41.228529],[-8.6739947,41.2285513],[-8.6733781,41.2286681],[-8.6733485,41.2290536],[-8.674394,41.2289689],[-8.6748816,41.2289604],[-8.6753848,41.2291338],[-8.6756956,41.2292357],[-8.6746743,41.2305686],[-8.6745417,41.2308666],[-8.6741441,41.231269],[-8.6710729,41.2333527],[-8.6706399,41.2325505],[-8.6688408,41.2333919],[-8.6694015,41.2339245],[-8.6696959,41.2341706],[-8.6699382,41.2341253],[-8.6855886,41.2364264],[-8.6855864,41.2364449],[-8.6863478,41.2364288],[-8.6865771,41.236465],[-8.6867293,41.2364884],[-8.6873316,41.2364898],[-8.6879673,41.2365063],[-8.6885685,41.23652],[-8.689634,41.236571],[-8.6905281,41.2366123],[-8.6906669,41.2366022],[-8.6907465,41.2364841],[-8.6911956,41.2365979],[-8.6913082,41.2365736],[-8.6914994,41.2367539],[-8.6921997,41.2370802],[-8.6924453,41.2371827],[-8.6926,41.2375085],[-8.6931498,41.2380137],[-8.6944746,41.238157],[-8.6954827,41.2382607],[-8.6961199,41.2383239],[-8.6967117,41.2383905],[-8.6975402,41.2384535],[-8.6983819,41.2385115],[-8.6992086,41.2385666],[-8.6998082,41.2386125],[-8.7000028,41.2386692],[-8.7001625,41.2387215],[-8.7011156,41.2384244],[-8.7018131,41.2382062],[-8.7024925,41.2379655],[-8.7032424,41.2376951],[-8.703415,41.2375969],[-8.7034538,41.2375197],[-8.7034799,41.2372419],[-8.7035262,41.2371422],[-8.7036453,41.237069],[-8.7038611,41.2370146],[-8.7042423,41.2369877],[-8.704792,41.2369625],[-8.7052704,41.2369321],[-8.7056586,41.2368552],[-8.7064776,41.2365923],[-8.7070656,41.2364639],[-8.7078605,41.2363372],[-8.7082712,41.2361463],[-8.7084506,41.236036],[-8.708599,41.2359914],[-8.7088621,41.2360191],[-8.7089858,41.2360094],[-8.7091635,41.2359515],[-8.7094073,41.2358407],[-8.7095852,41.2357414],[-8.7098276,41.2355824],[-8.7100844,41.2354946],[-8.7105703,41.2354122],[-8.7107876,41.235376],[-8.7110239,41.2352898],[-8.7112911,41.2352194],[-8.71162,41.2351579],[-8.7121554,41.235078],[-8.7129175,41.2349953],[-8.7133991,41.2349047],[-8.7134938,41.2348837],[-8.713512,41.2348664],[-8.7137065,41.234817],[-8.7137517,41.2348132],[-8.7138041,41.2348192],[-8.7138956,41.2348169],[-8.7139917,41.2348057],[-8.7142053,41.234765],[-8.7143434,41.2347173],[-8.7144758,41.2346492],[-8.7145329,41.234591],[-8.7148677,41.234192],[-8.7147882,41.2341162],[-8.715544,41.2337781],[-8.7156617,41.2339162],[-8.7159455,41.2338875],[-8.7160263,41.2338979],[-8.7168054,41.2337909],[-8.7169091,41.2337685],[-8.7170192,41.2337717],[-8.7177037,41.2339345],[-8.7177238,41.2336754],[-8.7177035,41.2335347],[-8.7174723,41.2328226],[-8.7182732,41.2326602],[-8.7183642,41.2326681],[-8.7186249,41.2326312],[-8.7214713,41.2320444],[-8.7224314,41.2318539]]]}},{"type":"Feature","properties":{"nome":"Santa Cruz do Bispo","municipio":"Matosinhos","municipio_short":"MAT","dicofre":"130822","area_km2":3.67,"area_ha":366.98,"populacao":10643,"populacao_fonte":"estimated","densidade":2900,"num_escolas":2,"num_parques":0,"area_verde_m2":42572,"comboios_ativos":4,"camara_nome":"Câmara Municipal de Matosinhos","camara_email":"geral@cm-matosinhos.pt","camara_url":"https://www.cm-matosinhos.pt","escudo_url":null,"cor_principal":"#2E4F8C","centroide":[-8.671735786714981,41.21559813019328],"_todo":["Replace estimated populacao with real INE 2021 BGRI","Add real num_escolas (Censo + DGEEC)","Add real area_verde_m2 (Câmara dataset)","Add real comboios_ativos (Bicis Sapiens registry)","Add escudo_url (Wikimedia Commons SVG)","Verify cor_principal against actual heraldic blazon"]},"geometry":{"type":"Polygon","coordinates":[[[-8.6863166,41.211092],[-8.6862717,41.2109236],[-8.686178,41.2107695],[-8.6858946,41.2105259],[-8.6854929,41.2102144],[-8.6853516,41.2100525],[-8.6850612,41.2096232],[-8.6852533,41.2090557],[-8.6852169,41.208894],[-8.6850752,41.2084604],[-8.6847964,41.2085373],[-8.6846201,41.2085016],[-8.68446,41.2079602],[-8.6839925,41.2070937],[-8.6844152,41.2069708],[-8.684336,41.2068423],[-8.6841106,41.2064839],[-8.6840704,41.2064991],[-8.6837889,41.2063702],[-8.6836537,41.206363],[-8.6834286,41.2062593],[-8.6833377,41.206166],[-8.6831441,41.2062341],[-8.6831064,41.2059056],[-8.6832271,41.2056963],[-8.6831498,41.205527],[-8.6830237,41.205327],[-8.6827676,41.2049802],[-8.6828044,41.2048985],[-8.6828154,41.2047986],[-8.6831199,41.2045466],[-8.6831863,41.2044432],[-8.6831468,41.2043603],[-8.6830221,41.2042981],[-8.6828739,41.2040517],[-8.6828191,41.2039423],[-8.6826553,41.2036954],[-8.6825898,41.2035672],[-8.6823646,41.2034272],[-8.682144,41.203353],[-8.6820608,41.2033189],[-8.6818609,41.2032062],[-8.6817967,41.203092],[-8.6818266,41.2030316],[-8.6818349,41.2029655],[-8.6818223,41.2028554],[-8.6818094,41.2027189],[-8.6818367,41.2025017],[-8.6818305,41.2024457],[-8.6817893,41.2024018],[-8.6817716,41.2023688],[-8.6817847,41.2023561],[-8.6817829,41.202338],[-8.6818228,41.2022902],[-8.6818112,41.2022299],[-8.6817435,41.2021685],[-8.6817054,41.2021284],[-8.6807349,41.2008334],[-8.6800955,41.2005868],[-8.6801673,41.2008709],[-8.6800549,41.2009624],[-8.6798097,41.201052],[-8.6792736,41.2013777],[-8.6785635,41.2018953],[-8.6782276,41.2022887],[-8.6775535,41.2028701],[-8.6772237,41.2031316],[-8.6769459,41.2033242],[-8.6765939,41.2033024],[-8.6764874,41.2028942],[-8.6764207,41.2028771],[-8.6762365,41.2029377],[-8.676036,41.2030293],[-8.6757507,41.2031725],[-8.6749482,41.2031218],[-8.6744166,41.2031473],[-8.6742299,41.2030959],[-8.673551,41.2029696],[-8.6732608,41.2029714],[-8.6730501,41.2030095],[-8.6728154,41.203029],[-8.6725945,41.2030612],[-8.6723011,41.2031161],[-8.6718683,41.2032011],[-8.671591,41.2033905],[-8.6714419,41.2034604],[-8.6712841,41.2035161],[-8.6710125,41.2035567],[-8.6690836,41.2036163],[-8.6687332,41.2036582],[-8.668523,41.2037484],[-8.6684493,41.2038106],[-8.6683107,41.2042468],[-8.6681225,41.204593],[-8.6679574,41.2047187],[-8.6677931,41.204819],[-8.6676511,41.2049859],[-8.6676713,41.2050333],[-8.6677917,41.2050888],[-8.668064,41.2052465],[-8.6682415,41.20536],[-8.6685952,41.2056236],[-8.6688235,41.2060645],[-8.6689925,41.2062652],[-8.6691059,41.2063456],[-8.6691961,41.2064042],[-8.6692919,41.2064474],[-8.6693209,41.2064517],[-8.66944,41.2065233],[-8.6695997,41.2065859],[-8.6697594,41.2066682],[-8.6704803,41.2069054],[-8.6706419,41.2069807],[-8.6708912,41.2070988],[-8.6710007,41.2071843],[-8.6711101,41.2072917],[-8.6711359,41.2073716],[-8.6711017,41.2074671],[-8.671033,41.2075535],[-8.6709399,41.2076096],[-8.6708034,41.2076335],[-8.6705808,41.2076531],[-8.6703232,41.2076239],[-8.6699925,41.2075965],[-8.6698116,41.2076597],[-8.6696396,41.2078159],[-8.6694645,41.2080642],[-8.6694545,41.2082289],[-8.6695425,41.2083657],[-8.6698234,41.2085222],[-8.6700847,41.2085999],[-8.6703414,41.2087056],[-8.6704281,41.2087794],[-8.6704909,41.2088541],[-8.6704979,41.208953],[-8.6704974,41.2090556],[-8.670434,41.2091417],[-8.6703259,41.2092131],[-8.6701384,41.2092779],[-8.6699506,41.2093723],[-8.6697975,41.2095215],[-8.6696179,41.2098992],[-8.6694429,41.2102321],[-8.6693268,41.2105236],[-8.6691963,41.2107396],[-8.6691333,41.2110045],[-8.6691812,41.2112659],[-8.6692579,41.2116599],[-8.6692599,41.211967],[-8.6691896,41.2121458],[-8.6691128,41.212282],[-8.6690655,41.2124579],[-8.6692019,41.213065],[-8.6691898,41.2134045],[-8.6691472,41.2136248],[-8.6690575,41.2137596],[-8.6689323,41.2139017],[-8.6685001,41.2142032],[-8.6682356,41.2143469],[-8.6678913,41.2145452],[-8.6676253,41.2147144],[-8.6674282,41.2148923],[-8.6673281,41.2150599],[-8.6673453,41.2156194],[-8.6674817,41.2159447],[-8.6675418,41.2165439],[-8.6675009,41.2167432],[-8.6674088,41.2168995],[-8.6674169,41.2169529],[-8.6674297,41.2169719],[-8.6674688,41.2169887],[-8.6676502,41.2170581],[-8.6678238,41.2171285],[-8.6680562,41.2173054],[-8.6682718,41.2174881],[-8.6684672,41.2176883],[-8.668621,41.2178616],[-8.6687984,41.2180653],[-8.6688762,41.2182165],[-8.6688608,41.2184174],[-8.6686536,41.2185718],[-8.6684045,41.2186804],[-8.6681399,41.2187485],[-8.6679506,41.2187708],[-8.6677225,41.2187821],[-8.6673489,41.2187753],[-8.6670501,41.2187329],[-8.6669154,41.2186842],[-8.6667844,41.2186341],[-8.6663971,41.218418],[-8.6660333,41.2183018],[-8.665827,41.2182562],[-8.6655542,41.2181821],[-8.6653451,41.2181241],[-8.6652323,41.2180889],[-8.6651521,41.2180455],[-8.6650919,41.2179978],[-8.6649465,41.2178502],[-8.6648315,41.2177715],[-8.6647558,41.217728],[-8.664559,41.2176138],[-8.6644552,41.2175622],[-8.6643768,41.2175174],[-8.6643384,41.2174901],[-8.6642081,41.217416],[-8.6641069,41.2173466],[-8.663832,41.2172013],[-8.6637149,41.2171703],[-8.6636694,41.2171595],[-8.6636212,41.2171432],[-8.6635485,41.2171354],[-8.6635018,41.2171308],[-8.663354,41.2171356],[-8.6632787,41.2171353],[-8.6632025,41.217137],[-8.6631027,41.2171409],[-8.6630546,41.2171417],[-8.6629831,41.217142],[-8.6628394,41.2171417],[-8.6628068,41.217136],[-8.6627623,41.2171318],[-8.6626972,41.2171293],[-8.6626464,41.2171326],[-8.6625829,41.2171425],[-8.6624635,41.2171763],[-8.6623739,41.2172007],[-8.6623335,41.2172088],[-8.6623203,41.2172126],[-8.6623293,41.217249],[-8.6622406,41.2179349],[-8.6621591,41.2179507],[-8.6621458,41.2182377],[-8.6621319,41.2183521],[-8.6621328,41.2183824],[-8.6621189,41.2184387],[-8.6620674,41.2184812],[-8.661916,41.2184617],[-8.6618893,41.2188435],[-8.6618546,41.2192088],[-8.6618382,41.219312],[-8.6618436,41.2193962],[-8.6618051,41.2193952],[-8.6618201,41.2194644],[-8.6618271,41.2195415],[-8.6617829,41.2196122],[-8.6617524,41.2196758],[-8.661736,41.2196753],[-8.6617047,41.2196802],[-8.661671,41.2196916],[-8.6616608,41.2196987],[-8.6616475,41.2197107],[-8.6616383,41.2197308],[-8.6616338,41.219751],[-8.6616367,41.2197665],[-8.6616698,41.2198866],[-8.6616963,41.2199553],[-8.6617295,41.2199894],[-8.6617453,41.2200054],[-8.6617824,41.2200355],[-8.6618242,41.2200654],[-8.6618017,41.2200935],[-8.6617703,41.2201101],[-8.661784,41.2202113],[-8.6616727,41.2204887],[-8.6616302,41.2206055],[-8.6615642,41.2206671],[-8.6614503,41.2207389],[-8.6614696,41.2207472],[-8.6617844,41.2208566],[-8.6620723,41.2209275],[-8.6623145,41.2210108],[-8.6625371,41.2211067],[-8.6628253,41.2212173],[-8.6632701,41.2214152],[-8.6636752,41.2215727],[-8.6637992,41.2216365],[-8.6640379,41.2218846],[-8.66421,41.222072],[-8.6643052,41.2221918],[-8.6643416,41.2222544],[-8.6643677,41.2224103],[-8.6644305,41.2225574],[-8.6645875,41.2228347],[-8.6647551,41.2230051],[-8.6647711,41.2230559],[-8.6646361,41.2232717],[-8.6644968,41.2235284],[-8.6645016,41.2235298],[-8.6650971,41.2237148],[-8.6651625,41.2236078],[-8.6652002,41.2235366],[-8.6654714,41.2231588],[-8.6655737,41.2230425],[-8.6657437,41.2227651],[-8.6658443,41.2227394],[-8.6659619,41.2227222],[-8.6660252,41.2227353],[-8.6662645,41.2228652],[-8.6664003,41.2229334],[-8.6665259,41.2230084],[-8.6665453,41.2230316],[-8.6665518,41.2236502],[-8.6665609,41.223688],[-8.6671564,41.2244944],[-8.6672654,41.2245966],[-8.6673596,41.2246117],[-8.6675367,41.2246319],[-8.6678125,41.2246738],[-8.6679186,41.2247185],[-8.667991,41.2248015],[-8.66798,41.2249433],[-8.667886,41.2252354],[-8.6677385,41.2261267],[-8.6678461,41.2264738],[-8.6679233,41.2268277],[-8.6679741,41.2270846],[-8.6680463,41.2274025],[-8.6680057,41.2277913],[-8.6680297,41.2279381],[-8.6681523,41.2281218],[-8.6682364,41.2285915],[-8.6683168,41.2294274],[-8.6685558,41.2304061],[-8.6687492,41.2306418],[-8.6689621,41.2309062],[-8.6689472,41.2309831],[-8.6688083,41.23103],[-8.6692252,41.2318865],[-8.668409,41.2323161],[-8.6679211,41.2328362],[-8.6688408,41.2333919],[-8.6706399,41.2325505],[-8.6710729,41.2333527],[-8.6741441,41.231269],[-8.6745417,41.2308666],[-8.6746743,41.2305686],[-8.6756956,41.2292357],[-8.6753848,41.2291338],[-8.6748816,41.2289604],[-8.674394,41.2289689],[-8.6733485,41.2290536],[-8.6733781,41.2286681],[-8.6739947,41.2285513],[-8.6743347,41.228529],[-8.674717,41.2284997],[-8.6755593,41.228631],[-8.6755707,41.2281585],[-8.6759431,41.2281224],[-8.6759644,41.2277503],[-8.6763014,41.2277606],[-8.6763984,41.2274512],[-8.6764921,41.2272351],[-8.6765815,41.2270328],[-8.6766478,41.2267871],[-8.6766798,41.2265724],[-8.6767099,41.226372],[-8.6768567,41.2261348],[-8.6770335,41.2258861],[-8.6770746,41.2256982],[-8.6771246,41.2254433],[-8.6771766,41.2251527],[-8.6771782,41.2249542],[-8.6771574,41.2248514],[-8.6770095,41.2248667],[-8.6769851,41.2247011],[-8.6773203,41.2246305],[-8.67725,41.2238479],[-8.677215,41.223731],[-8.6771992,41.2235089],[-8.6772367,41.2233569],[-8.6773456,41.2229003],[-8.6785393,41.2226964],[-8.6785692,41.2227212],[-8.6786053,41.2227018],[-8.6785362,41.2226286],[-8.6785195,41.222605],[-8.6784968,41.2225483],[-8.6782957,41.2223414],[-8.6780944,41.2221379],[-8.677808,41.2218462],[-8.6776241,41.2216632],[-8.6787075,41.2211856],[-8.6788666,41.2210463],[-8.679332,41.2210565],[-8.6794717,41.221344],[-8.6797854,41.2212516],[-8.6801443,41.2211559],[-8.6804307,41.2210372],[-8.6806838,41.2207855],[-8.6808384,41.2205112],[-8.681169,41.2200872],[-8.6812455,41.2201056],[-8.6815998,41.2197768],[-8.6809568,41.2193434],[-8.6809142,41.2192972],[-8.6807964,41.2191423],[-8.6806152,41.2187165],[-8.680604,41.2186396],[-8.6806688,41.2183759],[-8.6807111,41.2183439],[-8.6808153,41.2183238],[-8.6815547,41.2181977],[-8.681756,41.2182045],[-8.6818622,41.2181699],[-8.6818912,41.218104],[-8.6822283,41.2174331],[-8.6821778,41.2174118],[-8.6823115,41.2171441],[-8.6827247,41.2169276],[-8.6836397,41.2169442],[-8.6835264,41.2158584],[-8.6832838,41.2147522],[-8.686136,41.2118408],[-8.6860488,41.2111536],[-8.6863166,41.211092]]]}},{"type":"Feature","properties":{"nome":"São Mamede de Infesta","municipio":"Matosinhos","municipio_short":"MAT","dicofre":"130823","area_km2":5.0,"area_ha":500.11,"populacao":14500,"populacao_fonte":"estimated","densidade":2900,"num_escolas":3,"num_parques":1,"area_verde_m2":116000,"comboios_ativos":4,"camara_nome":"Câmara Municipal de Matosinhos","camara_email":"geral@cm-matosinhos.pt","camara_url":"https://www.cm-matosinhos.pt","escudo_url":null,"cor_principal":"#4A6A75","centroide":[-8.60972686631017,41.19547036336898],"_todo":["Replace estimated populacao with real INE 2021 BGRI","Add real num_escolas (Censo + DGEEC)","Add real area_verde_m2 (Câmara dataset)","Add real comboios_ativos (Bicis Sapiens registry)","Add escudo_url (Wikimedia Commons SVG)","Verify cor_principal against actual heraldic blazon"]},"geometry":{"type":"Polygon","coordinates":[[[-8.6296378,41.1794834],[-8.627839,41.1796886],[-8.6238435,41.1801277],[-8.6226817,41.1802514],[-8.621818,41.1803528],[-8.6213653,41.1805302],[-8.6183786,41.1822628],[-8.6187737,41.1825684],[-8.6180028,41.1830325],[-8.6165174,41.1835075],[-8.6170426,41.1838497],[-8.6160542,41.1842553],[-8.6153083,41.1843371],[-8.615223,41.1842574],[-8.6147952,41.1844487],[-8.6146844,41.1843909],[-8.6143426,41.1845757],[-8.6141758,41.1847237],[-8.6139865,41.1847726],[-8.6137501,41.1848105],[-8.6135779,41.1847493],[-8.6131835,41.1847153],[-8.6131433,41.1849086],[-8.6128722,41.1848709],[-8.6120491,41.1849195],[-8.6120275,41.1848653],[-8.6115364,41.185126],[-8.6115562,41.1853534],[-8.6111646,41.1853991],[-8.6111606,41.185378],[-8.6106789,41.1854339],[-8.6105633,41.1851951],[-8.6098491,41.185304],[-8.6097264,41.1853288],[-8.6093315,41.1847383],[-8.6087104,41.1850847],[-8.6087241,41.1854171],[-8.6071455,41.1855941],[-8.6057887,41.1857303],[-8.6054487,41.1858609],[-8.6047502,41.18592],[-8.6041556,41.1859353],[-8.6035262,41.1858565],[-8.6023655,41.1852603],[-8.6022855,41.1852995],[-8.6020817,41.1850809],[-8.6018106,41.1853136],[-8.600785,41.1846163],[-8.5996435,41.1840174],[-8.5989816,41.1836828],[-8.5982001,41.1837548],[-8.5968829,41.1837524],[-8.5969446,41.1842344],[-8.5969347,41.1852017],[-8.5968601,41.1866973],[-8.5968163,41.1870802],[-8.5967154,41.1874848],[-8.5966944,41.1878365],[-8.5966826,41.1881006],[-8.59663,41.1881984],[-8.5964636,41.1880819],[-8.5963375,41.1881671],[-8.5962388,41.1883136],[-8.5960446,41.1884129],[-8.5959503,41.1884958],[-8.595977,41.1887525],[-8.5956909,41.1887996],[-8.5956687,41.1892296],[-8.5956118,41.189495],[-8.5954479,41.1902991],[-8.5954607,41.1905074],[-8.5956368,41.1910523],[-8.5957525,41.1911719],[-8.5957893,41.1912449],[-8.5960169,41.191351],[-8.5961145,41.1914339],[-8.5962244,41.1915365],[-8.5962913,41.1915937],[-8.5963173,41.1916454],[-8.5963419,41.1916965],[-8.5963636,41.1917995],[-8.5963645,41.1919383],[-8.5963563,41.1920381],[-8.5963318,41.1921306],[-8.5962944,41.1922199],[-8.5962768,41.192329],[-8.5962878,41.1923983],[-8.5962778,41.1924658],[-8.5962415,41.1925254],[-8.596161,41.1926326],[-8.5961353,41.1927042],[-8.5961258,41.1928449],[-8.5961512,41.1931005],[-8.5962308,41.193229],[-8.5962548,41.1933121],[-8.5963013,41.1935945],[-8.5964411,41.1941253],[-8.5964012,41.1942575],[-8.5963666,41.1943124],[-8.596378,41.1945556],[-8.5965017,41.1948775],[-8.596462,41.1948806],[-8.596482,41.1949743],[-8.5965409,41.1950819],[-8.5965559,41.1951368],[-8.5965327,41.195158],[-8.5964665,41.1952648],[-8.596447,41.1953848],[-8.596427,41.1954366],[-8.5963767,41.1955193],[-8.5963478,41.1955513],[-8.5963291,41.1955921],[-8.5963519,41.1957262],[-8.5963611,41.1957911],[-8.5963543,41.1958603],[-8.5963416,41.1958845],[-8.5963415,41.1959055],[-8.5963052,41.1959647],[-8.5963018,41.1959888],[-8.5963056,41.1960181],[-8.5963446,41.1960632],[-8.5964087,41.196143],[-8.5964604,41.1962148],[-8.5964854,41.1962627],[-8.5965121,41.1962972],[-8.596578,41.1963703],[-8.596673,41.1964539],[-8.5967474,41.1964896],[-8.5968463,41.1965185],[-8.5969401,41.1965581],[-8.5970588,41.196627],[-8.5971952,41.1967024],[-8.597395,41.1967763],[-8.5974536,41.1968081],[-8.5975032,41.1968479],[-8.5975115,41.1968918],[-8.5974946,41.1970038],[-8.5974426,41.197128],[-8.5974042,41.1971869],[-8.597344,41.1972965],[-8.597294,41.1977059],[-8.5972958,41.1978259],[-8.597349,41.1981018],[-8.5973708,41.1982372],[-8.5976668,41.1982423],[-8.5983057,41.1983059],[-8.5984391,41.1983085],[-8.5986229,41.1983487],[-8.5987862,41.1984268],[-8.5989374,41.198568],[-8.5990263,41.1987725],[-8.5994401,41.1988906],[-8.5996505,41.1989783],[-8.5997973,41.1989982],[-8.5997763,41.1992391],[-8.6002295,41.1993047],[-8.6000877,41.1998317],[-8.6002439,41.1998738],[-8.6004507,41.199962],[-8.6003827,41.2005457],[-8.6011042,41.2006812],[-8.601304,41.2006503],[-8.6016751,41.2007517],[-8.6019284,41.2014128],[-8.6016772,41.2015382],[-8.6015471,41.2016075],[-8.6014349,41.2016492],[-8.6014634,41.2021899],[-8.6015174,41.2024455],[-8.6015634,41.2026504],[-8.6016049,41.2027352],[-8.6017601,41.2029011],[-8.6019713,41.2031316],[-8.6021565,41.2033275],[-8.6024856,41.2036825],[-8.6025957,41.2037609],[-8.6028591,41.2039758],[-8.6034415,41.2043177],[-8.6039061,41.2043738],[-8.6044729,41.2042564],[-8.6050968,41.2040231],[-8.6052935,41.2040242],[-8.6055552,41.2041145],[-8.6057674,41.2042873],[-8.6059585,41.2044888],[-8.6061874,41.2046736],[-8.606332,41.2048034],[-8.6064094,41.2049109],[-8.6065135,41.2051812],[-8.6066021,41.205404],[-8.6066778,41.2055673],[-8.6068088,41.2057165],[-8.60693,41.2058588],[-8.607,41.206047],[-8.6071143,41.2064414],[-8.6072084,41.206627],[-8.6073179,41.2067086],[-8.6075008,41.2068],[-8.6077825,41.2069035],[-8.608002,41.2069827],[-8.608168,41.2070377],[-8.6083144,41.2071175],[-8.6086083,41.2072172],[-8.609013,41.2073306],[-8.6091934,41.2073876],[-8.6093363,41.2074127],[-8.6095596,41.207409],[-8.6097525,41.2073686],[-8.6098288,41.2073512],[-8.6099174,41.2073303],[-8.6100197,41.2073087],[-8.6103745,41.2072687],[-8.6104906,41.2072457],[-8.6105976,41.2072143],[-8.61075,41.2071431],[-8.6108832,41.2070233],[-8.6109388,41.2069048],[-8.6109094,41.2067742],[-8.6109086,41.2066558],[-8.6109608,41.2064992],[-8.6110267,41.206378],[-8.6112487,41.2061779],[-8.6114362,41.2060436],[-8.6117855,41.205906],[-8.6117415,41.2058332],[-8.6117945,41.2057649],[-8.6120007,41.2056781],[-8.61218,41.2055717],[-8.6123758,41.2054449],[-8.6124356,41.2054018],[-8.6126394,41.205217],[-8.6127514,41.2050249],[-8.6126779,41.2046056],[-8.6126707,41.2044783],[-8.6126905,41.2044455],[-8.6127936,41.2043996],[-8.6129475,41.2043645],[-8.6130341,41.2042993],[-8.6130948,41.2042192],[-8.6131839,41.2041662],[-8.6133271,41.2041353],[-8.6131358,41.2037631],[-8.6129875,41.2035444],[-8.6129304,41.2034993],[-8.6128497,41.2034064],[-8.6127722,41.2033059],[-8.6127483,41.2032354],[-8.6125719,41.2030572],[-8.6124911,41.2029517],[-8.6124499,41.2027906],[-8.6124909,41.202532],[-8.612442,41.2021756],[-8.6129624,41.2019491],[-8.6120248,41.2007609],[-8.6120344,41.200708],[-8.6120641,41.2006751],[-8.6121474,41.2006546],[-8.6124819,41.2006817],[-8.6129878,41.2007309],[-8.6132455,41.2007483],[-8.6133091,41.2007757],[-8.6135177,41.2009736],[-8.6139839,41.2014619],[-8.61465,41.2009175],[-8.6148418,41.2008076],[-8.6152539,41.2006513],[-8.615347,41.2005525],[-8.6155312,41.2004564],[-8.6156814,41.2004054],[-8.6155561,41.2001589],[-8.6152649,41.1997997],[-8.6150804,41.1996618],[-8.6148461,41.1995469],[-8.614489,41.1994238],[-8.6140326,41.1992731],[-8.6138928,41.1991687],[-8.6139007,41.1991274],[-8.6140882,41.1987763],[-8.6145339,41.1983817],[-8.614424,41.1981489],[-8.6141778,41.1977156],[-8.6141369,41.1977054],[-8.6140053,41.1971519],[-8.614035,41.1971228],[-8.6143831,41.1971297],[-8.614804,41.197386],[-8.6153061,41.1981522],[-8.6155279,41.1984789],[-8.6159369,41.1982557],[-8.6163019,41.1982149],[-8.6165688,41.1983057],[-8.6165929,41.198167],[-8.6165976,41.1981556],[-8.6166369,41.1980672],[-8.6167475,41.1977562],[-8.6168308,41.1975638],[-8.6169792,41.1972621],[-8.6171185,41.1970173],[-8.6173284,41.1968041],[-8.6175254,41.1958469],[-8.6176432,41.195249],[-8.6181011,41.1950832],[-8.6186498,41.1948572],[-8.619055,41.1947241],[-8.6192389,41.1946812],[-8.6196195,41.1946259],[-8.6196379,41.1947752],[-8.6199684,41.1947405],[-8.6201299,41.1947834],[-8.6202231,41.1948088],[-8.6202856,41.1948316],[-8.6203472,41.1948873],[-8.6204196,41.1949706],[-8.6206949,41.1949925],[-8.6212595,41.194983],[-8.6214034,41.1949764],[-8.621356,41.1947685],[-8.6218612,41.1945224],[-8.6224009,41.1943391],[-8.6228848,41.194214],[-8.6231382,41.1940311],[-8.6233474,41.1937651],[-8.6234894,41.1935408],[-8.6232936,41.1934587],[-8.6234331,41.1931927],[-8.6239032,41.1926315],[-8.6241678,41.1925856],[-8.6243999,41.1925805],[-8.6255619,41.193406],[-8.6255295,41.1920565],[-8.6253833,41.1920907],[-8.6249922,41.1920209],[-8.6249999,41.192005],[-8.6248055,41.1919705],[-8.624517,41.1920128],[-8.6245613,41.1915202],[-8.6246562,41.191236],[-8.6249418,41.191186],[-8.6248695,41.1908998],[-8.6246973,41.1908264],[-8.6250826,41.1907382],[-8.6251542,41.1905259],[-8.6258172,41.1899382],[-8.6269097,41.1890871],[-8.6274172,41.1886706],[-8.6272547,41.1881923],[-8.6275261,41.1881279],[-8.6278049,41.1881013],[-8.6278364,41.1882301],[-8.6280011,41.188695],[-8.6281611,41.1890909],[-8.6281971,41.1893008],[-8.6282307,41.1897763],[-8.6284154,41.1897181],[-8.6286131,41.1899807],[-8.6289519,41.1898329],[-8.6291436,41.189741],[-8.6298945,41.1905688],[-8.6305794,41.1902516],[-8.6307024,41.1903879],[-8.631045,41.1902538],[-8.6311958,41.1904239],[-8.6317515,41.1902878],[-8.6321739,41.1902136],[-8.6323062,41.1906527],[-8.6331392,41.190573],[-8.6327229,41.1890628],[-8.6323108,41.187298],[-8.6319723,41.1858552],[-8.6316993,41.1846736],[-8.6314653,41.1836936],[-8.6311353,41.1829328],[-8.6305753,41.1816343],[-8.6299154,41.1800954],[-8.6296378,41.1794834]]]}},{"type":"Feature","properties":{"nome":"Senhora da Hora","municipio":"Matosinhos","municipio_short":"MAT","dicofre":"130824","area_km2":3.78,"area_ha":377.84,"populacao":25500,"populacao_fonte":"ine_2021","densidade":6746,"num_escolas":2,"num_parques":0,"area_verde_m2":357000,"comboios_ativos":1,"camara_nome":"Câmara Municipal de Matosinhos","camara_email":"geral@cm-matosinhos.pt","camara_url":"https://www.cm-matosinhos.pt","escudo_url":null,"cor_principal":"#4A3F6B","centroide":[-8.657859935545027,41.18714109526066],"_todo":["Add real num_escolas (Censo + DGEEC)","Add real area_verde_m2 (Câmara dataset)","Add real comboios_ativos (Bicis Sapiens registry)","Add escudo_url (Wikimedia Commons SVG)","Verify cor_principal against actual heraldic blazon"]},"geometry":{"type":"Polygon","coordinates":[[[-8.6323108,41.187298],[-8.6325395,41.1873172],[-8.6333995,41.1873796],[-8.6343426,41.187387],[-8.63437,41.1875319],[-8.6357254,41.1874056],[-8.6397175,41.187494],[-8.6417686,41.1875379],[-8.6412192,41.1890337],[-8.6411906,41.1892255],[-8.6412259,41.1893858],[-8.641316,41.1893847],[-8.6415677,41.1892352],[-8.6418291,41.1891368],[-8.6423839,41.1890331],[-8.6427536,41.1889562],[-8.6427961,41.1890171],[-8.6430162,41.1893918],[-8.6434578,41.1893133],[-8.6434117,41.1892092],[-8.6439192,41.1891078],[-8.6439009,41.1890703],[-8.6440752,41.1890115],[-8.6443918,41.1887118],[-8.6444312,41.1887312],[-8.6447092,41.1886965],[-8.6445931,41.1885222],[-8.6448177,41.1884584],[-8.6448472,41.1884773],[-8.6480236,41.1888674],[-8.6481766,41.1888882],[-8.6481578,41.1889983],[-8.6481259,41.1893734],[-8.6482216,41.1899876],[-8.6483111,41.1905991],[-8.6485077,41.1905851],[-8.6517316,41.1919801],[-8.6515614,41.1921197],[-8.6515953,41.1923445],[-8.6518402,41.1924141],[-8.6526233,41.191839],[-8.6529776,41.1921386],[-8.6529051,41.1921953],[-8.6531338,41.1923406],[-8.6530529,41.1924033],[-8.653211,41.1924915],[-8.6530969,41.192618],[-8.6533053,41.1927171],[-8.653394,41.1930055],[-8.653586,41.1930084],[-8.654297,41.1933369],[-8.6546541,41.1935454],[-8.6549303,41.1937317],[-8.6554165,41.193996],[-8.6556553,41.1937008],[-8.6557502,41.1936651],[-8.6558793,41.1937278],[-8.6560081,41.1938368],[-8.6561173,41.193896],[-8.6569233,41.1943841],[-8.6572885,41.1946131],[-8.6577149,41.1949478],[-8.6580289,41.1952659],[-8.658416,41.1956594],[-8.6584677,41.1958517],[-8.6588479,41.1962691],[-8.6587898,41.1966012],[-8.6590272,41.1966401],[-8.6591862,41.1966055],[-8.659022,41.1963783],[-8.6594585,41.196065],[-8.6592415,41.1958037],[-8.6595464,41.1956186],[-8.6594983,41.1955739],[-8.6600701,41.195192],[-8.6597236,41.1948928],[-8.6606531,41.1941589],[-8.6614826,41.1935171],[-8.661765,41.1933857],[-8.6626538,41.1930314],[-8.6630752,41.1928615],[-8.6631669,41.1929979],[-8.6636739,41.1934342],[-8.6638845,41.1934407],[-8.6645317,41.1934219],[-8.6646046,41.193336],[-8.6649709,41.1927713],[-8.6645803,41.1923488],[-8.6648242,41.1922218],[-8.6644609,41.1917979],[-8.665373,41.1916286],[-8.6653913,41.1916002],[-8.6653053,41.1915119],[-8.665272,41.1914481],[-8.6652592,41.1913739],[-8.6653437,41.1911531],[-8.6660345,41.1911181],[-8.6662808,41.1910598],[-8.6666288,41.1910988],[-8.6668645,41.1903675],[-8.6667592,41.1902213],[-8.6668143,41.1901758],[-8.6670067,41.190163],[-8.6669848,41.1901131],[-8.6670477,41.1900877],[-8.6667837,41.1895631],[-8.6670864,41.1893758],[-8.6671559,41.1892826],[-8.6671595,41.1892164],[-8.6671379,41.1891548],[-8.6670881,41.1890366],[-8.6670595,41.1889899],[-8.6670554,41.1889716],[-8.6670649,41.1889421],[-8.6670952,41.1889038],[-8.667221,41.1886043],[-8.667398,41.1884776],[-8.6676634,41.1885691],[-8.6677151,41.1884877],[-8.6677728,41.1884178],[-8.6679246,41.1883377],[-8.6678628,41.1876584],[-8.6678631,41.1876329],[-8.6680316,41.1875784],[-8.6681909,41.1875478],[-8.6683498,41.1875288],[-8.6685583,41.1875537],[-8.6686574,41.1873884],[-8.6694163,41.1872848],[-8.6692036,41.1870618],[-8.669382,41.1869979],[-8.6693537,41.1868259],[-8.6692651,41.1866474],[-8.6691258,41.1864733],[-8.6688149,41.1859642],[-8.6687717,41.1855346],[-8.6703516,41.1854213],[-8.6706748,41.1854373],[-8.6712255,41.1855452],[-8.6714503,41.1855876],[-8.6715328,41.1855417],[-8.671679,41.1849178],[-8.6716878,41.1844977],[-8.6716761,41.1840769],[-8.6705391,41.1830727],[-8.6699515,41.1823942],[-8.6703823,41.1821706],[-8.6701684,41.182024],[-8.6704298,41.1817757],[-8.6705607,41.1817118],[-8.6703107,41.1812309],[-8.6700002,41.1805186],[-8.6697412,41.1805619],[-8.6696226,41.1801672],[-8.669434,41.1801727],[-8.6694089,41.1800839],[-8.6694095,41.179909],[-8.6694593,41.1798033],[-8.6695237,41.1797355],[-8.6696498,41.1793726],[-8.6692612,41.1793041],[-8.6693104,41.1791283],[-8.6695876,41.1784526],[-8.6699429,41.1784366],[-8.6699311,41.1783545],[-8.6698648,41.1780519],[-8.669938,41.1771905],[-8.6697941,41.1764455],[-8.6697602,41.1763045],[-8.6691244,41.1764758],[-8.6687045,41.1765961],[-8.6684803,41.1767158],[-8.6682353,41.1769109],[-8.6677354,41.177729],[-8.667257,41.1785781],[-8.6670056,41.178864],[-8.6666841,41.1791042],[-8.6663803,41.179195],[-8.6656638,41.179307],[-8.6650228,41.1792341],[-8.6640828,41.1790136],[-8.6623758,41.1773401],[-8.6620619,41.1770652],[-8.6618452,41.176958],[-8.6615402,41.176923],[-8.6611158,41.1769537],[-8.6577835,41.1774353],[-8.6559452,41.1779226],[-8.6539292,41.1785204],[-8.6530592,41.1788086],[-8.6524082,41.17917],[-8.651811,41.179506],[-8.6509229,41.1800014],[-8.6480016,41.1817387],[-8.6450357,41.1832526],[-8.6433387,41.184055],[-8.6426328,41.1843186],[-8.6421654,41.1843253],[-8.6417686,41.1842714],[-8.6413213,41.1840506],[-8.6338706,41.1799272],[-8.6326603,41.1792561],[-8.6324014,41.1792117],[-8.6319684,41.1792398],[-8.6296378,41.1794834],[-8.6299154,41.1800954],[-8.6305753,41.1816343],[-8.6311353,41.1829328],[-8.6314653,41.1836936],[-8.6316993,41.1846736],[-8.6319723,41.1858552],[-8.6323108,41.187298]]]}},{"type":"Feature","properties":{"nome":"Arcozelo","municipio":"Vila Nova de Gaia","municipio_short":"VNG","dicofre":"131701","area_km2":8.5,"area_ha":849.54,"populacao":15300,"populacao_fonte":"estimated","densidade":1800,"num_escolas":5,"num_parques":2,"area_verde_m2":137700,"comboios_ativos":4,"camara_nome":"Câmara Municipal de Vila Nova de Gaia","camara_email":"geral@cm-gaia.pt","camara_url":"https://www.cm-gaia.pt","escudo_url":null,"cor_principal":"#2E4F8C","centroide":[-8.646153326000004,41.05652223225001],"_todo":["Replace estimated populacao with real INE 2021 BGRI","Add real num_escolas (Censo + DGEEC)","Add real area_verde_m2 (Câmara dataset)","Add real comboios_ativos (Bicis Sapiens registry)","Add escudo_url (Wikimedia Commons SVG)","Verify cor_principal against actual heraldic blazon"]},"geometry":{"type":"Polygon","coordinates":[[[-8.6508543,41.0405698],[-8.6497319,41.0406571],[-8.6496137,41.040666],[-8.648926,41.0405498],[-8.6482106,41.0404765],[-8.6479723,41.0404232],[-8.6475412,41.0403273],[-8.6474473,41.0403293],[-8.6473007,41.0403247],[-8.6468606,41.0403095],[-8.6416599,41.0404298],[-8.6404092,41.0404148],[-8.6398772,41.0403991],[-8.6393052,41.0403861],[-8.6385128,41.0404337],[-8.6380023,41.0404838],[-8.6375331,41.0404913],[-8.6372132,41.04048],[-8.6364302,41.0404241],[-8.6359761,41.0404041],[-8.6353765,41.0403932],[-8.6349274,41.0403729],[-8.634629,41.040401],[-8.6344098,41.0404425],[-8.6342497,41.0404747],[-8.6338992,41.0405424],[-8.6332051,41.040737],[-8.6329511,41.0408321],[-8.6313673,41.0414258],[-8.6313422,41.0414485],[-8.6312811,41.0414738],[-8.6283579,41.0437547],[-8.628392,41.044032],[-8.6284746,41.0443456],[-8.6285596,41.0446137],[-8.6286153,41.0448478],[-8.6277985,41.0450905],[-8.6272401,41.0452249],[-8.6271022,41.0452475],[-8.6267827,41.0452488],[-8.6266667,41.0452769],[-8.6265804,41.0453929],[-8.6264504,41.0455088],[-8.6262883,41.0456237],[-8.6262554,41.0456473],[-8.6260815,41.0457249],[-8.6256543,41.0458806],[-8.6251407,41.0461169],[-8.6250738,41.0461676],[-8.6254473,41.0474986],[-8.6255011,41.0476559],[-8.6255028,41.0476613],[-8.6261303,41.0496685],[-8.6261359,41.0497517],[-8.6260925,41.0497873],[-8.6261224,41.0498134],[-8.6261272,41.0498857],[-8.6262031,41.0501254],[-8.6262599,41.0503471],[-8.6263189,41.0505794],[-8.6263279,41.050823],[-8.626325,41.0510504],[-8.6262606,41.0512738],[-8.6261885,41.0514977],[-8.6261083,41.0517193],[-8.6260376,41.0519376],[-8.6260476,41.0521151],[-8.6259899,41.0524151],[-8.6259175,41.052636],[-8.6258161,41.0528696],[-8.625444,41.0538617],[-8.6253136,41.0539163],[-8.625364,41.0540449],[-8.6254189,41.0541401],[-8.6225727,41.0614125],[-8.6225504,41.0615826],[-8.6224486,41.0617929],[-8.6222975,41.062051],[-8.622192,41.0622307],[-8.6220789,41.0624338],[-8.6219746,41.0625755],[-8.6218011,41.0630644],[-8.6217786,41.0631517],[-8.6217808,41.0633236],[-8.6218399,41.0642049],[-8.6218637,41.0646784],[-8.6219035,41.0650142],[-8.6219473,41.0652599],[-8.621818,41.0655315],[-8.6216382,41.0658212],[-8.6214612,41.0660713],[-8.6210879,41.0665872],[-8.6210034,41.0667756],[-8.6208913,41.0671091],[-8.6206451,41.0671167],[-8.6199922,41.0682703],[-8.6222776,41.0682898],[-8.6228766,41.0683053],[-8.6249556,41.0685173],[-8.6253872,41.0688404],[-8.6258802,41.0689067],[-8.6263186,41.0694847],[-8.6264106,41.0694205],[-8.6266339,41.0692799],[-8.6268403,41.0691518],[-8.6270272,41.0692645],[-8.6271602,41.0693334],[-8.6274003,41.069417],[-8.6276961,41.069512],[-8.6284351,41.0697457],[-8.6289464,41.0698588],[-8.6295182,41.070068],[-8.6299912,41.0701901],[-8.6307356,41.0702915],[-8.6313707,41.0703707],[-8.6319931,41.0705407],[-8.6325056,41.0706232],[-8.6327279,41.0706079],[-8.6328101,41.0705796],[-8.6334628,41.0704992],[-8.6339434,41.0703918],[-8.6345165,41.0702489],[-8.6351285,41.0700805],[-8.6359247,41.0699051],[-8.6364826,41.0697315],[-8.6369062,41.0696262],[-8.6374698,41.0696532],[-8.6380936,41.0697686],[-8.638395,41.0698501],[-8.6384763,41.0698505],[-8.6386293,41.0697608],[-8.6389215,41.0697235],[-8.6394471,41.0697257],[-8.639777,41.069696],[-8.6400115,41.0696925],[-8.640137,41.0697187],[-8.6402913,41.0697692],[-8.6404134,41.0697928],[-8.6404779,41.0698072],[-8.6406337,41.069817],[-8.6409228,41.0697127],[-8.6410091,41.0696968],[-8.6415246,41.0698411],[-8.6416316,41.0700168],[-8.6416796,41.0700185],[-8.642039,41.0700817],[-8.6422292,41.0701005],[-8.6424229,41.0700952],[-8.6424374,41.0700006],[-8.6435414,41.0698622],[-8.6438099,41.0698774],[-8.64408,41.069854],[-8.6441571,41.0698826],[-8.6441711,41.0699144],[-8.6441787,41.0699371],[-8.6442223,41.0700897],[-8.6470926,41.0700825],[-8.647804,41.070076],[-8.648032,41.0700965],[-8.6482249,41.0701081],[-8.648419,41.0701044],[-8.6485701,41.0701074],[-8.6485873,41.0700212],[-8.6488514,41.0700285],[-8.6490524,41.0700476],[-8.6491411,41.0700519],[-8.6503745,41.0701198],[-8.6506447,41.0700995],[-8.6514219,41.0700405],[-8.6519342,41.0699811],[-8.652,41.0701198],[-8.6524998,41.0700303],[-8.6524744,41.0699196],[-8.6524599,41.0698026],[-8.6524552,41.0696571],[-8.6529024,41.0696351],[-8.6532054,41.0696075],[-8.6531853,41.0694915],[-8.653864,41.0693691],[-8.6545558,41.0692747],[-8.6551451,41.0691947],[-8.6556552,41.0691139],[-8.6566063,41.0689965],[-8.6590503,41.0686697],[-8.659006,41.0686222],[-8.6588936,41.0684894],[-8.658715,41.0683174],[-8.6586243,41.0681693],[-8.6583586,41.0681742],[-8.657567,41.0678868],[-8.6573906,41.0678364],[-8.657445,41.0678244],[-8.6576831,41.0678134],[-8.6579789,41.0676201],[-8.6581731,41.0674961],[-8.658098,41.0673144],[-8.6577615,41.0671062],[-8.6575587,41.066593],[-8.657427,41.0662209],[-8.6573251,41.0656008],[-8.6575498,41.0650444],[-8.6577916,41.0645841],[-8.6579161,41.0643916],[-8.6579087,41.0643078],[-8.6578222,41.0640131],[-8.6580093,41.0641093],[-8.6581617,41.0641887],[-8.658108,41.0640514],[-8.657966,41.0638053],[-8.6580065,41.0637114],[-8.6580393,41.0636139],[-8.6577575,41.0633254],[-8.6575572,41.0629068],[-8.6575775,41.0628742],[-8.6575896,41.0628587],[-8.6576245,41.0628487],[-8.6576607,41.0628748],[-8.6576732,41.0629062],[-8.6576847,41.0629503],[-8.6577163,41.0630067],[-8.6577816,41.0630289],[-8.6578098,41.0629748],[-8.6577958,41.0629057],[-8.6577473,41.0628634],[-8.6577132,41.0627915],[-8.6576592,41.0627152],[-8.6575583,41.0626337],[-8.6577206,41.062581],[-8.6578464,41.0626558],[-8.6579351,41.0627483],[-8.6580303,41.0628432],[-8.6582055,41.0628812],[-8.6582026,41.0627253],[-8.6581321,41.0626466],[-8.6580651,41.0625693],[-8.6580009,41.0623465],[-8.6579278,41.0622576],[-8.6579394,41.062144],[-8.6579303,41.0620397],[-8.65791,41.0618832],[-8.6579336,41.0617137],[-8.6578231,41.061562],[-8.6576652,41.0614485],[-8.6575417,41.0613373],[-8.6574109,41.0612588],[-8.6571944,41.0612418],[-8.6569274,41.0612655],[-8.6567719,41.0611762],[-8.6567711,41.0610428],[-8.6568227,41.0608507],[-8.6569206,41.0607692],[-8.6570262,41.0606598],[-8.6571631,41.0605494],[-8.6572649,41.0604336],[-8.657314,41.0603363],[-8.6573532,41.0601929],[-8.6572705,41.0599718],[-8.657219,41.0598215],[-8.6571843,41.0596183],[-8.6571529,41.059377],[-8.657156,41.0591214],[-8.6571944,41.0588627],[-8.6572189,41.0586627],[-8.6572811,41.0584841],[-8.6573114,41.0583444],[-8.6573477,41.0582055],[-8.6573618,41.0580785],[-8.6572911,41.0579467],[-8.6572623,41.0577783],[-8.6572131,41.0576074],[-8.657149,41.0574828],[-8.6570321,41.0573697],[-8.6570153,41.057377],[-8.6569361,41.0572198],[-8.6568378,41.057131],[-8.656773,41.0569963],[-8.6566966,41.0567698],[-8.6566336,41.0565495],[-8.6566675,41.0564422],[-8.6566129,41.0562685],[-8.656575,41.0560627],[-8.6566157,41.0559418],[-8.6565914,41.0558195],[-8.656573,41.055707],[-8.6565769,41.0555619],[-8.6564899,41.0554553],[-8.6564915,41.0553732],[-8.6565023,41.0552425],[-8.6565158,41.0550689],[-8.6564602,41.0549386],[-8.6563844,41.0547658],[-8.6563818,41.0546508],[-8.6563745,41.0544886],[-8.656378,41.0543067],[-8.6563491,41.0541331],[-8.6563186,41.0540207],[-8.6563033,41.0539361],[-8.6563108,41.0539082],[-8.6563137,41.053855],[-8.6563474,41.0536506],[-8.6562954,41.0533436],[-8.6562457,41.0531584],[-8.6562001,41.0529229],[-8.6562304,41.0527696],[-8.6562821,41.0527108],[-8.6563149,41.0526907],[-8.6563009,41.0524567],[-8.6562664,41.0522443],[-8.6563037,41.0520723],[-8.6564359,41.051735],[-8.6565851,41.051467],[-8.6566578,41.0510943],[-8.6567058,41.050779],[-8.6568417,41.0504251],[-8.6569268,41.0500237],[-8.6569625,41.0497562],[-8.6570847,41.0492496],[-8.6566781,41.0472846],[-8.6565021,41.0473618],[-8.6567645,41.04864],[-8.6566401,41.0488602],[-8.6564146,41.0490522],[-8.6559988,41.0491018],[-8.6555948,41.0490463],[-8.6553797,41.0490024],[-8.6553251,41.0489019],[-8.6552336,41.0487664],[-8.655019,41.0486602],[-8.6549322,41.0485416],[-8.6548801,41.0484338],[-8.654779,41.0482426],[-8.6546582,41.0482043],[-8.6545694,41.0482596],[-8.6544684,41.048226],[-8.6545031,41.0481384],[-8.6545916,41.0480605],[-8.6546064,41.0479749],[-8.6544862,41.0479324],[-8.6544087,41.0479057],[-8.6544185,41.0478157],[-8.6544482,41.0476489],[-8.6545362,41.0475729],[-8.6545029,41.0475091],[-8.6543851,41.0474726],[-8.6542958,41.0474983],[-8.6540088,41.0472061],[-8.6538492,41.0470394],[-8.6536774,41.0469256],[-8.6536602,41.046778],[-8.6536856,41.046696],[-8.6537101,41.0465808],[-8.6535912,41.0463677],[-8.6534486,41.0461425],[-8.653325,41.0458647],[-8.6532536,41.0456869],[-8.6531401,41.0454721],[-8.6531346,41.0453228],[-8.6531542,41.0452163],[-8.653063,41.0450429],[-8.6530196,41.044919],[-8.652991,41.0448822],[-8.6529188,41.0448212],[-8.6528444,41.0447287],[-8.6528681,41.0446307],[-8.6528496,41.0445478],[-8.6527503,41.0444835],[-8.652661,41.0444316],[-8.6527883,41.0443843],[-8.6527874,41.0442914],[-8.6526767,41.0441083],[-8.6525835,41.0438602],[-8.6525,41.0436994],[-8.6524469,41.043625],[-8.6524497,41.043542],[-8.6523382,41.0434995],[-8.6521487,41.0433408],[-8.651975,41.0432669],[-8.6518482,41.0431783],[-8.6518032,41.0429292],[-8.6517519,41.0428411],[-8.6516227,41.0427995],[-8.6515614,41.0427572],[-8.6514957,41.0426532],[-8.6514434,41.0425191],[-8.6514775,41.0423229],[-8.651608,41.0421447],[-8.6515454,41.0420288],[-8.65161,41.0419306],[-8.6516121,41.0418648],[-8.6515934,41.0417495],[-8.6515368,41.0416482],[-8.6515339,41.0414959],[-8.6514568,41.0413919],[-8.6514427,41.041283],[-8.651318,41.0412349],[-8.6513725,41.0411753],[-8.651404,41.0411101],[-8.651332,41.0409864],[-8.6511763,41.0408573],[-8.6510108,41.0407275],[-8.6508543,41.0405698]]]}},{"type":"Feature","properties":{"nome":"Avintes","municipio":"Vila Nova de Gaia","municipio_short":"VNG","dicofre":"131702","area_km2":8.82,"area_ha":882.14,"populacao":15876,"populacao_fonte":"estimated","densidade":1800,"num_escolas":5,"num_parques":2,"area_verde_m2":63504,"comboios_ativos":1,"camara_nome":"Câmara Municipal de Vila Nova de Gaia","camara_email":"geral@cm-gaia.pt","camara_url":"https://www.cm-gaia.pt","escudo_url":null,"cor_principal":"#8B2A2A","centroide":[-8.550703489830507,41.10250472987285],"_todo":["Replace estimated populacao with real INE 2021 BGRI","Add real num_escolas (Censo + DGEEC)","Add real area_verde_m2 (Câmara dataset)","Add real comboios_ativos (Bicis Sapiens registry)","Add escudo_url (Wikimedia Commons SVG)","Verify cor_principal against actual heraldic blazon"]},"geometry":{"type":"Polygon","coordinates":[[[-8.5253802,41.0956042],[-8.5253933,41.0956342],[-8.5256717,41.0962481],[-8.5258874,41.0967384],[-8.5262203,41.0973329],[-8.5264971,41.0979901],[-8.5267104,41.0985131],[-8.5269697,41.0990518],[-8.5271707,41.0994371],[-8.5273652,41.0998034],[-8.5276422,41.1001463],[-8.5280045,41.1005443],[-8.5284549,41.1009714],[-8.5288751,41.1013661],[-8.5292998,41.1016641],[-8.5297506,41.1020272],[-8.5298903,41.1021471],[-8.5302379,41.1024446],[-8.5309278,41.1029549],[-8.5317838,41.1036084],[-8.531835,41.1036493],[-8.5325133,41.1040969],[-8.5332158,41.1045165],[-8.5340197,41.1049512],[-8.5344541,41.1051478],[-8.5350633,41.1054904],[-8.535559,41.1057695],[-8.5359717,41.1059903],[-8.5364302,41.1063286],[-8.536815,41.1067454],[-8.5371474,41.1071352],[-8.5374251,41.1075097],[-8.5377812,41.1080949],[-8.5380202,41.1085208],[-8.5383114,41.109039],[-8.5386319,41.1096406],[-8.5389093,41.1100354],[-8.5390594,41.1102622],[-8.5391359,41.1103976],[-8.5392757,41.1108448],[-8.5402478,41.1123754],[-8.5419844,41.1146298],[-8.5421067,41.1147709],[-8.5431583,41.1159835],[-8.5447184,41.1176325],[-8.5456815,41.1187268],[-8.5468096,41.119991],[-8.5477202,41.1210557],[-8.5490136,41.1221355],[-8.5501411,41.1226917],[-8.5516713,41.1231182],[-8.5539033,41.1236407],[-8.5540919,41.1236848],[-8.5561888,41.1239989],[-8.5563871,41.1239931],[-8.5574037,41.1240668],[-8.5587357,41.1240855],[-8.5595514,41.1240889],[-8.5595618,41.1240891],[-8.5603031,41.1240923],[-8.5619583,41.1241185],[-8.5637723,41.1242929],[-8.5653862,41.1245215],[-8.5667613,41.1248213],[-8.5675272,41.1252391],[-8.5688324,41.1261925],[-8.570341,41.1242611],[-8.5704268,41.1241161],[-8.5700915,41.1238692],[-8.5698311,41.1236527],[-8.5694147,41.1233411],[-8.569258,41.1231546],[-8.5691476,41.1230025],[-8.5691644,41.1229113],[-8.5692211,41.1228064],[-8.5693585,41.1227015],[-8.5693982,41.1226015],[-8.569426,41.1224401],[-8.5694309,41.122301],[-8.5694587,41.1221877],[-8.5695272,41.1221049],[-8.5700548,41.1220469],[-8.5702117,41.122063],[-8.5703267,41.1220192],[-8.570349,41.1219364],[-8.5703481,41.1218016],[-8.5703527,41.1216316],[-8.5704038,41.1215096],[-8.5705295,41.1213872],[-8.5705923,41.1213175],[-8.5705516,41.1212436],[-8.5703266,41.1211706],[-8.5701305,41.1210973],[-8.5700781,41.121028],[-8.5701006,41.1209322],[-8.5702096,41.1208665],[-8.5703011,41.1207876],[-8.5703752,41.1206875],[-8.5704495,41.1205999],[-8.5705235,41.1204866],[-8.5705518,41.1204082],[-8.5705225,41.1203343],[-8.5704413,41.1202477],[-8.5703833,41.1201739],[-8.5703944,41.1200954],[-8.5704167,41.1200213],[-8.5704564,41.1199168],[-8.570484,41.1197603],[-8.5705118,41.1195947],[-8.5705335,41.1193901],[-8.5705775,41.1191026],[-8.570582,41.1189155],[-8.5711651,41.1188832],[-8.571344,41.1188805],[-8.5715581,41.118874],[-8.5717217,41.1188256],[-8.5718167,41.1187],[-8.5718128,41.118507],[-8.5718007,41.1182003],[-8.571683,41.1179377],[-8.5716116,41.117795],[-8.5715907,41.117732],[-8.5714944,41.1176353],[-8.5713601,41.1175196],[-8.5713345,41.1174548],[-8.5713439,41.1173673],[-8.5713876,41.1173215],[-8.5713652,41.1172007],[-8.5713602,41.117144],[-8.5713494,41.117049],[-8.5713097,41.116857],[-8.5712856,41.1166618],[-8.5712796,41.1165037],[-8.5713008,41.1162678],[-8.5713025,41.1161938],[-8.571327,41.1160485],[-8.5712661,41.1160668],[-8.5707488,41.1161],[-8.5702959,41.1161783],[-8.5697778,41.1162551],[-8.5692819,41.1162812],[-8.5690189,41.1162174],[-8.5689098,41.1161801],[-8.5683907,41.1157119],[-8.5681814,41.1155461],[-8.5679428,41.1153383],[-8.5678771,41.1152988],[-8.5677429,41.1152616],[-8.5674852,41.1152356],[-8.5673513,41.1150839],[-8.5669789,41.1148061],[-8.5667346,41.1146045],[-8.5667134,41.1143976],[-8.5667415,41.1143093],[-8.5667589,41.1142398],[-8.5667466,41.1141881],[-8.5667036,41.1141303],[-8.5665239,41.1139911],[-8.5662875,41.1137284],[-8.5660985,41.1135084],[-8.5660729,41.1134734],[-8.5658998,41.1133614],[-8.5658076,41.1133525],[-8.5656616,41.1133018],[-8.5647811,41.1132241],[-8.5643861,41.1132231],[-8.5642361,41.1131749],[-8.5642006,41.1131323],[-8.5641744,41.1130466],[-8.5642549,41.1127936],[-8.5645084,41.1125715],[-8.5649604,41.1123205],[-8.5652561,41.1122561],[-8.5654651,41.1121675],[-8.565568,41.1119176],[-8.5655745,41.1118599],[-8.565537,41.1117354],[-8.5654617,41.111656],[-8.5654112,41.1116228],[-8.5652659,41.1115943],[-8.5650769,41.1115803],[-8.5648753,41.1115918],[-8.5647532,41.1115816],[-8.5646729,41.1116002],[-8.5646106,41.1116581],[-8.5645022,41.11167],[-8.5644106,41.1116228],[-8.5643376,41.1115283],[-8.5641788,41.1111229],[-8.5639579,41.1107784],[-8.5638522,41.1106119],[-8.5638337,41.1104032],[-8.563796,41.1102675],[-8.5635122,41.1101298],[-8.5633638,41.1101073],[-8.563217,41.1100704],[-8.5631425,41.1100113],[-8.5631038,41.1099299],[-8.5630986,41.1098649],[-8.5630606,41.1094996],[-8.5629486,41.1092586],[-8.5627239,41.109137],[-8.5626338,41.1090426],[-8.562502,41.1088632],[-8.5621973,41.108596],[-8.562081,41.1083237],[-8.5620802,41.1080752],[-8.5621985,41.1078199],[-8.5623568,41.1074529],[-8.5624989,41.107138],[-8.5627422,41.1067303],[-8.5627922,41.1066671],[-8.5628588,41.1066026],[-8.562912,41.1064933],[-8.5628816,41.1064534],[-8.5627982,41.106425],[-8.5626846,41.1064064],[-8.5624979,41.1063746],[-8.562213,41.1063358],[-8.5620425,41.1062824],[-8.5618296,41.1062649],[-8.5617123,41.1062783],[-8.5615959,41.106295],[-8.5614854,41.1063188],[-8.5612587,41.1063619],[-8.5609606,41.1063328],[-8.5608655,41.1062904],[-8.5607201,41.1061984],[-8.5606165,41.1060826],[-8.5605575,41.1059455],[-8.5605291,41.1058335],[-8.5604861,41.1056085],[-8.5604925,41.1055285],[-8.5603334,41.1053232],[-8.5602166,41.1052924],[-8.5603403,41.1048935],[-8.5606267,41.1044512],[-8.5614555,41.1034599],[-8.561574,41.103366],[-8.5616656,41.1032936],[-8.5619309,41.1030346],[-8.5618625,41.1030022],[-8.5617889,41.1029814],[-8.5617498,41.1029511],[-8.5617216,41.1029259],[-8.5616919,41.1029088],[-8.5616545,41.1028814],[-8.5614193,41.1027369],[-8.5611916,41.102543],[-8.5609702,41.1024495],[-8.5608685,41.1023737],[-8.5607721,41.1022725],[-8.5607377,41.1020816],[-8.5607652,41.101853],[-8.5607517,41.1016715],[-8.560618,41.1014934],[-8.560277,41.1013134],[-8.5601596,41.1012275],[-8.5599942,41.1010948],[-8.5598797,41.1010332],[-8.5597855,41.1010105],[-8.5596963,41.1010109],[-8.5595857,41.101038],[-8.5594126,41.1010992],[-8.5591242,41.1011413],[-8.5588715,41.1011115],[-8.5586029,41.1010532],[-8.5584574,41.1009496],[-8.5584276,41.100889],[-8.5584371,41.1007347],[-8.5584936,41.1005781],[-8.5585435,41.1004569],[-8.5586274,41.1003463],[-8.5590251,41.1001259],[-8.5593105,41.0998755],[-8.5595428,41.0996585],[-8.5596959,41.0994537],[-8.5597613,41.0993283],[-8.5598839,41.0991718],[-8.5599006,41.0990576],[-8.5597301,41.0989698],[-8.5594873,41.0989592],[-8.5591607,41.0989593],[-8.5588733,41.0989489],[-8.5586245,41.0988921],[-8.5584531,41.0988224],[-8.5582586,41.098634],[-8.5582402,41.0985126],[-8.5582321,41.0984381],[-8.5581996,41.0983102],[-8.5580474,41.0980417],[-8.5580231,41.0978176],[-8.5580212,41.0976113],[-8.5579709,41.0974494],[-8.557979,41.0972774],[-8.5579141,41.0971362],[-8.5578905,41.096986],[-8.5578656,41.0968771],[-8.5578688,41.0967444],[-8.5578351,41.0965872],[-8.5577352,41.0963625],[-8.5575992,41.0960992],[-8.557586,41.0959466],[-8.5575853,41.0958506],[-8.5576345,41.0958006],[-8.5577378,41.0957074],[-8.5578119,41.0956167],[-8.5578372,41.0955348],[-8.5578502,41.0953535],[-8.5578848,41.0952752],[-8.5577908,41.0952595],[-8.5576145,41.0952547],[-8.5575721,41.0952443],[-8.5575015,41.0952144],[-8.5574235,41.0951541],[-8.5573173,41.0950977],[-8.5572352,41.0950944],[-8.5570568,41.0951192],[-8.5568685,41.0951259],[-8.5561384,41.0952096],[-8.5552828,41.0953208],[-8.5548857,41.09547],[-8.5546884,41.0955203],[-8.5544873,41.0953093],[-8.5544621,41.0949799],[-8.5544286,41.0946774],[-8.5541133,41.0943887],[-8.55378,41.0941696],[-8.5537542,41.0940414],[-8.5537427,41.0938985],[-8.5538912,41.0937899],[-8.5540023,41.0937256],[-8.5520362,41.092596],[-8.5519534,41.0925679],[-8.5514307,41.0924916],[-8.5508583,41.0923789],[-8.5506333,41.0923184],[-8.5503421,41.0922313],[-8.5503292,41.0923271],[-8.5475796,41.0931657],[-8.5467307,41.0931806],[-8.5454402,41.0931543],[-8.544618,41.0929273],[-8.5440628,41.0927712],[-8.5427067,41.0923776],[-8.5417928,41.0921214],[-8.5397929,41.0915368],[-8.5393844,41.0914139],[-8.5382861,41.0919833],[-8.5370356,41.0910896],[-8.5366939,41.0908561],[-8.5366105,41.0907936],[-8.5365746,41.090706],[-8.536562,41.0905904],[-8.5362253,41.0904633],[-8.5360079,41.0903723],[-8.5355681,41.0901585],[-8.5353379,41.090022],[-8.5350324,41.0900155],[-8.5348787,41.0900256],[-8.5346771,41.0900339],[-8.5344906,41.0900098],[-8.5340341,41.0898898],[-8.5335697,41.0897631],[-8.533317,41.0896762],[-8.5329613,41.0895123],[-8.5326451,41.0893395],[-8.5323687,41.089159],[-8.532158,41.0889676],[-8.5319806,41.0887535],[-8.531747,41.0884195],[-8.5315906,41.0879909],[-8.5314049,41.0873255],[-8.5312869,41.0869489],[-8.5311405,41.0865166],[-8.5310457,41.0862558],[-8.5309229,41.0859493],[-8.5308306,41.0856845],[-8.530802,41.0855453],[-8.5307784,41.0854025],[-8.530781,41.0849811],[-8.5307971,41.084739],[-8.530805,41.0843993],[-8.5307956,41.0840639],[-8.5307732,41.083698],[-8.5307438,41.0830075],[-8.5307329,41.0828627],[-8.5307338,41.0825123],[-8.5307334,41.0824946],[-8.5304552,41.082466],[-8.5302281,41.0824511],[-8.5300819,41.0824481],[-8.5299371,41.082447],[-8.5298201,41.082442],[-8.5296643,41.0824358],[-8.529508,41.0824288],[-8.5291934,41.0823989],[-8.5289797,41.0823881],[-8.5287886,41.082393],[-8.5285847,41.0824033],[-8.5284289,41.0824249],[-8.5283388,41.0824317],[-8.5282559,41.0824331],[-8.528056,41.0823966],[-8.5278155,41.0823761],[-8.5275609,41.0823871],[-8.5274446,41.0824007],[-8.5273574,41.0824182],[-8.5272368,41.0824504],[-8.5271119,41.0824956],[-8.5269269,41.0825738],[-8.5267629,41.0826414],[-8.5266716,41.08268],[-8.5265988,41.082725],[-8.5265641,41.0827514],[-8.5265387,41.0827707],[-8.5265051,41.0828136],[-8.5264872,41.0828627],[-8.5264677,41.082903],[-8.52645,41.0829861],[-8.5264462,41.0830756],[-8.5264471,41.0831549],[-8.5264154,41.0831948],[-8.5263926,41.0832124],[-8.5263675,41.0832258],[-8.5263375,41.0832374],[-8.5262869,41.083243],[-8.526232,41.0832378],[-8.5260126,41.0831955],[-8.5258619,41.0831519],[-8.5257044,41.0831147],[-8.5255761,41.0830923],[-8.5254987,41.0830884],[-8.5253428,41.0831057],[-8.5252151,41.0831532],[-8.5250426,41.0832131],[-8.5248712,41.0832512],[-8.5247389,41.0833174],[-8.524661,41.0833631],[-8.5246457,41.083372],[-8.5246064,41.0834124],[-8.5245414,41.083568],[-8.5244931,41.0836516],[-8.5244885,41.0836596],[-8.5244437,41.0836843],[-8.5244029,41.0837005],[-8.5243637,41.0837071],[-8.5242947,41.0837104],[-8.5216338,41.0849557],[-8.5216176,41.0849626],[-8.5216601,41.0850817],[-8.5217169,41.085314],[-8.5217414,41.0859332],[-8.5217567,41.0864211],[-8.5217864,41.0868678],[-8.5218678,41.0872159],[-8.5220067,41.0876476],[-8.5224768,41.0885174],[-8.5228269,41.089095],[-8.523001,41.0895179],[-8.5231276,41.0899542],[-8.5232368,41.0903615],[-8.5232714,41.0904912],[-8.5234043,41.0908486],[-8.5236198,41.0913164],[-8.5238597,41.0918279],[-8.5241081,41.0923991],[-8.5243234,41.0929667],[-8.524482,41.0933585],[-8.5246461,41.0938543],[-8.5249187,41.0945434],[-8.5251299,41.0950301],[-8.5253802,41.0956042]]]}},{"type":"Feature","properties":{"nome":"Canelas","municipio":"Vila Nova de Gaia","municipio_short":"VNG","dicofre":"131703","area_km2":6.9,"area_ha":690.13,"populacao":12420,"populacao_fonte":"estimated","densidade":1800,"num_escolas":4,"num_parques":1,"area_verde_m2":149040,"comboios_ativos":0,"camara_nome":"Câmara Municipal de Vila Nova de Gaia","camara_email":"geral@cm-gaia.pt","camara_url":"https://www.cm-gaia.pt","escudo_url":null,"cor_principal":"#4A3F6B","centroide":[-8.600882779017859,41.08091756875002],"_todo":["Replace estimated populacao with real INE 2021 BGRI","Add real num_escolas (Censo + DGEEC)","Add real area_verde_m2 (Câmara dataset)","Add real comboios_ativos (Bicis Sapiens registry)","Add escudo_url (Wikimedia Commons SVG)","Verify cor_principal against actual heraldic blazon"]},"geometry":{"type":"Polygon","coordinates":[[[-8.6034601,41.09814],[-8.606208,41.0967917],[-8.6070179,41.0969307],[-8.6071912,41.0965906],[-8.6073467,41.0959695],[-8.6083572,41.0959021],[-8.6085885,41.0958831],[-8.6086501,41.0957577],[-8.6084529,41.0944934],[-8.6091885,41.0933496],[-8.6098077,41.0924348],[-8.6108043,41.0908217],[-8.611349,41.0901207],[-8.6116839,41.0898619],[-8.6122152,41.0874646],[-8.6124908,41.0862063],[-8.6128913,41.0844714],[-8.613235,41.0844488],[-8.6132714,41.0842905],[-8.6132607,41.0842106],[-8.6131838,41.0840933],[-8.6131503,41.0839455],[-8.6131361,41.0838158],[-8.6131417,41.083636],[-8.6131598,41.0835298],[-8.6133056,41.0834518],[-8.6133918,41.0833941],[-8.6134674,41.0833251],[-8.613553,41.0831559],[-8.6135613,41.0830968],[-8.6135578,41.0830434],[-8.6134639,41.0829354],[-8.6133331,41.0828307],[-8.6132754,41.0827023],[-8.6133846,41.0825987],[-8.6134737,41.0825327],[-8.6135301,41.0824894],[-8.6135941,41.082432],[-8.6136457,41.0823853],[-8.6137051,41.0823114],[-8.6137156,41.0822529],[-8.6137166,41.0821563],[-8.6136609,41.0820246],[-8.6135331,41.0818259],[-8.613441,41.081712],[-8.6133109,41.081578],[-8.6131637,41.0814476],[-8.6130858,41.0813584],[-8.6129272,41.0811101],[-8.6129017,41.0810879],[-8.6130142,41.080974],[-8.6131881,41.0807745],[-8.6133472,41.0805805],[-8.6134442,41.0803452],[-8.613435,41.0799796],[-8.6136107,41.0796424],[-8.6137483,41.0792962],[-8.6137649,41.0792601],[-8.6138369,41.0791189],[-8.6139004,41.0790359],[-8.6140366,41.0789385],[-8.614604,41.078621],[-8.6146864,41.0785452],[-8.6147454,41.0784758],[-8.6147769,41.0784154],[-8.614794,41.0783827],[-8.6148257,41.07829],[-8.6148393,41.0781974],[-8.6148517,41.078125],[-8.6147734,41.0777662],[-8.6146831,41.0774043],[-8.6145747,41.0770983],[-8.6147538,41.0745896],[-8.6138514,41.072102],[-8.6138144,41.0720508],[-8.6138086,41.0719689],[-8.6136829,41.071766],[-8.6136693,41.0716908],[-8.6137283,41.0714191],[-8.614527,41.0677123],[-8.6146105,41.0670971],[-8.612766,41.067143],[-8.6123215,41.0669895],[-8.60899,41.0658841],[-8.6083938,41.0656947],[-8.6077164,41.0653193],[-8.6071423,41.0650113],[-8.6068445,41.0648673],[-8.6065603,41.064692],[-8.6058482,41.0643338],[-8.6057283,41.0642966],[-8.6059616,41.0639202],[-8.6058219,41.0638932],[-8.6055152,41.0638475],[-8.6051506,41.0637857],[-8.604338,41.0636475],[-8.6036237,41.0635201],[-8.6035733,41.0635696],[-8.6035874,41.0636981],[-8.6030067,41.063832],[-8.6015002,41.0641769],[-8.598352,41.0638217],[-8.5982059,41.0638062],[-8.5981411,41.0637958],[-8.5980361,41.0638493],[-8.5979661,41.0638688],[-8.597557,41.0640078],[-8.5969046,41.0642537],[-8.5964493,41.0644286],[-8.5963753,41.0644654],[-8.5962913,41.0645176],[-8.5961606,41.0646337],[-8.5955942,41.0646454],[-8.595513,41.0649009],[-8.5952687,41.0649841],[-8.5940402,41.0661258],[-8.593801,41.0663718],[-8.5930643,41.0670279],[-8.5926975,41.0674919],[-8.5913214,41.0689318],[-8.5899864,41.0704077],[-8.5897899,41.0706679],[-8.5889668,41.0715164],[-8.58871,41.0718],[-8.5884186,41.0717254],[-8.5882214,41.0717152],[-8.5878688,41.0717143],[-8.5873014,41.0717085],[-8.5868075,41.0716899],[-8.5864949,41.0716964],[-8.5862677,41.0716621],[-8.5858837,41.0716726],[-8.5850754,41.0715931],[-8.5846251,41.0715848],[-8.5840183,41.0715629],[-8.5834897,41.0715282],[-8.5830541,41.0714902],[-8.5822671,41.0714401],[-8.5828142,41.0719901],[-8.5823534,41.0722296],[-8.5806686,41.073648],[-8.5811834,41.0741477],[-8.584332,41.0772237],[-8.5853173,41.0781841],[-8.585696,41.0781857],[-8.5856788,41.0782876],[-8.5856387,41.078388],[-8.5857233,41.0784972],[-8.5857697,41.0785625],[-8.5857726,41.0786354],[-8.5857858,41.0786834],[-8.585794,41.0787701],[-8.5858175,41.0788697],[-8.5858853,41.0791157],[-8.5860609,41.0797757],[-8.5861921,41.0804002],[-8.5863675,41.0807889],[-8.5865193,41.0810677],[-8.5865635,41.0811773],[-8.5866304,41.0812601],[-8.5868666,41.081747],[-8.5870439,41.0821037],[-8.5872271,41.0824356],[-8.5873856,41.0826682],[-8.5875114,41.0828431],[-8.5881508,41.0834898],[-8.5885224,41.0838746],[-8.5900957,41.0861671],[-8.5904181,41.0865909],[-8.591045,41.087506],[-8.591468,41.0879534],[-8.5928527,41.08955],[-8.5932486,41.0894671],[-8.5933194,41.0896819],[-8.5933547,41.0897627],[-8.5933797,41.0898322],[-8.5934255,41.0899206],[-8.5934578,41.089986],[-8.5931293,41.0901952],[-8.5929463,41.0903052],[-8.5928263,41.0903645],[-8.5923727,41.0905565],[-8.5929743,41.091188],[-8.5930088,41.0913058],[-8.5930818,41.0914261],[-8.5931805,41.0915223],[-8.5937515,41.0920701],[-8.5936082,41.0921498],[-8.5941105,41.0926475],[-8.5949155,41.0934943],[-8.5955421,41.0941265],[-8.5956494,41.0940994],[-8.5957447,41.0941032],[-8.596006,41.0941186],[-8.5962412,41.0941462],[-8.5963453,41.0941666],[-8.596498,41.0941987],[-8.5962266,41.0947192],[-8.59628,41.0947342],[-8.5963811,41.0948111],[-8.5964374,41.0948719],[-8.5964894,41.0949519],[-8.5965252,41.0950128],[-8.5965422,41.0950758],[-8.5965363,41.0951689],[-8.5973913,41.0951104],[-8.5973671,41.0952573],[-8.5973314,41.0953953],[-8.5972588,41.0955442],[-8.5975193,41.0956917],[-8.5977444,41.0959506],[-8.5982142,41.0964348],[-8.5989169,41.0962401],[-8.5990623,41.0966341],[-8.5995108,41.0965438],[-8.5996636,41.0965331],[-8.6002095,41.0965385],[-8.6003476,41.0965168],[-8.6006422,41.0964703],[-8.6012945,41.0964043],[-8.6026976,41.0964507],[-8.6030174,41.0974879],[-8.6032545,41.0978961],[-8.6033664,41.098148],[-8.6034601,41.09814]]]}},{"type":"Feature","properties":{"nome":"Canidelo","municipio":"Vila Nova de Gaia","municipio_short":"VNG","dicofre":"131704","area_km2":8.93,"area_ha":893.08,"populacao":16074,"populacao_fonte":"estimated","densidade":1800,"num_escolas":5,"num_parques":2,"area_verde_m2":208962,"comboios_ativos":4,"camara_nome":"Câmara Municipal de Vila Nova de Gaia","camara_email":"geral@cm-gaia.pt","camara_url":"https://www.cm-gaia.pt","escudo_url":null,"cor_principal":"#5C7A52","centroide":[-8.655821450947872,41.12754251492892],"_todo":["Replace estimated populacao with real INE 2021 BGRI","Add real num_escolas (Censo + DGEEC)","Add real area_verde_m2 (Câmara dataset)","Add real comboios_ativos (Bicis Sapiens registry)","Add escudo_url (Wikimedia Commons SVG)","Verify cor_principal against actual heraldic blazon"]},"geometry":{"type":"Polygon","coordinates":[[[-8.6373302,41.1388162],[-8.6374505,41.138807],[-8.6378337,41.1388072],[-8.6381513,41.1388329],[-8.6384314,41.1388693],[-8.6390665,41.1389942],[-8.6398714,41.1391764],[-8.6402619,41.1392641],[-8.6406405,41.1393599],[-8.6408435,41.1394293],[-8.6409933,41.1394784],[-8.641273,41.1396115],[-8.6416132,41.1396232],[-8.6418955,41.1395032],[-8.6419907,41.1394636],[-8.6421823,41.1394248],[-8.6431472,41.1396211],[-8.6438557,41.1400297],[-8.644283,41.1401338],[-8.6446021,41.1401048],[-8.6468292,41.14115],[-8.6471678,41.1415826],[-8.6478518,41.142054],[-8.6520367,41.1448123],[-8.6571441,41.143434],[-8.660294,41.1429247],[-8.6610299,41.1428056],[-8.6614597,41.1428081],[-8.6614742,41.1428089],[-8.6619882,41.1428347],[-8.6629507,41.1429014],[-8.6649544,41.143147],[-8.6674821,41.14349],[-8.6707481,41.1434744],[-8.671173,41.1434008],[-8.6716177,41.1432942],[-8.6718623,41.1431537],[-8.6721382,41.1430711],[-8.6722446,41.1429312],[-8.6725657,41.1427439],[-8.6728081,41.1423246],[-8.6734101,41.1426702],[-8.6743222,41.1433628],[-8.6748638,41.1438364],[-8.6753305,41.1445311],[-8.6755148,41.1445302],[-8.675575,41.1443789],[-8.6751862,41.1438001],[-8.6744586,41.1431299],[-8.6732838,41.1422643],[-8.6722655,41.1417349],[-8.6716336,41.1414823],[-8.6714652,41.1415528],[-8.671388,41.1416804],[-8.6715439,41.1417847],[-8.6726072,41.1421862],[-8.6724418,41.1426167],[-8.6718762,41.1429678],[-8.671386,41.1431443],[-8.6703942,41.1433248],[-8.6689516,41.1427147],[-8.668026,41.1419508],[-8.6675363,41.1412398],[-8.6673124,41.1404727],[-8.6673023,41.139229],[-8.6674179,41.1385701],[-8.667581,41.1378011],[-8.6676999,41.1375445],[-8.6678915,41.1373059],[-8.6682516,41.1369591],[-8.6687016,41.1369508],[-8.6689623,41.1370658],[-8.6690674,41.1370366],[-8.6694037,41.1368352],[-8.6694624,41.1367769],[-8.6694478,41.1366029],[-8.6695018,41.136261],[-8.6694481,41.1360083],[-8.6695713,41.1359174],[-8.6697726,41.1359989],[-8.6699059,41.1360009],[-8.6699727,41.1359611],[-8.6700545,41.1358358],[-8.6701038,41.1355545],[-8.6700735,41.1354967],[-8.6699479,41.1355268],[-8.6698163,41.1356217],[-8.6697548,41.135594],[-8.6698989,41.1353612],[-8.6700345,41.1352593],[-8.6705037,41.1351733],[-8.6707272,41.1350843],[-8.6710176,41.1348708],[-8.6712536,41.1345793],[-8.6712255,41.1345222],[-8.6709278,41.1344024],[-8.6708536,41.1343186],[-8.6708797,41.1339926],[-8.6707603,41.1337638],[-8.6707521,41.1336291],[-8.6708699,41.1333196],[-8.6707943,41.1331025],[-8.6709414,41.1324099],[-8.6708778,41.1323111],[-8.6707541,41.1322307],[-8.6707147,41.1320913],[-8.6708026,41.131919],[-8.6709282,41.1315034],[-8.6709284,41.1313719],[-8.6708791,41.1313238],[-8.6708234,41.1313283],[-8.6707516,41.1313514],[-8.6705246,41.1315244],[-8.670406,41.1315415],[-8.6703017,41.1315125],[-8.670479,41.1310766],[-8.6702552,41.130928],[-8.6700385,41.1306518],[-8.669947,41.1304776],[-8.6699422,41.1303034],[-8.6699026,41.1302459],[-8.6696285,41.1301501],[-8.6693138,41.1301459],[-8.669269,41.1300991],[-8.6692729,41.1300155],[-8.6693565,41.1299636],[-8.6697724,41.1299054],[-8.6699249,41.1298516],[-8.6700344,41.1296956],[-8.6700494,41.1295846],[-8.6698314,41.1296796],[-8.6698094,41.129689],[-8.6697089,41.1297328],[-8.6695099,41.1297503],[-8.6691682,41.1296231],[-8.6690161,41.129511],[-8.6688011,41.1292592],[-8.6687202,41.1290514],[-8.6686126,41.1287759],[-8.66859,41.1283018],[-8.6685144,41.1282333],[-8.6682635,41.1281185],[-8.6681821,41.1280283],[-8.6679932,41.1275021],[-8.6679303,41.1271991],[-8.6679713,41.1269766],[-8.668068,41.1269178],[-8.6683074,41.1269065],[-8.6685408,41.1268559],[-8.6685488,41.1268513],[-8.6685499,41.1267846],[-8.6682771,41.1266258],[-8.6682769,41.1265979],[-8.6684155,41.1264892],[-8.6683961,41.1264578],[-8.6682469,41.1263648],[-8.668179,41.1263941],[-8.6681722,41.1264994],[-8.6681004,41.1264744],[-8.6681203,41.1264034],[-8.6680643,41.1263341],[-8.6679628,41.1262608],[-8.6679357,41.1261746],[-8.6679221,41.1260836],[-8.667902,41.126018],[-8.66788,41.1259217],[-8.6678781,41.1258876],[-8.6678475,41.1257445],[-8.6678587,41.1254997],[-8.668017,41.1249927],[-8.6681584,41.1246032],[-8.6682628,41.1243048],[-8.6684103,41.1241455],[-8.6684892,41.1242415],[-8.6684604,41.1241362],[-8.6685728,41.1241106],[-8.6685886,41.1240295],[-8.6687124,41.1240335],[-8.6687602,41.1240628],[-8.6688838,41.1240911],[-8.6690178,41.1240967],[-8.6691169,41.1241802],[-8.669188,41.1241139],[-8.6691565,41.1240645],[-8.6690874,41.1238938],[-8.6690761,41.1238471],[-8.6692331,41.1240048],[-8.6693256,41.1239909],[-8.6692174,41.1238374],[-8.6690716,41.1237535],[-8.6689003,41.1237498],[-8.6685921,41.123608],[-8.668387,41.1235288],[-8.6683229,41.1234005],[-8.6682698,41.1231908],[-8.6682021,41.1225563],[-8.6682557,41.1223003],[-8.6683619,41.1219928],[-8.6685412,41.1217031],[-8.6686038,41.121546],[-8.668577,41.121466],[-8.6685885,41.1214192],[-8.6685287,41.121343],[-8.6683843,41.1213149],[-8.6683195,41.1213152],[-8.6683408,41.1212088],[-8.6682523,41.1211444],[-8.6681533,41.1211134],[-8.6680494,41.1210633],[-8.6679219,41.121108],[-8.6677112,41.1211594],[-8.6676077,41.12115],[-8.6674817,41.1210327],[-8.6674488,41.1209681],[-8.6673818,41.1208063],[-8.6673159,41.1208272],[-8.6672189,41.1208538],[-8.6669797,41.1207126],[-8.6669478,41.1207803],[-8.6667694,41.1207946],[-8.6666754,41.1207699],[-8.6665395,41.1207472],[-8.6663112,41.1206698],[-8.6660835,41.1205763],[-8.665945,41.1204078],[-8.6657074,41.1201118],[-8.6655688,41.1199205],[-8.6655159,41.1197795],[-8.6654077,41.1196593],[-8.6652628,41.1196896],[-8.6651523,41.1196523],[-8.6650916,41.1195797],[-8.6650673,41.1194564],[-8.6650645,41.1193404],[-8.6651826,41.1193829],[-8.6652237,41.1193586],[-8.6652188,41.1192505],[-8.6650889,41.1191627],[-8.6650384,41.1189883],[-8.6649313,41.1189636],[-8.6647447,41.1188997],[-8.6645082,41.1186469],[-8.6643819,41.1185358],[-8.6641693,41.11831],[-8.6643138,41.1181788],[-8.6644294,41.1182438],[-8.6646032,41.1181811],[-8.6645851,41.1181054],[-8.6646226,41.1179953],[-8.6646017,41.1179478],[-8.6644843,41.1179033],[-8.6642891,41.1177827],[-8.6640921,41.1177161],[-8.6639882,41.1175426],[-8.663831,41.1173562],[-8.663691,41.1171912],[-8.6634917,41.1169769],[-8.6634546,41.1169042],[-8.6636619,41.1160569],[-8.6640545,41.1152995],[-8.663923,41.1146941],[-8.6640103,41.1138022],[-8.6641044,41.1126692],[-8.6642309,41.1114748],[-8.664732,41.1103405],[-8.6652518,41.1094431],[-8.6617133,41.1096316],[-8.6595541,41.1097378],[-8.6595228,41.1097396],[-8.6593033,41.1097516],[-8.658971,41.109754],[-8.6586126,41.1097728],[-8.6580519,41.109867],[-8.6574889,41.109929],[-8.6568681,41.1100014],[-8.6560685,41.1100762],[-8.6553941,41.1101637],[-8.6551374,41.1102045],[-8.6500552,41.1115499],[-8.6495436,41.1116868],[-8.6491682,41.111808],[-8.6482988,41.1120992],[-8.6476398,41.1123264],[-8.6474234,41.1124192],[-8.6444514,41.1134904],[-8.6442367,41.1135661],[-8.6434275,41.1140537],[-8.6434526,41.1141382],[-8.6431252,41.1145818],[-8.6429403,41.1147545],[-8.642755,41.1155378],[-8.6426168,41.11573],[-8.6425801,41.1157558],[-8.6425555,41.1157441],[-8.6422055,41.1155763],[-8.6418418,41.1152365],[-8.6416881,41.1151216],[-8.6416604,41.1151007],[-8.6411984,41.1151463],[-8.6411783,41.1151481],[-8.641014,41.1151648],[-8.6410202,41.1151803],[-8.6410457,41.1152933],[-8.6411049,41.1154534],[-8.6412123,41.1157776],[-8.6410406,41.1160024],[-8.6409202,41.1162964],[-8.640711,41.1169848],[-8.6404811,41.1176269],[-8.6403402,41.1178825],[-8.6402784,41.1178859],[-8.6386011,41.1179819],[-8.6381452,41.1180078],[-8.6372881,41.1181584],[-8.6368907,41.1182374],[-8.6359378,41.1183946],[-8.6359892,41.1184146],[-8.6362214,41.1191513],[-8.6362747,41.1193211],[-8.6365505,41.1202253],[-8.6365738,41.1203276],[-8.6365793,41.1203934],[-8.6365353,41.1204474],[-8.6363199,41.120576],[-8.6360486,41.1207317],[-8.6360197,41.1207209],[-8.6360017,41.1207139],[-8.6358119,41.1204078],[-8.635453,41.119809],[-8.6354006,41.1197456],[-8.635365,41.1197098],[-8.6352394,41.1196636],[-8.6351789,41.1196458],[-8.6350995,41.1196462],[-8.635013,41.1196693],[-8.634968,41.1197123],[-8.6347673,41.1199945],[-8.6346559,41.1201655],[-8.634454,41.1203197],[-8.6344511,41.1203955],[-8.6344538,41.1215969],[-8.6344536,41.1217354],[-8.6344216,41.1219657],[-8.6343697,41.1225455],[-8.6343049,41.122938],[-8.6342211,41.123177],[-8.6341239,41.123328],[-8.634046,41.1234076],[-8.6339292,41.1234512],[-8.6338791,41.1244084],[-8.633862,41.1245329],[-8.6338528,41.1248447],[-8.6337861,41.1259926],[-8.6338081,41.1261354],[-8.6336849,41.1261743],[-8.6336549,41.126182],[-8.6337083,41.1263143],[-8.633765,41.1263777],[-8.6342986,41.1272403],[-8.6344478,41.127496],[-8.6344877,41.1275704],[-8.6345378,41.1276744],[-8.6345829,41.1277564],[-8.6346181,41.1278421],[-8.6346534,41.1279463],[-8.6347098,41.1282294],[-8.6347157,41.1283563],[-8.6347428,41.1286581],[-8.6347451,41.1290881],[-8.6347179,41.1292998],[-8.6346598,41.1294374],[-8.6346067,41.1295763],[-8.6345077,41.1296707],[-8.6343982,41.1297379],[-8.6336081,41.1299242],[-8.6333023,41.1299588],[-8.6331719,41.1299396],[-8.6329568,41.1299006],[-8.6326259,41.1298461],[-8.6325275,41.1298727],[-8.6324833,41.1299097],[-8.6324736,41.1301095],[-8.6325051,41.1304366],[-8.6324985,41.1306614],[-8.6326209,41.1306356],[-8.6327398,41.130626],[-8.6330163,41.1306068],[-8.633101,41.1306272],[-8.6331527,41.1306538],[-8.6332097,41.1307273],[-8.6333404,41.1309594],[-8.633529,41.1312763],[-8.6336361,41.1313225],[-8.6342602,41.1316625],[-8.6350203,41.1321415],[-8.6351458,41.13224],[-8.6352197,41.1323505],[-8.6354773,41.1323879],[-8.6358393,41.132432],[-8.6358342,41.1325347],[-8.6358452,41.132776],[-8.6358364,41.1343889],[-8.6358364,41.1350304],[-8.6358335,41.1355678],[-8.6358242,41.1362178],[-8.6358391,41.1364364],[-8.6358803,41.1365992],[-8.6359273,41.1367281],[-8.6360371,41.1369307],[-8.6361513,41.1370865],[-8.6362462,41.1372011],[-8.6362575,41.1372146],[-8.6363636,41.1372941],[-8.636547,41.1374173],[-8.6367494,41.1375467],[-8.6369748,41.1376726],[-8.637116,41.1377609],[-8.637196,41.1378464],[-8.6372363,41.1379146],[-8.6372447,41.1379919],[-8.6372665,41.138265],[-8.6372974,41.1386478],[-8.6373302,41.1388162]]]}},{"type":"Feature","properties":{"nome":"Crestuma","municipio":"Vila Nova de Gaia","municipio_short":"VNG","dicofre":"131732","area_km2":4.68,"area_ha":468.38,"populacao":8424,"populacao_fonte":"estimated","densidade":1800,"num_escolas":2,"num_parques":1,"area_verde_m2":75816,"comboios_ativos":3,"camara_nome":"Câmara Municipal de Vila Nova de Gaia","camara_email":"geral@cm-gaia.pt","camara_url":"https://www.cm-gaia.pt","escudo_url":null,"cor_principal":"#8B2A2A","centroide":[-8.5077169996063,41.05793859370077],"_todo":["Replace estimated populacao with real INE 2021 BGRI","Add real num_escolas (Censo + DGEEC)","Add real area_verde_m2 (Câmara dataset)","Add real comboios_ativos (Bicis Sapiens registry)","Add escudo_url (Wikimedia Commons SVG)","Verify cor_principal against actual heraldic blazon"]},"geometry":{"type":"Polygon","coordinates":[[[-8.4922521,41.0715318],[-8.493056,41.0713704],[-8.4961344,41.0708969],[-8.4992827,41.0704989],[-8.5000859,41.0704639],[-8.5029184,41.0703412],[-8.5033525,41.0703164],[-8.5040488,41.0702953],[-8.5046102,41.070316],[-8.5056659,41.0703413],[-8.5066135,41.0704283],[-8.5073957,41.0705807],[-8.5083053,41.0707874],[-8.5091934,41.0709809],[-8.5102302,41.0712574],[-8.5112889,41.071617],[-8.5135129,41.0724892],[-8.5138539,41.0726341],[-8.5153775,41.073723],[-8.5161028,41.0744372],[-8.5166137,41.0749739],[-8.5171259,41.0755295],[-8.517154,41.0755127],[-8.5193965,41.0741693],[-8.5193953,41.0741658],[-8.5188078,41.0724175],[-8.5187502,41.0722945],[-8.5187034,41.0721984],[-8.5186507,41.07207],[-8.5185916,41.0717871],[-8.5185426,41.0715884],[-8.5184998,41.0714087],[-8.5184879,41.0713541],[-8.5183911,41.0710685],[-8.5181665,41.0709798],[-8.5179306,41.0707575],[-8.517722,41.070634],[-8.5176033,41.0705469],[-8.5175016,41.0704274],[-8.517478,41.0703574],[-8.5174169,41.0702571],[-8.5168259,41.0693554],[-8.5167791,41.0692483],[-8.5165985,41.068976],[-8.5165315,41.0688302],[-8.5165708,41.0686334],[-8.5166196,41.0684487],[-8.5165408,41.0682724],[-8.5162758,41.0680277],[-8.5161042,41.0678699],[-8.5159534,41.0677083],[-8.5158704,41.0676107],[-8.5158181,41.0675169],[-8.5158018,41.0674035],[-8.5157884,41.0673019],[-8.5158214,41.0672197],[-8.5158078,41.0670869],[-8.5158125,41.0670047],[-8.5158772,41.0668512],[-8.5159213,41.0666407],[-8.5160227,41.0663567],[-8.5162004,41.0657519],[-8.5163324,41.065331],[-8.5163598,41.0651608],[-8.5163947,41.0649611],[-8.516401,41.0647954],[-8.516408,41.0645798],[-8.5164046,41.0645016],[-8.5163752,41.0643613],[-8.5162634,41.0641619],[-8.5161652,41.0639832],[-8.5160793,41.0638263],[-8.5160173,41.0637155],[-8.5159657,41.0636015],[-8.5157671,41.0632092],[-8.5156781,41.0630139],[-8.5154638,41.0625728],[-8.5153772,41.0623463],[-8.5153479,41.0622544],[-8.5153283,41.0621349],[-8.5153312,41.0620043],[-8.5153463,41.061879],[-8.5153985,41.0617041],[-8.515438,41.0615056],[-8.5154697,41.0613018],[-8.5154681,41.0610866],[-8.5154561,41.0609518],[-8.5154194,41.0607766],[-8.5153713,41.0606054],[-8.5153327,41.060484],[-8.5152653,41.0602161],[-8.5151958,41.059974],[-8.5151588,41.059792],[-8.5151621,41.0597375],[-8.5151689,41.059664],[-8.5152141,41.0594165],[-8.5153311,41.0589125],[-8.5154986,41.058287],[-8.5156096,41.0579299],[-8.5156639,41.0576226],[-8.5157018,41.0573915],[-8.5157511,41.0571113],[-8.5158242,41.0568309],[-8.5159266,41.0565207],[-8.5160043,41.0563026],[-8.5162271,41.0557465],[-8.516379,41.055425],[-8.516461,41.0551898],[-8.5165379,41.0549933],[-8.5166098,41.0546391],[-8.516629,41.054578],[-8.5159153,41.0546167],[-8.5156149,41.0546196],[-8.5153035,41.0546384],[-8.5149926,41.054647],[-8.5148166,41.0546716],[-8.5146855,41.05469],[-8.5144544,41.0547321],[-8.5143857,41.0547448],[-8.5143028,41.0547534],[-8.5140631,41.0547779],[-8.5134621,41.0547841],[-8.5131575,41.0547859],[-8.5128521,41.0547831],[-8.5127282,41.0547615],[-8.5126911,41.0547481],[-8.5124395,41.0546122],[-8.5123694,41.0545778],[-8.5123375,41.0545689],[-8.512306,41.0545631],[-8.5120403,41.0545257],[-8.5117363,41.0545273],[-8.5114828,41.0545087],[-8.5114421,41.0544959],[-8.5111574,41.0543575],[-8.5111199,41.054334],[-8.5108967,41.0537203],[-8.5107763,41.0536337],[-8.5101928,41.0536004],[-8.510067,41.0535074],[-8.5098043,41.0533555],[-8.5095098,41.0532408],[-8.5092056,41.0531408],[-8.5089227,41.0529968],[-8.508648,41.0528615],[-8.5083857,41.0527424],[-8.5081304,41.0526271],[-8.507987,41.052589],[-8.5079512,41.0525869],[-8.5076086,41.0525886],[-8.5074781,41.0525867],[-8.5072392,41.0525535],[-8.5072051,41.0525421],[-8.5071738,41.0525281],[-8.5071462,41.0525107],[-8.5071207,41.0524911],[-8.5069084,41.0523157],[-8.506686,41.0521518],[-8.5064259,41.0520156],[-8.5061434,41.0518983],[-8.5058484,41.0517898],[-8.5055711,41.0516513],[-8.5053691,41.0514586],[-8.5051281,41.0512878],[-8.5048558,41.0511972],[-8.5045503,41.0511188],[-8.5042348,41.0511164],[-8.5039193,41.0511082],[-8.5035922,41.0510527],[-8.503308,41.0509751],[-8.5031933,41.0509451],[-8.5029242,41.0508266],[-8.5026815,41.0506808],[-8.50265,41.0506666],[-8.5023753,41.0505354],[-8.502135,41.0503798],[-8.5021071,41.0503684],[-8.5019103,41.0503054],[-8.5018378,41.0502938],[-8.5017843,41.0502774],[-8.5016082,41.0502352],[-8.5015678,41.0502333],[-8.5009187,41.0502368],[-8.5006102,41.0502451],[-8.5005778,41.0502452],[-8.500282,41.0502737],[-8.5001889,41.0502802],[-8.4998789,41.0502804],[-8.4998064,41.050271],[-8.4997723,41.0502601],[-8.4997095,41.0502345],[-8.4996868,41.050216],[-8.4996686,41.0501949],[-8.4996525,41.0501719],[-8.4996409,41.0501472],[-8.4995284,41.0499252],[-8.4995117,41.0499048],[-8.4994708,41.0498653],[-8.4992298,41.0497194],[-8.498961,41.0496161],[-8.4988491,41.0495695],[-8.4986756,41.0494969],[-8.4986397,41.0494906],[-8.4986031,41.0494867],[-8.4982938,41.0494844],[-8.498224,41.0494888],[-8.4981925,41.0494945],[-8.4981633,41.0495033],[-8.4981352,41.0495144],[-8.49803,41.0495634],[-8.497928,41.0496138],[-8.4977209,41.0498022],[-8.4975077,41.049979],[-8.4973688,41.0501857],[-8.4972992,41.0502832],[-8.4972766,41.0503041],[-8.497075,41.0504843],[-8.4969112,41.0506118],[-8.4968609,41.0506302],[-8.4965926,41.0507324],[-8.496434,41.0507855],[-8.496117,41.0508143],[-8.4959561,41.0508107],[-8.4959247,41.0508037],[-8.4958941,41.0507934],[-8.4958638,41.0507794],[-8.4958025,41.0507424],[-8.4957743,41.050718],[-8.495748,41.0506906],[-8.4955826,41.0504941],[-8.4955456,41.0504402],[-8.49551,41.0503987],[-8.4954805,41.0503793],[-8.4954427,41.0503556],[-8.4952066,41.0502533],[-8.4951566,41.0502405],[-8.4948474,41.0501849],[-8.4945249,41.050182],[-8.4942204,41.0501835],[-8.4938931,41.0501854],[-8.4935746,41.0501892],[-8.4932489,41.0502212],[-8.4931906,41.0502405],[-8.4931356,41.0502674],[-8.4928636,41.0503943],[-8.4925749,41.0504555],[-8.4922649,41.050457],[-8.4919458,41.0504642],[-8.4916312,41.0504686],[-8.4913266,41.0504768],[-8.4911244,41.0505126],[-8.4895551,41.0491705],[-8.4905131,41.0595736],[-8.4909476,41.0633433],[-8.4922521,41.0715318]]]}},{"type":"Feature","properties":{"nome":"Grijó","municipio":"Vila Nova de Gaia","municipio_short":"VNG","dicofre":"131733","area_km2":11.33,"area_ha":1133.07,"populacao":20394,"populacao_fonte":"estimated","densidade":1800,"num_escolas":6,"num_parques":2,"area_verde_m2":183546,"comboios_ativos":3,"camara_nome":"Câmara Municipal de Vila Nova de Gaia","camara_email":"geral@cm-gaia.pt","camara_url":"https://www.cm-gaia.pt","escudo_url":null,"cor_principal":"#6B3F58","centroide":[-8.578963052963678,41.029972412045886],"_todo":["Replace estimated populacao with real INE 2021 BGRI","Add real num_escolas (Censo + DGEEC)","Add real area_verde_m2 (Câmara dataset)","Add real comboios_ativos (Bicis Sapiens registry)","Add escudo_url (Wikimedia Commons SVG)","Verify cor_principal against actual heraldic blazon"]},"geometry":{"type":"Polygon","coordinates":[[[-8.5894064,41.041629],[-8.5894678,41.0414987],[-8.5895971,41.0413724],[-8.5896835,41.0413135],[-8.5897845,41.0412808],[-8.5898621,41.0412588],[-8.589984,41.0412468],[-8.5900735,41.0411994],[-8.590121,41.0410804],[-8.5911884,41.0398526],[-8.5913243,41.0381634],[-8.5929462,41.0362089],[-8.5929839,41.0361708],[-8.5946065,41.0342933],[-8.5952381,41.0343522],[-8.5975125,41.0345634],[-8.597576,41.0346762],[-8.5979103,41.034544],[-8.5979,41.0344807],[-8.5983354,41.0344353],[-8.5983554,41.0345082],[-8.5984176,41.03465],[-8.5985106,41.034786],[-8.5985682,41.0348553],[-8.5989728,41.0349426],[-8.6004758,41.0351025],[-8.6010034,41.0351465],[-8.6031464,41.0353581],[-8.6062942,41.0333788],[-8.607595,41.0328689],[-8.6080572,41.0319368],[-8.6088832,41.0286879],[-8.6086433,41.0281897],[-8.6083401,41.0274898],[-8.6071617,41.0264648],[-8.6068564,41.0262348],[-8.606139,41.0257321],[-8.6060588,41.0256944],[-8.605954,41.0257443],[-8.6059086,41.0257575],[-8.6058579,41.0257664],[-8.605831,41.0256933],[-8.60573,41.0255393],[-8.6056133,41.0254134],[-8.6055417,41.0253411],[-8.6052007,41.0250209],[-8.6040321,41.0239996],[-8.6020668,41.0219572],[-8.6018397,41.0217729],[-8.6011966,41.0212522],[-8.6007225,41.020868],[-8.5994177,41.0200903],[-8.5993598,41.0200436],[-8.5993442,41.0200282],[-8.5992346,41.0199394],[-8.5992269,41.0199344],[-8.5991359,41.0198545],[-8.5990538,41.0197943],[-8.5988831,41.0195536],[-8.5988279,41.0194258],[-8.5988273,41.0194132],[-8.598826,41.0194038],[-8.5988245,41.0193949],[-8.5988201,41.0193755],[-8.5988186,41.0193665],[-8.5988175,41.0193572],[-8.5988158,41.0193482],[-8.5988137,41.0193395],[-8.5988085,41.0193215],[-8.5988064,41.0193125],[-8.5988013,41.0192855],[-8.5987985,41.0192768],[-8.5987962,41.0192681],[-8.5987904,41.0192504],[-8.5987888,41.0192414],[-8.5987856,41.0192326],[-8.598784,41.0192236],[-8.5987821,41.0192056],[-8.5987801,41.0191966],[-8.5987768,41.0191787],[-8.5987759,41.0191697],[-8.5987738,41.0191607],[-8.5987698,41.0191523],[-8.5987665,41.0191436],[-8.5987551,41.0191194],[-8.5987515,41.0191099],[-8.5987487,41.0191],[-8.5987378,41.0190649],[-8.598734,41.0190565],[-8.5987295,41.0190449],[-8.5987244,41.0190247],[-8.598724,41.0190132],[-8.598723,41.0190039],[-8.5987215,41.0189927],[-8.5987211,41.0189837],[-8.598721,41.0189747],[-8.5987228,41.0189656],[-8.5984494,41.0182824],[-8.5984864,41.0182127],[-8.5985036,41.0181887],[-8.5985312,41.0181714],[-8.5985642,41.0181604],[-8.5985937,41.0181445],[-8.5986106,41.0181208],[-8.5986211,41.0180945],[-8.5986275,41.0180723],[-8.5986338,41.0180408],[-8.5986301,41.0180138],[-8.598618,41.0179882],[-8.598605,41.0179627],[-8.5985898,41.0179374],[-8.5985686,41.0179155],[-8.5985407,41.0178985],[-8.5985073,41.0178876],[-8.5984727,41.0178796],[-8.5984437,41.0178635],[-8.5984143,41.0178484],[-8.5983822,41.0178375],[-8.5983655,41.0178179],[-8.5983397,41.0177667],[-8.5983313,41.01774],[-8.5983218,41.0177137],[-8.5983128,41.0176872],[-8.5982925,41.0176347],[-8.5982765,41.0176103],[-8.5982536,41.017589],[-8.5982283,41.0175693],[-8.5982047,41.0175486],[-8.5981799,41.0175291],[-8.5981556,41.0175086],[-8.5981297,41.0174896],[-8.5981227,41.0174823],[-8.5980994,41.0174652],[-8.5980898,41.0174538],[-8.5980657,41.0174339],[-8.5980403,41.0174145],[-8.5980165,41.0173938],[-8.5979915,41.0173742],[-8.5979637,41.0173563],[-8.5979365,41.0173381],[-8.5979073,41.0173219],[-8.5978757,41.0173094],[-8.5978433,41.0172977],[-8.5978102,41.0172875],[-8.5977778,41.0172755],[-8.5977483,41.017259],[-8.59772,41.0172414],[-8.5976916,41.017224],[-8.5976612,41.0172096],[-8.59763,41.0171959],[-8.5976019,41.0171791],[-8.5975777,41.0171581],[-8.5975571,41.0171357],[-8.597543,41.0171104],[-8.5975313,41.0170846],[-8.5975159,41.0170599],[-8.5974948,41.0170375],[-8.5974679,41.0170193],[-8.5974415,41.0170008],[-8.5974138,41.0169838],[-8.5973924,41.0169619],[-8.5973658,41.0169437],[-8.5973421,41.0169235],[-8.5973229,41.0169008],[-8.5973062,41.0168767],[-8.5972882,41.0168528],[-8.5972701,41.0168295],[-8.5972528,41.0168054],[-8.5972345,41.0167819],[-8.5972217,41.0167727],[-8.597209,41.016769],[-8.5971957,41.0167691],[-8.5971754,41.0167734],[-8.5971563,41.0167794],[-8.5971328,41.0167854],[-8.5970932,41.0167957],[-8.5960141,41.0154289],[-8.5949453,41.0145609],[-8.5940232,41.0142374],[-8.5936229,41.0141062],[-8.5888244,41.0137014],[-8.5835858,41.0139476],[-8.5734971,41.0135271],[-8.5730745,41.0139528],[-8.5725388,41.0140595],[-8.5717165,41.0140755],[-8.5695052,41.0139587],[-8.5694128,41.0139675],[-8.5692812,41.0139926],[-8.5692093,41.014017],[-8.5692035,41.014007],[-8.5689668,41.0141083],[-8.5689812,41.0141335],[-8.5688978,41.0141699],[-8.5688106,41.014161],[-8.5688066,41.0141643],[-8.5687494,41.0141162],[-8.5686753,41.0140555],[-8.5685895,41.013984],[-8.5685547,41.01395],[-8.5685338,41.0139213],[-8.5685271,41.0139208],[-8.5660797,41.0138076],[-8.5654155,41.0147198],[-8.5653783,41.0147468],[-8.5651922,41.0148113],[-8.565031,41.0148628],[-8.5649151,41.0149141],[-8.5648639,41.0149136],[-8.5646875,41.0148133],[-8.563646,41.0144346],[-8.5602381,41.0151264],[-8.5593307,41.0155031],[-8.55851,41.015446],[-8.5582741,41.0154533],[-8.557932,41.0154777],[-8.55759,41.0155099],[-8.5572733,41.0155539],[-8.5571929,41.0155638],[-8.5572955,41.0159635],[-8.5574048,41.0164323],[-8.557541,41.0169268],[-8.557611,41.0171856],[-8.5576622,41.0174675],[-8.5576565,41.0177669],[-8.5576314,41.0180088],[-8.5575867,41.0181413],[-8.5575045,41.0183489],[-8.5573038,41.0186938],[-8.557176,41.0188879],[-8.5570107,41.0191151],[-8.5569287,41.0190858],[-8.5568973,41.0190593],[-8.5566448,41.0192869],[-8.556532,41.019397],[-8.5564564,41.0194801],[-8.5563317,41.0195952],[-8.5562124,41.0197084],[-8.5560488,41.0198901],[-8.5559881,41.0199659],[-8.5558458,41.0201313],[-8.5557715,41.0202339],[-8.5557224,41.0202731],[-8.5556499,41.0203392],[-8.5555447,41.0204695],[-8.5554033,41.02063],[-8.5553639,41.0206707],[-8.5553097,41.02074],[-8.5552619,41.0208084],[-8.5552141,41.0208848],[-8.5551254,41.0210598],[-8.5550291,41.021247],[-8.5549115,41.0214788],[-8.5548111,41.0216747],[-8.5547441,41.0217991],[-8.5546855,41.0219078],[-8.5544504,41.0223409],[-8.5542271,41.0227699],[-8.554073,41.0230722],[-8.5540682,41.0231619],[-8.5540657,41.023897],[-8.5540637,41.0248573],[-8.5542005,41.0253347],[-8.5543842,41.0257108],[-8.5543956,41.0257605],[-8.5549448,41.0264658],[-8.5549654,41.0264908],[-8.5549694,41.0264957],[-8.5550373,41.0266171],[-8.55541,41.0271011],[-8.5554876,41.0272187],[-8.5555617,41.0273335],[-8.5555661,41.0273403],[-8.5554401,41.0273938],[-8.5554139,41.027405],[-8.5554199,41.0274744],[-8.5554609,41.0275706],[-8.5555205,41.0276969],[-8.5556232,41.0279109],[-8.5557177,41.0280597],[-8.5558531,41.0282289],[-8.5559513,41.0283456],[-8.5560682,41.028494],[-8.5561915,41.0285185],[-8.5562705,41.0285253],[-8.556451,41.0286054],[-8.5565555,41.0288431],[-8.5568328,41.0290592],[-8.5571679,41.0292829],[-8.5571837,41.0292935],[-8.5574827,41.0294942],[-8.5577158,41.0296965],[-8.5577546,41.0297284],[-8.5580192,41.029988],[-8.5584541,41.0304138],[-8.5587927,41.0307398],[-8.5589888,41.0309451],[-8.5590833,41.0310561],[-8.5592743,41.0313115],[-8.5594164,41.03152],[-8.5595306,41.0317073],[-8.5596068,41.0318476],[-8.5596543,41.031958],[-8.5596827,41.0320626],[-8.5596973,41.0321942],[-8.5597327,41.0325228],[-8.5597704,41.0328032],[-8.5598755,41.0328194],[-8.560007,41.0328112],[-8.560077,41.0327834],[-8.5601705,41.0327409],[-8.5602747,41.0326774],[-8.5603754,41.0326177],[-8.5604531,41.0325591],[-8.5605386,41.0324765],[-8.560541,41.0324793],[-8.5605803,41.0325249],[-8.5606388,41.0326257],[-8.5606931,41.0327721],[-8.560722,41.0329791],[-8.5607498,41.0332491],[-8.5607467,41.0334771],[-8.5607261,41.0335996],[-8.5607056,41.0337654],[-8.5606701,41.0340005],[-8.5606144,41.0341771],[-8.5605862,41.0344158],[-8.5606866,41.0344124],[-8.5608333,41.0344222],[-8.5607917,41.0345839],[-8.5607857,41.0346279],[-8.5608217,41.0347371],[-8.5612307,41.0353103],[-8.5614906,41.0356886],[-8.5615173,41.0357909],[-8.561529,41.0359999],[-8.5615169,41.0361619],[-8.5614816,41.0362412],[-8.5614513,41.0362927],[-8.5614432,41.0363108],[-8.5613058,41.0364329],[-8.5610366,41.0366419],[-8.5617195,41.0375142],[-8.5622239,41.0381403],[-8.5626251,41.0386161],[-8.5628135,41.0388227],[-8.5628173,41.038827],[-8.5631369,41.0391672],[-8.5631507,41.0391819],[-8.5633168,41.0393589],[-8.5636527,41.0397635],[-8.5637836,41.0399755],[-8.5639751,41.0403006],[-8.5641769,41.040624],[-8.5643516,41.0409155],[-8.5643733,41.0409649],[-8.5645707,41.041485],[-8.5648011,41.0422076],[-8.5649618,41.0427771],[-8.5649892,41.0429644],[-8.5649852,41.0432241],[-8.5649654,41.0434344],[-8.5648962,41.0441099],[-8.5648579,41.0442507],[-8.5647959,41.044397],[-8.564692,41.0445693],[-8.5645106,41.0447982],[-8.5642514,41.0450443],[-8.5649349,41.0464154],[-8.5655317,41.0476239],[-8.5667082,41.047355],[-8.5670491,41.0474624],[-8.5671933,41.0474483],[-8.5673138,41.0474701],[-8.5673577,41.0474778],[-8.5676628,41.0474564],[-8.5677013,41.047443],[-8.5677392,41.0474263],[-8.5680095,41.0472739],[-8.5680509,41.0472551],[-8.5680948,41.0472401],[-8.568376,41.0471532],[-8.5686667,41.0470792],[-8.5689223,41.0469701],[-8.5692474,41.046873],[-8.5695117,41.0467805],[-8.5697692,41.0466304],[-8.5700144,41.046462],[-8.5701629,41.0462375],[-8.5703748,41.0460426],[-8.5706379,41.0458702],[-8.57071,41.04582],[-8.5707476,41.0458013],[-8.5707862,41.045788],[-8.5709972,41.0457179],[-8.5711033,41.0456829],[-8.5712529,41.0456381],[-8.5714078,41.045592],[-8.5717269,41.0455241],[-8.5720641,41.0454699],[-8.5723501,41.045403],[-8.5726353,41.0453369],[-8.572919,41.0452497],[-8.5732638,41.0451476],[-8.573126,41.0449993],[-8.5730272,41.044886],[-8.5729256,41.044719],[-8.5727782,41.0445102],[-8.5727478,41.0444217],[-8.572737,41.0443393],[-8.5727564,41.0442517],[-8.5728242,41.0438566],[-8.573286,41.0438164],[-8.5737478,41.0437952],[-8.5742737,41.0437932],[-8.574847,41.0437831],[-8.5750169,41.0437723],[-8.5751157,41.0437599],[-8.5752131,41.0437113],[-8.5753002,41.0435894],[-8.5753958,41.0434385],[-8.57543,41.0433751],[-8.5755456,41.0433898],[-8.5755885,41.0433841],[-8.575798,41.0432552],[-8.5759606,41.0431241],[-8.5761664,41.0429879],[-8.5762226,41.0429471],[-8.5762941,41.042885],[-8.5763021,41.0428069],[-8.5762883,41.0426681],[-8.5762555,41.0426192],[-8.5761978,41.0425797],[-8.5766214,41.0424304],[-8.5768701,41.0423247],[-8.5772286,41.0421542],[-8.577629,41.0419186],[-8.5778932,41.0417712],[-8.5779788,41.0417208],[-8.578085,41.0416948],[-8.5782043,41.0416707],[-8.57861,41.0416652],[-8.5789268,41.0417039],[-8.5790696,41.0417208],[-8.5791958,41.0417239],[-8.5793437,41.04174],[-8.5795417,41.0417791],[-8.579781,41.0418286],[-8.5801752,41.041939],[-8.5804065,41.0420173],[-8.5805744,41.042148],[-8.5808035,41.0422974],[-8.5810416,41.0424146],[-8.5812839,41.0424894],[-8.5814003,41.0425167],[-8.5815343,41.0425464],[-8.5816667,41.0424887],[-8.5817742,41.0424517],[-8.5818579,41.0424323],[-8.5819036,41.0424357],[-8.5819793,41.042443],[-8.5821376,41.0424407],[-8.5822132,41.0424317],[-8.582285,41.0424002],[-8.5823456,41.042367],[-8.5823958,41.042321],[-8.5824572,41.0422417],[-8.5825504,41.0420925],[-8.5826285,41.0419694],[-8.5826816,41.0418631],[-8.5827866,41.0416466],[-8.5828117,41.041604],[-8.5828448,41.0415736],[-8.5828709,41.0415543],[-8.5828995,41.0415412],[-8.5829327,41.0415307],[-8.5829855,41.0415296],[-8.5830464,41.041539],[-8.5831047,41.0415491],[-8.5832689,41.041591],[-8.5834445,41.0416223],[-8.5835387,41.0416332],[-8.5836396,41.0416408],[-8.5839252,41.0416317],[-8.5839898,41.0416284],[-8.5840866,41.0416148],[-8.5841906,41.041602],[-8.5843214,41.0416068],[-8.5843948,41.0416186],[-8.5844525,41.0416426],[-8.5845324,41.0416806],[-8.5846895,41.0417914],[-8.5847586,41.0418395],[-8.5848591,41.0418968],[-8.5849224,41.0419233],[-8.5851121,41.0420112],[-8.5854393,41.0421444],[-8.5854957,41.0420876],[-8.5856171,41.0420061],[-8.585746,41.0419121],[-8.5858181,41.041789],[-8.5859215,41.0416756],[-8.5861349,41.0415304],[-8.5863885,41.041377],[-8.5865213,41.0414456],[-8.5866132,41.0413839],[-8.5866543,41.0414235],[-8.586836,41.0415148],[-8.5870877,41.0415951],[-8.5873436,41.0416712],[-8.5875205,41.041727],[-8.587625,41.0417657],[-8.5877387,41.0418216],[-8.587908,41.041896],[-8.5880732,41.0419409],[-8.5881313,41.0419573],[-8.5882745,41.0418698],[-8.588394,41.041853],[-8.5886114,41.0418752],[-8.5887149,41.0418391],[-8.5889183,41.0417697],[-8.5891085,41.0417117],[-8.5892631,41.0416638],[-8.5894064,41.041629]]]}},{"type":"Feature","properties":{"nome":"Gulpilhares","municipio":"Vila Nova de Gaia","municipio_short":"VNG","dicofre":"131734","area_km2":5.47,"area_ha":547.43,"populacao":9846,"populacao_fonte":"estimated","densidade":1800,"num_escolas":3,"num_parques":1,"area_verde_m2":118152,"comboios_ativos":4,"camara_nome":"Câmara Municipal de Vila Nova de Gaia","camara_email":"geral@cm-gaia.pt","camara_url":"https://www.cm-gaia.pt","escudo_url":null,"cor_principal":"#6B3F58","centroide":[-8.64307248691275,41.075411569463085],"_todo":["Replace estimated populacao with real INE 2021 BGRI","Add real num_escolas (Censo + DGEEC)","Add real area_verde_m2 (Câmara dataset)","Add real comboios_ativos (Bicis Sapiens registry)","Add escudo_url (Wikimedia Commons SVG)","Verify cor_principal against actual heraldic blazon"]},"geometry":{"type":"Polygon","coordinates":[[[-8.6578731,41.0827845],[-8.6578532,41.082555],[-8.6578474,41.082349],[-8.6578859,41.0818364],[-8.6579604,41.0815226],[-8.6579923,41.0813784],[-8.6581452,41.0809123],[-8.6581975,41.0806636],[-8.658232,41.0804417],[-8.6583023,41.0802469],[-8.6582655,41.0801644],[-8.6582557,41.0799689],[-8.6583539,41.079767],[-8.6583838,41.0795362],[-8.6583858,41.0792868],[-8.6584186,41.0792102],[-8.6584318,41.0791291],[-8.6583843,41.0790662],[-8.6584059,41.0789888],[-8.6584125,41.0789048],[-8.6583539,41.0787881],[-8.6583493,41.0786792],[-8.6583866,41.0785997],[-8.6583743,41.0784802],[-8.6583584,41.0783783],[-8.6584016,41.0782946],[-8.65842,41.0781927],[-8.6584136,41.0780531],[-8.6584662,41.0779358],[-8.6584921,41.0778204],[-8.65846,41.0777845],[-8.658508,41.0776987],[-8.6584952,41.0775513],[-8.6584045,41.077249],[-8.6584193,41.077196],[-8.6584654,41.077129],[-8.6584732,41.0771186],[-8.6585089,41.0770695],[-8.6585267,41.0768522],[-8.6585174,41.0767983],[-8.6584009,41.0765467],[-8.6584083,41.0763603],[-8.6584404,41.0762359],[-8.6584591,41.0760622],[-8.6584764,41.0758981],[-8.6584668,41.0757667],[-8.6585059,41.0756711],[-8.6585683,41.0755574],[-8.6586086,41.0754419],[-8.6586289,41.0753751],[-8.6586324,41.0753419],[-8.6585937,41.0751071],[-8.658558,41.0749407],[-8.658564,41.0748298],[-8.6585441,41.0747345],[-8.6585552,41.0746101],[-8.658613,41.0744984],[-8.6586442,41.0743992],[-8.6586472,41.0742731],[-8.6586097,41.0742038],[-8.6586248,41.0740911],[-8.6586706,41.0739478],[-8.6587642,41.0737853],[-8.6588252,41.073649],[-8.6588765,41.0735525],[-8.6589062,41.0734272],[-8.6588787,41.073294],[-8.6588305,41.0732242],[-8.6587922,41.0731028],[-8.6587243,41.0729778],[-8.6586517,41.0728063],[-8.6586272,41.0727145],[-8.6586372,41.0726199],[-8.6586793,41.0724216],[-8.6586882,41.0723244],[-8.6587148,41.0722368],[-8.6587152,41.0721586],[-8.6587254,41.0720893],[-8.6587054,41.0720191],[-8.6586925,41.0719237],[-8.6586933,41.0719057],[-8.6586574,41.0718339],[-8.6583944,41.0715027],[-8.6583619,41.0713506],[-8.6584096,41.0711335],[-8.6584028,41.070903],[-8.6583905,41.0706851],[-8.6584205,41.0705363],[-8.6585782,41.0703386],[-8.6586329,41.0700789],[-8.6588131,41.0697512],[-8.6587998,41.0695252],[-8.6588749,41.0692593],[-8.6589622,41.0690482],[-8.6590821,41.0689802],[-8.6593289,41.0690376],[-8.6594507,41.0690676],[-8.6593887,41.0689573],[-8.6594142,41.0688734],[-8.6592624,41.0688363],[-8.6591203,41.0687765],[-8.6590503,41.0686697],[-8.6566063,41.0689965],[-8.6556552,41.0691139],[-8.6551451,41.0691947],[-8.6545558,41.0692747],[-8.653864,41.0693691],[-8.6531853,41.0694915],[-8.6532054,41.0696075],[-8.6529024,41.0696351],[-8.6524552,41.0696571],[-8.6524599,41.0698026],[-8.6524744,41.0699196],[-8.6524998,41.0700303],[-8.652,41.0701198],[-8.6519342,41.0699811],[-8.6514219,41.0700405],[-8.6506447,41.0700995],[-8.6503745,41.0701198],[-8.6491411,41.0700519],[-8.6490524,41.0700476],[-8.6488514,41.0700285],[-8.6485873,41.0700212],[-8.6485701,41.0701074],[-8.648419,41.0701044],[-8.6482249,41.0701081],[-8.648032,41.0700965],[-8.647804,41.070076],[-8.6470926,41.0700825],[-8.6442223,41.0700897],[-8.6441787,41.0699371],[-8.6441711,41.0699144],[-8.6441571,41.0698826],[-8.64408,41.069854],[-8.6438099,41.0698774],[-8.6435414,41.0698622],[-8.6424374,41.0700006],[-8.6424229,41.0700952],[-8.6422292,41.0701005],[-8.642039,41.0700817],[-8.6416796,41.0700185],[-8.6416316,41.0700168],[-8.6415246,41.0698411],[-8.6410091,41.0696968],[-8.6409228,41.0697127],[-8.6406337,41.069817],[-8.6404779,41.0698072],[-8.6404134,41.0697928],[-8.6402913,41.0697692],[-8.640137,41.0697187],[-8.6400115,41.0696925],[-8.639777,41.069696],[-8.6394471,41.0697257],[-8.6389215,41.0697235],[-8.6386293,41.0697608],[-8.6384763,41.0698505],[-8.638395,41.0698501],[-8.6380936,41.0697686],[-8.6374698,41.0696532],[-8.6369062,41.0696262],[-8.6364826,41.0697315],[-8.6359247,41.0699051],[-8.6351285,41.0700805],[-8.6345165,41.0702489],[-8.6339434,41.0703918],[-8.6334628,41.0704992],[-8.6328101,41.0705796],[-8.6327279,41.0706079],[-8.6325056,41.0706232],[-8.6319931,41.0705407],[-8.6313707,41.0703707],[-8.6307356,41.0702915],[-8.6299912,41.0701901],[-8.6295182,41.070068],[-8.6289464,41.0698588],[-8.6284351,41.0697457],[-8.6276961,41.069512],[-8.6274003,41.069417],[-8.6271602,41.0693334],[-8.6270272,41.0692645],[-8.6268403,41.0691518],[-8.6266339,41.0692799],[-8.6264106,41.0694205],[-8.6263186,41.0694847],[-8.6258802,41.0689067],[-8.6253872,41.0688404],[-8.6249556,41.0685173],[-8.6228766,41.0683053],[-8.6222776,41.0682898],[-8.6199922,41.0682703],[-8.6199466,41.068405],[-8.6199262,41.0684937],[-8.619849,41.0688212],[-8.6198517,41.0689127],[-8.6191305,41.0690508],[-8.6189581,41.069078],[-8.6188459,41.0690768],[-8.6187616,41.0690541],[-8.6183283,41.0688621],[-8.6181256,41.068768],[-8.6178484,41.0686863],[-8.6175787,41.0686125],[-8.6169851,41.0685196],[-8.6164535,41.0684138],[-8.6159723,41.0682771],[-8.614527,41.0677123],[-8.6137283,41.0714191],[-8.6136693,41.0716908],[-8.6136829,41.071766],[-8.6138086,41.0719689],[-8.6138144,41.0720508],[-8.6138514,41.072102],[-8.6147538,41.0745896],[-8.6145747,41.0770983],[-8.6146831,41.0774043],[-8.6147734,41.0777662],[-8.6148517,41.078125],[-8.6148393,41.0781974],[-8.6148257,41.07829],[-8.614794,41.0783827],[-8.6147769,41.0784154],[-8.6152373,41.0783229],[-8.6165318,41.0782499],[-8.6193061,41.0791395],[-8.6207856,41.0796757],[-8.6211771,41.0798623],[-8.6221103,41.0801133],[-8.6244771,41.0809126],[-8.6247519,41.0810601],[-8.6248236,41.0811093],[-8.6252093,41.0814211],[-8.626045,41.0818225],[-8.626606,41.0817776],[-8.6267119,41.0822807],[-8.6267447,41.0823931],[-8.6271724,41.0823409],[-8.6276325,41.0823305],[-8.6281489,41.0823655],[-8.6285125,41.0823622],[-8.6287193,41.0823863],[-8.6291129,41.0824181],[-8.6293865,41.0825222],[-8.6298175,41.0827427],[-8.6300557,41.0828173],[-8.6308967,41.0831612],[-8.6313861,41.0834168],[-8.6313958,41.0834229],[-8.6320422,41.0837715],[-8.6326058,41.0840631],[-8.6330625,41.0841973],[-8.6337237,41.0843545],[-8.633566,41.0847235],[-8.6341162,41.0844678],[-8.6344246,41.0845478],[-8.634733,41.0846309],[-8.6349782,41.0847168],[-8.6352648,41.0847493],[-8.6358643,41.0848989],[-8.636516,41.0850618],[-8.6366754,41.0850996],[-8.6367274,41.0851121],[-8.6370029,41.0851345],[-8.6372556,41.0851143],[-8.6375595,41.084968],[-8.6377594,41.0848329],[-8.6380697,41.0847525],[-8.638405,41.0847266],[-8.6388108,41.0847078],[-8.6391294,41.0846803],[-8.6426231,41.0847862],[-8.6426348,41.0847864],[-8.6427181,41.0847889],[-8.6446108,41.0850449],[-8.64466,41.0850512],[-8.6448477,41.0850793],[-8.6448767,41.0850747],[-8.6449385,41.0850714],[-8.645038,41.085076],[-8.6451027,41.0850842],[-8.6451342,41.0850916],[-8.6454364,41.0851457],[-8.6454698,41.0851458],[-8.6455669,41.0851366],[-8.6455969,41.085128],[-8.6458768,41.0850342],[-8.6461514,41.0849475],[-8.6462422,41.0849218],[-8.6462713,41.0849272],[-8.6464176,41.0847549],[-8.6467046,41.0847174],[-8.6486626,41.0841773],[-8.6489798,41.0839345],[-8.6490012,41.0839315],[-8.6524291,41.0834341],[-8.6528524,41.0833739],[-8.6533144,41.0833113],[-8.65494,41.0830988],[-8.655369,41.0830527],[-8.6578731,41.0827845]]]}},{"type":"Feature","properties":{"nome":"Lever","municipio":"Vila Nova de Gaia","municipio_short":"VNG","dicofre":"131735","area_km2":7.84,"area_ha":784.34,"populacao":14112,"populacao_fonte":"estimated","densidade":1800,"num_escolas":4,"num_parques":1,"area_verde_m2":56448,"comboios_ativos":0,"camara_nome":"Câmara Municipal de Vila Nova de Gaia","camara_email":"geral@cm-gaia.pt","camara_url":"https://www.cm-gaia.pt","escudo_url":null,"cor_principal":"#2E4F8C","centroide":[-8.46479219668874,41.05235217483443],"_todo":["Replace estimated populacao with real INE 2021 BGRI","Add real num_escolas (Censo + DGEEC)","Add real area_verde_m2 (Câmara dataset)","Add real comboios_ativos (Bicis Sapiens registry)","Add escudo_url (Wikimedia Commons SVG)","Verify cor_principal against actual heraldic blazon"]},"geometry":{"type":"Polygon","coordinates":[[[-8.4895551,41.0491705],[-8.4891671,41.0495632],[-8.488944,41.0498082],[-8.488835,41.0499244],[-8.4886368,41.0501311],[-8.4883871,41.050381],[-8.4881819,41.0505938],[-8.487536,41.0512615],[-8.4869063,41.0519398],[-8.4868948,41.0519448],[-8.4868757,41.0519398],[-8.4866869,41.05215],[-8.4864421,41.0524061],[-8.4862695,41.0525964],[-8.4862229,41.0527022],[-8.4862077,41.0527032],[-8.4858057,41.0527143],[-8.4853342,41.0527715],[-8.4840194,41.0529091],[-8.4840063,41.0529196],[-8.4838825,41.0528876],[-8.4837653,41.0528582],[-8.4836624,41.0528493],[-8.4834828,41.0528579],[-8.4833999,41.0528582],[-8.4833183,41.0528527],[-8.4832247,41.0528414],[-8.4831448,41.05283],[-8.4830433,41.0528083],[-8.4829434,41.0527807],[-8.4828417,41.0527241],[-8.4827631,41.052657],[-8.4826843,41.0525852],[-8.4826025,41.052509],[-8.482416,41.0523875],[-8.4822047,41.0522408],[-8.4820646,41.0521774],[-8.4820019,41.0521529],[-8.4818831,41.0520873],[-8.4816625,41.0519674],[-8.4816355,41.0519039],[-8.4816003,41.0518498],[-8.4815444,41.0517969],[-8.4814832,41.0518192],[-8.4813958,41.0518682],[-8.4812786,41.051913],[-8.4810386,41.0519779],[-8.4809101,41.0520115],[-8.4807759,41.0520362],[-8.4806604,41.0520222],[-8.4805873,41.0520025],[-8.4804354,41.0520063],[-8.480326,41.0520265],[-8.4801005,41.0520781],[-8.4796084,41.0521913],[-8.47919,41.0522569],[-8.4784697,41.0523949],[-8.4782243,41.0524372],[-8.4781225,41.0524852],[-8.4780028,41.0525271],[-8.4777831,41.0525753],[-8.4773006,41.052721],[-8.4768793,41.0528861],[-8.4768522,41.0528499],[-8.4771972,41.052242],[-8.4773636,41.0519153],[-8.4771781,41.0517007],[-8.4769984,41.0516944],[-8.4765715,41.0516081],[-8.4763009,41.0515618],[-8.4759862,41.0515086],[-8.4757333,41.0514632],[-8.4754203,41.0514088],[-8.4746456,41.0512789],[-8.4738895,41.0511415],[-8.4738468,41.0511319],[-8.4732412,41.0509308],[-8.4729072,41.0508237],[-8.4725829,41.0507172],[-8.4723104,41.0506197],[-8.4720943,41.0505393],[-8.4718979,41.0504684],[-8.4716122,41.050376],[-8.471461,41.0503208],[-8.4712716,41.0502617],[-8.4709821,41.0501622],[-8.4704939,41.0499913],[-8.4700857,41.0498508],[-8.4696576,41.0497042],[-8.469252,41.0495176],[-8.4689845,41.0493979],[-8.4680213,41.0490251],[-8.4677494,41.0489412],[-8.46747,41.0488387],[-8.4670964,41.048676],[-8.4661809,41.0483217],[-8.4660589,41.0482833],[-8.4657639,41.0481356],[-8.4652583,41.0478929],[-8.4637183,41.0471276],[-8.4625956,41.0465626],[-8.4622688,41.0463914],[-8.4614285,41.045945],[-8.4608441,41.0456358],[-8.4599552,41.045151],[-8.4602891,41.0449392],[-8.4596875,41.0444996],[-8.4595336,41.0443876],[-8.4594987,41.0443624],[-8.4594556,41.0443318],[-8.4594178,41.0443022],[-8.4593214,41.0442311],[-8.4589552,41.0439739],[-8.4585748,41.04367],[-8.458219,41.0434095],[-8.4580681,41.043301],[-8.4580206,41.0432607],[-8.4579017,41.0431763],[-8.4575583,41.042926],[-8.4572158,41.0426786],[-8.4567854,41.0423782],[-8.4566061,41.0426302],[-8.4564231,41.0428737],[-8.4561677,41.043209],[-8.4560124,41.0433628],[-8.4558758,41.043491],[-8.455668,41.0438077],[-8.4556334,41.0439354],[-8.4556116,41.0440814],[-8.4555708,41.044248],[-8.4555534,41.0442948],[-8.4555313,41.0443923],[-8.4554552,41.0446861],[-8.455454,41.0448287],[-8.4554249,41.0449662],[-8.4552956,41.0449855],[-8.4551695,41.0450115],[-8.455067,41.0450367],[-8.4549864,41.0450661],[-8.4548947,41.0451201],[-8.454817,41.0451747],[-8.4547288,41.0452381],[-8.4546317,41.0452767],[-8.4544302,41.045325],[-8.454304,41.0453523],[-8.4541978,41.0453724],[-8.4540934,41.0453925],[-8.453998,41.0454197],[-8.4538885,41.0454506],[-8.4538301,41.0454612],[-8.4537391,41.0454766],[-8.4536507,41.0454993],[-8.4535259,41.0455351],[-8.4534271,41.0455641],[-8.4533068,41.0456018],[-8.4531521,41.0456576],[-8.4528866,41.0457577],[-8.452706,41.0458319],[-8.4526083,41.045905],[-8.4525626,41.0459652],[-8.4525058,41.0460706],[-8.4524752,41.0461482],[-8.452447,41.0462715],[-8.4524348,41.0463257],[-8.4524174,41.0463943],[-8.4523964,41.0464519],[-8.4523749,41.0464837],[-8.4523603,41.0465159],[-8.4523572,41.0465366],[-8.4523577,41.046582],[-8.4523513,41.0466407],[-8.4523291,41.0466881],[-8.4522734,41.0467701],[-8.4521729,41.0468627],[-8.4520387,41.0469602],[-8.4518832,41.0470585],[-8.4517805,41.0471231],[-8.4516542,41.0472121],[-8.4515376,41.0472991],[-8.4515257,41.0473121],[-8.4514875,41.0473529],[-8.4514443,41.0474005],[-8.451421,41.0474424],[-8.4514096,41.0474958],[-8.4514239,41.0476378],[-8.4514312,41.0477166],[-8.4514207,41.0479656],[-8.4514369,41.0480323],[-8.4514417,41.0480753],[-8.4513996,41.0481763],[-8.4513758,41.0482835],[-8.4513733,41.0483449],[-8.4513964,41.0484211],[-8.4514586,41.0485399],[-8.4515189,41.0486085],[-8.4516065,41.0486921],[-8.4517183,41.0487891],[-8.4518717,41.048966],[-8.4519118,41.0490191],[-8.4519193,41.0490446],[-8.4519095,41.0490808],[-8.4518587,41.0492184],[-8.4518291,41.0492773],[-8.4518218,41.0492884],[-8.4517928,41.0493081],[-8.4516861,41.0493593],[-8.451629,41.0494096],[-8.4516155,41.0494466],[-8.4516124,41.0494784],[-8.4516198,41.0495005],[-8.4516391,41.0495257],[-8.4516605,41.0495742],[-8.451663,41.0495857],[-8.4516567,41.0496606],[-8.4516443,41.0497282],[-8.4516165,41.0498187],[-8.451583,41.0499371],[-8.4515621,41.0499886],[-8.4515169,41.0500647],[-8.4514894,41.0501068],[-8.4514412,41.0501471],[-8.4513467,41.0501984],[-8.4512491,41.050243],[-8.4511912,41.0502714],[-8.4511343,41.0503233],[-8.4510833,41.0503801],[-8.4510426,41.0504332],[-8.451026,41.0504859],[-8.4510019,41.0505277],[-8.4509781,41.0506035],[-8.4509094,41.0508615],[-8.4508878,41.0509228],[-8.4508485,41.0509878],[-8.4508115,41.0510343],[-8.4507713,41.0510905],[-8.4507255,41.0511395],[-8.4506775,41.0511884],[-8.4506419,41.0512371],[-8.4506281,41.0512775],[-8.4506154,41.0513187],[-8.4505879,41.0513668],[-8.4505248,41.0514525],[-8.4504548,41.0516062],[-8.4504125,41.0516976],[-8.4503673,41.051759],[-8.4502998,41.0518202],[-8.4502203,41.0518817],[-8.4501683,41.0519136],[-8.4500999,41.0519428],[-8.4500327,41.0519601],[-8.4500129,41.0519691],[-8.4499706,41.0520111],[-8.4487407,41.0534612],[-8.4510713,41.0558103],[-8.4547735,41.0585927],[-8.4548193,41.0585461],[-8.4558575,41.0593606],[-8.4565004,41.0599457],[-8.4569128,41.0602707],[-8.4574032,41.0606094],[-8.4580449,41.0611606],[-8.4585705,41.0619172],[-8.4591481,41.0625253],[-8.4595897,41.0631462],[-8.4599575,41.0636395],[-8.4604614,41.0642682],[-8.4610004,41.0653742],[-8.4621014,41.0673782],[-8.463197,41.0687645],[-8.4636757,41.0693706],[-8.465584,41.0716116],[-8.4667815,41.0732219],[-8.4672124,41.0735698],[-8.4679458,41.0740073],[-8.4688758,41.0745411],[-8.4695962,41.074909],[-8.470096,41.0751633],[-8.470453,41.0753109],[-8.4725648,41.0757835],[-8.4737122,41.0759342],[-8.4745054,41.0759398],[-8.4755332,41.0758648],[-8.4765697,41.0757257],[-8.4775521,41.0756139],[-8.4788386,41.0754344],[-8.4792471,41.0753142],[-8.4798404,41.0751396],[-8.4810538,41.074874],[-8.4820078,41.0746206],[-8.4829852,41.0742611],[-8.4836762,41.0739196],[-8.4842378,41.0736245],[-8.4847667,41.073386],[-8.485204,41.0732273],[-8.485368,41.073168],[-8.4858557,41.0730478],[-8.4868336,41.0727636],[-8.4891335,41.0722433],[-8.4900903,41.0719666],[-8.4922521,41.0715318],[-8.4909476,41.0633433],[-8.4905131,41.0595736],[-8.4895551,41.0491705]]]}},{"type":"Feature","properties":{"nome":"Madalena","municipio":"Vila Nova de Gaia","municipio_short":"VNG","dicofre":"131709","area_km2":4.69,"area_ha":469.01,"populacao":8442,"populacao_fonte":"estimated","densidade":1800,"num_escolas":2,"num_parques":1,"area_verde_m2":109746,"comboios_ativos":4,"camara_nome":"Câmara Municipal de Vila Nova de Gaia","camara_email":"geral@cm-gaia.pt","camara_url":"https://www.cm-gaia.pt","escudo_url":null,"cor_principal":"#2D5F5A","centroide":[-8.646823508524593,41.105737053114765],"_todo":["Replace estimated populacao with real INE 2021 BGRI","Add real num_escolas (Censo + DGEEC)","Add real area_verde_m2 (Câmara dataset)","Add real comboios_ativos (Bicis Sapiens registry)","Add escudo_url (Wikimedia Commons SVG)","Verify cor_principal against actual heraldic blazon"]},"geometry":{"type":"Polygon","coordinates":[[[-8.6596008,41.0956161],[-8.6573755,41.095832],[-8.6566407,41.0959048],[-8.6564397,41.0959319],[-8.6559681,41.095987],[-8.6555943,41.0960283],[-8.6553031,41.096071],[-8.6548884,41.0961084],[-8.6547904,41.0961195],[-8.6542453,41.0961906],[-8.6540742,41.0962125],[-8.654064,41.0962103],[-8.6533634,41.0960444],[-8.6516863,41.0960514],[-8.6476027,41.0954493],[-8.6472903,41.0953941],[-8.6468416,41.0953286],[-8.6443955,41.0972529],[-8.6443711,41.0972707],[-8.6436201,41.0971905],[-8.6435238,41.0970125],[-8.64345,41.0968792],[-8.6433876,41.0967573],[-8.643387,41.0967393],[-8.64339,41.0967236],[-8.6431903,41.0968198],[-8.6429429,41.0969132],[-8.6424319,41.0972346],[-8.6422179,41.0973791],[-8.6418633,41.0977726],[-8.6416089,41.0981277],[-8.6414821,41.098274],[-8.6413498,41.0983612],[-8.6411891,41.0983479],[-8.6408041,41.0983879],[-8.6406166,41.0984234],[-8.6405482,41.0984827],[-8.6403839,41.098598],[-8.6402155,41.0986665],[-8.639907,41.0986811],[-8.6393649,41.0986923],[-8.6392196,41.0987154],[-8.6390934,41.0987385],[-8.6390391,41.0987688],[-8.6390017,41.0988087],[-8.6390207,41.0989062],[-8.6390773,41.0990458],[-8.6392107,41.0993504],[-8.6392663,41.0995083],[-8.6394026,41.0998031],[-8.6395021,41.1001117],[-8.6395512,41.1005046],[-8.6395771,41.1006716],[-8.6396142,41.10097],[-8.639626,41.1012778],[-8.6396181,41.1014784],[-8.6395882,41.1017163],[-8.6395599,41.1018037],[-8.6395203,41.1018413],[-8.6394784,41.1018808],[-8.6393839,41.1019733],[-8.639303,41.1020637],[-8.639177,41.1021408],[-8.6389339,41.1021869],[-8.6349116,41.1036226],[-8.6330101,41.1042694],[-8.6327803,41.1043497],[-8.6327639,41.1043318],[-8.6327181,41.1043548],[-8.6327036,41.1043613],[-8.6326019,41.1044088],[-8.6325152,41.1044437],[-8.6324574,41.1044642],[-8.6324275,41.1044743],[-8.632296,41.1045491],[-8.6320076,41.1046744],[-8.6319802,41.1046875],[-8.6318814,41.1047636],[-8.6317453,41.1049381],[-8.6316253,41.1050467],[-8.631599,41.1050629],[-8.6315688,41.1050768],[-8.6315368,41.1050859],[-8.6314035,41.1050927],[-8.6313045,41.1052468],[-8.6312072,41.1054633],[-8.6311432,41.1056084],[-8.6310482,41.1057701],[-8.6309869,41.1058427],[-8.6309711,41.1058579],[-8.6314232,41.1061882],[-8.6315604,41.1061842],[-8.6317033,41.1061954],[-8.6318566,41.1062153],[-8.63209,41.1062441],[-8.6321719,41.1062531],[-8.6322188,41.1062562],[-8.6322531,41.1062603],[-8.6322584,41.1062865],[-8.6322812,41.1063364],[-8.6323458,41.1065343],[-8.6324197,41.1067933],[-8.6324465,41.1068638],[-8.6324743,41.1069087],[-8.6324987,41.1069379],[-8.6325216,41.1069831],[-8.6325223,41.1070808],[-8.6325407,41.1071465],[-8.6325991,41.107195],[-8.6327626,41.1074475],[-8.6329974,41.1077493],[-8.6318481,41.1079948],[-8.6311143,41.1081272],[-8.6309115,41.1081683],[-8.6308051,41.1081921],[-8.6307507,41.1082275],[-8.6307267,41.1082766],[-8.6307048,41.1083535],[-8.6306766,41.1084633],[-8.6304791,41.1084926],[-8.6301351,41.1092076],[-8.6300858,41.109299],[-8.6300401,41.1093661],[-8.6299988,41.1094595],[-8.6299709,41.109614],[-8.6299605,41.1097081],[-8.6298498,41.1098014],[-8.6297858,41.1098833],[-8.6296765,41.1100895],[-8.6294755,41.1104153],[-8.629366,41.1106561],[-8.6292903,41.1108906],[-8.6290022,41.1116173],[-8.6287252,41.1123018],[-8.628556,41.1127272],[-8.6284592,41.1129397],[-8.6284409,41.1130149],[-8.6283092,41.1133917],[-8.6280085,41.114137],[-8.6279648,41.1143864],[-8.6278208,41.1148085],[-8.6274946,41.1154889],[-8.6288351,41.1159632],[-8.6303927,41.1166593],[-8.6320041,41.1176872],[-8.6322516,41.1178057],[-8.6325757,41.1179979],[-8.6327165,41.118098],[-8.6335439,41.1186923],[-8.6341085,41.1190762],[-8.6343214,41.1188589],[-8.6346771,41.1186103],[-8.6348105,41.1186792],[-8.6350243,41.1186163],[-8.635405,41.1184821],[-8.6359054,41.1183998],[-8.6359378,41.1183946],[-8.6368907,41.1182374],[-8.6372881,41.1181584],[-8.6381452,41.1180078],[-8.6386011,41.1179819],[-8.6402784,41.1178859],[-8.6403402,41.1178825],[-8.6404811,41.1176269],[-8.640711,41.1169848],[-8.6409202,41.1162964],[-8.6410406,41.1160024],[-8.6412123,41.1157776],[-8.6411049,41.1154534],[-8.6410457,41.1152933],[-8.6410202,41.1151803],[-8.641014,41.1151648],[-8.6411783,41.1151481],[-8.6411984,41.1151463],[-8.6416604,41.1151007],[-8.6416881,41.1151216],[-8.6418418,41.1152365],[-8.6422055,41.1155763],[-8.6425555,41.1157441],[-8.6425801,41.1157558],[-8.6426168,41.11573],[-8.642755,41.1155378],[-8.6429403,41.1147545],[-8.6431252,41.1145818],[-8.6434526,41.1141382],[-8.6434275,41.1140537],[-8.6442367,41.1135661],[-8.6444514,41.1134904],[-8.6474234,41.1124192],[-8.6476398,41.1123264],[-8.6482988,41.1120992],[-8.6491682,41.111808],[-8.6495436,41.1116868],[-8.6500552,41.1115499],[-8.6551374,41.1102045],[-8.6553941,41.1101637],[-8.6560685,41.1100762],[-8.6568681,41.1100014],[-8.6574889,41.109929],[-8.6580519,41.109867],[-8.6586126,41.1097728],[-8.658971,41.109754],[-8.6593033,41.1097516],[-8.6595228,41.1097396],[-8.6595541,41.1097378],[-8.6617133,41.1096316],[-8.6652518,41.1094431],[-8.6652149,41.1089328],[-8.6656166,41.1083458],[-8.6656427,41.1081377],[-8.6654904,41.107962],[-8.6654237,41.1078984],[-8.6653209,41.1078218],[-8.6652482,41.1077492],[-8.6651692,41.1076632],[-8.6651382,41.1075767],[-8.6650417,41.1075045],[-8.6648124,41.1074193],[-8.6646559,41.1073878],[-8.6645891,41.1073111],[-8.6643912,41.1073891],[-8.6641978,41.1072856],[-8.6640166,41.1071907],[-8.6639223,41.1070542],[-8.6638664,41.1068772],[-8.6638383,41.106723],[-8.6638354,41.106359],[-8.6638824,41.1062088],[-8.6639535,41.1060765],[-8.6642345,41.1058703],[-8.664535,41.1058281],[-8.6647089,41.1057818],[-8.6649375,41.1057762],[-8.6650533,41.1059485],[-8.6652281,41.106016],[-8.6654148,41.1060331],[-8.6655407,41.1059918],[-8.665516,41.1058963],[-8.6653889,41.1058197],[-8.6652627,41.1058338],[-8.6652023,41.1057978],[-8.665322,41.1057199],[-8.6652494,41.10567],[-8.665147,41.1056522],[-8.6651162,41.1055615],[-8.6649231,41.1054716],[-8.6647224,41.1055068],[-8.6646401,41.1054362],[-8.6645006,41.1053005],[-8.6641933,41.1052244],[-8.6641018,41.1050749],[-8.6640469,41.1049841],[-8.6638344,41.1047349],[-8.6636346,41.1045766],[-8.6634716,41.1044955],[-8.6633457,41.1045326],[-8.6632798,41.1045875],[-8.6626894,41.1044445],[-8.6625081,41.104212],[-8.6624616,41.1037905],[-8.6626947,41.1036119],[-8.6628439,41.1034657],[-8.6629743,41.1032284],[-8.6630152,41.1030827],[-8.6628165,41.1028032],[-8.6628067,41.1025924],[-8.6629438,41.1024415],[-8.6631538,41.1023677],[-8.6631289,41.1022587],[-8.6627965,41.1020646],[-8.662735,41.1018921],[-8.662721,41.1016646],[-8.662744,41.1015279],[-8.6629056,41.1014319],[-8.6628381,41.1012592],[-8.6627194,41.1007232],[-8.6624452,41.1002738],[-8.6619243,41.0998168],[-8.661599,41.0997499],[-8.6614416,41.0996369],[-8.6614165,41.0995234],[-8.6613369,41.0992826],[-8.6613353,41.0990916],[-8.6609427,41.0988885],[-8.6608212,41.0987526],[-8.66064,41.0986353],[-8.6604711,41.0985725],[-8.6603321,41.0984912],[-8.660235,41.098396],[-8.6600355,41.0982649],[-8.6598543,41.0981656],[-8.6598105,41.0979522],[-8.6598337,41.0978519],[-8.6598932,41.097756],[-8.6599642,41.0976148],[-8.6601889,41.0971407],[-8.6601999,41.0970132],[-8.6601383,41.0968359],[-8.6601074,41.0967314],[-8.6599615,41.0965275],[-8.6599427,41.0964457],[-8.6600381,41.0963406],[-8.6601262,41.0960808],[-8.6602323,41.0958166],[-8.6602543,41.0955526],[-8.6596008,41.0956161]]]}},{"type":"Feature","properties":{"nome":"Mafamude","municipio":"Vila Nova de Gaia","municipio_short":"VNG","dicofre":"131736","area_km2":5.28,"area_ha":527.85,"populacao":9504,"populacao_fonte":"estimated","densidade":1800,"num_escolas":3,"num_parques":1,"area_verde_m2":114048,"comboios_ativos":2,"camara_nome":"Câmara Municipal de Vila Nova de Gaia","camara_email":"geral@cm-gaia.pt","camara_url":"https://www.cm-gaia.pt","escudo_url":null,"cor_principal":"#A88838","centroide":[-8.60615060795848,41.115056577162626],"_todo":["Replace estimated populacao with real INE 2021 BGRI","Add real num_escolas (Censo + DGEEC)","Add real area_verde_m2 (Câmara dataset)","Add real comboios_ativos (Bicis Sapiens registry)","Add escudo_url (Wikimedia Commons SVG)","Verify cor_principal against actual heraldic blazon"]},"geometry":{"type":"Polygon","coordinates":[[[-8.6136639,41.1156149],[-8.6135411,41.1155628],[-8.6134406,41.1155712],[-8.6133297,41.115555],[-8.6132343,41.1155286],[-8.613263,41.1155117],[-8.6132895,41.1154916],[-8.6133115,41.1154662],[-8.6133265,41.1154042],[-8.6133371,41.1153403],[-8.6133278,41.1152933],[-8.6133018,41.1152236],[-8.6132826,41.1151647],[-8.6132733,41.1151193],[-8.6132776,41.1150825],[-8.6132886,41.115054],[-8.6133023,41.115027],[-8.6133804,41.1149481],[-8.6133471,41.1149153],[-8.6132786,41.1148106],[-8.6132216,41.1147214],[-8.6131744,41.1146394],[-8.6130678,41.1143887],[-8.6130169,41.1143072],[-8.6130131,41.1142884],[-8.6130253,41.1142684],[-8.612923,41.1141903],[-8.6128401,41.1141298],[-8.6129484,41.1140281],[-8.6131741,41.1138555],[-8.6131174,41.1137027],[-8.6130989,41.1135199],[-8.6130371,41.1134072],[-8.612956,41.1133578],[-8.6129237,41.1132767],[-8.6129193,41.1130331],[-8.612479,41.1120329],[-8.6120937,41.1110958],[-8.6117687,41.110459],[-8.6114463,41.1098438],[-8.6107147,41.1077719],[-8.6106857,41.1073741],[-8.6100968,41.1073483],[-8.6101418,41.1071124],[-8.6101588,41.1069908],[-8.6101679,41.1069165],[-8.6101524,41.1068703],[-8.6101988,41.1065693],[-8.6101639,41.1065146],[-8.6101073,41.1064445],[-8.6100244,41.1061582],[-8.6100226,41.1059099],[-8.6100036,41.1057899],[-8.6099382,41.1055831],[-8.6099183,41.1054394],[-8.609955,41.1053432],[-8.6099731,41.1052782],[-8.6099918,41.1052145],[-8.6099949,41.1051517],[-8.6099633,41.1043527],[-8.6099494,41.1042656],[-8.6099466,41.1041091],[-8.6099446,41.1040785],[-8.6099308,41.1040476],[-8.6098573,41.1039516],[-8.609927,41.1039269],[-8.6099829,41.1039072],[-8.6095178,41.1032016],[-8.6091569,41.102629],[-8.6070639,41.0996158],[-8.6070639,41.0995687],[-8.6070554,41.0995153],[-8.6070266,41.0994572],[-8.6069707,41.0994439],[-8.6069381,41.0994275],[-8.6068648,41.0994238],[-8.6067808,41.0994404],[-8.6067132,41.0994512],[-8.6066452,41.0994329],[-8.6065553,41.0993801],[-8.6065114,41.0993225],[-8.6065031,41.0992652],[-8.606419,41.0991454],[-8.6062974,41.0989756],[-8.6061895,41.0988663],[-8.606079,41.0987757],[-8.6059865,41.0987217],[-8.6058268,41.0986841],[-8.6052521,41.0984937],[-8.6050384,41.0984146],[-8.6047793,41.0983193],[-8.6044268,41.0981532],[-8.6042377,41.098069],[-8.6039671,41.0981023],[-8.6037003,41.0981067],[-8.6034601,41.09814],[-8.6033664,41.098148],[-8.6032545,41.0978961],[-8.6030174,41.0974879],[-8.6026976,41.0964507],[-8.6012945,41.0964043],[-8.6006422,41.0964703],[-8.6003476,41.0965168],[-8.6002095,41.0965385],[-8.5996636,41.0965331],[-8.5995108,41.0965438],[-8.5990623,41.0966341],[-8.5989169,41.0962401],[-8.5982142,41.0964348],[-8.5981074,41.0964722],[-8.5978153,41.0968282],[-8.5977565,41.0969114],[-8.5973269,41.0974093],[-8.597194,41.0975108],[-8.5970908,41.097565],[-8.5970113,41.0975926],[-8.5969612,41.0976091],[-8.5960798,41.0979166],[-8.5959625,41.0979713],[-8.5958452,41.0979597],[-8.5956523,41.0979475],[-8.5954643,41.0979295],[-8.5950463,41.0978993],[-8.5948204,41.0979016],[-8.5943655,41.0986685],[-8.5939462,41.0995922],[-8.5933131,41.1008017],[-8.5922771,41.1019909],[-8.5928972,41.1024443],[-8.5934441,41.1028358],[-8.5941619,41.1034457],[-8.5916173,41.1052998],[-8.5915467,41.1054346],[-8.5914972,41.1055285],[-8.591441,41.1055969],[-8.5913183,41.1056757],[-8.5918421,41.1061185],[-8.592721,41.1068641],[-8.5934703,41.1074781],[-8.5938717,41.1077866],[-8.594337,41.1081215],[-8.5945105,41.1083581],[-8.5947069,41.1085339],[-8.5948516,41.1087394],[-8.5950052,41.1090477],[-8.59515,41.1093208],[-8.5953006,41.1096255],[-8.5955397,41.1101423],[-8.5956278,41.1103468],[-8.5957085,41.1105468],[-8.5959121,41.1108169],[-8.5964033,41.1135973],[-8.5965626,41.1148427],[-8.5966074,41.1157078],[-8.5966497,41.1163703],[-8.5967786,41.1171928],[-8.5968134,41.11736],[-8.5968454,41.1174787],[-8.5968217,41.1176967],[-8.5968011,41.117913],[-8.5967735,41.1182471],[-8.5967137,41.1192972],[-8.5966783,41.1208037],[-8.5967032,41.1216537],[-8.5967059,41.1217055],[-8.5958947,41.1232496],[-8.5954625,41.1252679],[-8.5955164,41.1256304],[-8.5956432,41.126259],[-8.595828,41.1266286],[-8.5958687,41.1272441],[-8.5957141,41.1284073],[-8.5961907,41.1300843],[-8.5969252,41.1302313],[-8.597395,41.1302724],[-8.597765,41.1302724],[-8.5991934,41.1303206],[-8.6000281,41.1303793],[-8.6022128,41.1307329],[-8.6022671,41.130776],[-8.602487,41.1308165],[-8.6025398,41.1309015],[-8.6026288,41.1309467],[-8.6027504,41.1309682],[-8.6028471,41.1309731],[-8.6030636,41.1310032],[-8.6030331,41.1311801],[-8.6030265,41.1313675],[-8.6031246,41.1314301],[-8.6030933,41.1315991],[-8.603235,41.1317352],[-8.603294,41.1318106],[-8.6034642,41.1320072],[-8.6036648,41.1321648],[-8.6037753,41.1322283],[-8.603855,41.132256],[-8.6039348,41.1322692],[-8.6036177,41.1327177],[-8.6036986,41.1328296],[-8.6041085,41.132941],[-8.604236,41.1329715],[-8.6041825,41.1331019],[-8.604322,41.1340096],[-8.6042195,41.13407],[-8.6042804,41.1340759],[-8.6043497,41.1340868],[-8.6046211,41.1341738],[-8.6049573,41.1325444],[-8.6058311,41.1328639],[-8.6066494,41.1331652],[-8.6067752,41.1331932],[-8.6068254,41.1331825],[-8.6068619,41.1331686],[-8.6071705,41.1329729],[-8.6070457,41.1324261],[-8.6080895,41.1326708],[-8.6081841,41.1326726],[-8.6081955,41.1326023],[-8.6081905,41.1324475],[-8.6081586,41.1305335],[-8.6081598,41.1303667],[-8.6081744,41.1302821],[-8.6081941,41.1302075],[-8.6082895,41.1299885],[-8.6083416,41.1299058],[-8.6084095,41.1298174],[-8.609029,41.1291053],[-8.6090634,41.1290303],[-8.6090649,41.1289898],[-8.6090496,41.1289309],[-8.6091103,41.1288818],[-8.6091729,41.1288508],[-8.6092709,41.1288164],[-8.6094556,41.1288159],[-8.609702,41.1288261],[-8.6112364,41.1289444],[-8.6117405,41.1289786],[-8.6126744,41.1290388],[-8.613187,41.1290832],[-8.6132341,41.1290832],[-8.6133169,41.1285945],[-8.6133917,41.1281943],[-8.6134658,41.1277132],[-8.6134925,41.1276874],[-8.6143172,41.1263106],[-8.614115,41.1256499],[-8.6142902,41.1255983],[-8.6145875,41.1255038],[-8.6152996,41.1252676],[-8.6152251,41.1243396],[-8.6158885,41.124116],[-8.6154481,41.1233832],[-8.6149689,41.122204],[-8.6150019,41.122145],[-8.6150178,41.1221107],[-8.615032,41.1220734],[-8.6150423,41.1220391],[-8.61507,41.1218799],[-8.6151179,41.1214594],[-8.6152339,41.1205],[-8.6152968,41.1199598],[-8.6153217,41.1197061],[-8.6153276,41.1194925],[-8.6153138,41.1192886],[-8.6152677,41.1190901],[-8.6152269,41.118933],[-8.6151764,41.1188024],[-8.6150353,41.1185574],[-8.6149835,41.1184653],[-8.6149486,41.1184177],[-8.6148854,41.1183299],[-8.6147494,41.1181807],[-8.6146215,41.1180459],[-8.6144936,41.1179224],[-8.6144009,41.1178167],[-8.6143064,41.1177028],[-8.6141984,41.1175387],[-8.6141346,41.1174114],[-8.6140964,41.1173005],[-8.61407,41.1171217],[-8.6140634,41.1169804],[-8.6140798,41.1168661],[-8.6141071,41.1167532],[-8.6141662,41.116489],[-8.6142238,41.1162881],[-8.6143099,41.1159636],[-8.6141321,41.1158865],[-8.6140136,41.115825],[-8.6138481,41.1157228],[-8.6136639,41.1156149]]]}},{"type":"Feature","properties":{"nome":"Olival","municipio":"Vila Nova de Gaia","municipio_short":"VNG","dicofre":"131737","area_km2":8.07,"area_ha":807.2,"populacao":14526,"populacao_fonte":"estimated","densidade":1800,"num_escolas":4,"num_parques":2,"area_verde_m2":116208,"comboios_ativos":1,"camara_nome":"Câmara Municipal de Vila Nova de Gaia","camara_email":"geral@cm-gaia.pt","camara_url":"https://www.cm-gaia.pt","escudo_url":null,"cor_principal":"#806040","centroide":[-8.5309542876161,41.06088170015477],"_todo":["Replace estimated populacao with real INE 2021 BGRI","Add real num_escolas (Censo + DGEEC)","Add real area_verde_m2 (Câmara dataset)","Add real comboios_ativos (Bicis Sapiens registry)","Add escudo_url (Wikimedia Commons SVG)","Verify cor_principal against actual heraldic blazon"]},"geometry":{"type":"Polygon","coordinates":[[[-8.5171259,41.0755295],[-8.5171516,41.0755574],[-8.5177683,41.0762712],[-8.5183552,41.0771263],[-8.5188728,41.0779981],[-8.5191911,41.0787155],[-8.5195609,41.0795941],[-8.519976,41.0805615],[-8.5203491,41.0814507],[-8.5207338,41.0822075],[-8.5211486,41.0830534],[-8.5214949,41.0840868],[-8.5216138,41.0847366],[-8.5216338,41.0849557],[-8.5242947,41.0837104],[-8.5243637,41.0837071],[-8.5244029,41.0837005],[-8.5244437,41.0836843],[-8.5244885,41.0836596],[-8.5244931,41.0836516],[-8.5245414,41.083568],[-8.5246064,41.0834124],[-8.5246457,41.083372],[-8.524661,41.0833631],[-8.5247389,41.0833174],[-8.5248712,41.0832512],[-8.5250426,41.0832131],[-8.5252151,41.0831532],[-8.5253428,41.0831057],[-8.5254987,41.0830884],[-8.5255761,41.0830923],[-8.5257044,41.0831147],[-8.5258619,41.0831519],[-8.5260126,41.0831955],[-8.526232,41.0832378],[-8.5262869,41.083243],[-8.5263375,41.0832374],[-8.5263675,41.0832258],[-8.5263926,41.0832124],[-8.5264154,41.0831948],[-8.5264471,41.0831549],[-8.5264462,41.0830756],[-8.52645,41.0829861],[-8.5264677,41.082903],[-8.5264872,41.0828627],[-8.5265051,41.0828136],[-8.5265387,41.0827707],[-8.5265641,41.0827514],[-8.5265988,41.082725],[-8.5266716,41.08268],[-8.5267629,41.0826414],[-8.5269269,41.0825738],[-8.5271119,41.0824956],[-8.5272368,41.0824504],[-8.5273574,41.0824182],[-8.5274446,41.0824007],[-8.5275609,41.0823871],[-8.5278155,41.0823761],[-8.528056,41.0823966],[-8.5282559,41.0824331],[-8.5283388,41.0824317],[-8.5284289,41.0824249],[-8.5285847,41.0824033],[-8.5287886,41.082393],[-8.5289797,41.0823881],[-8.5291934,41.0823989],[-8.529508,41.0824288],[-8.5296643,41.0824358],[-8.5298201,41.082442],[-8.5299371,41.082447],[-8.5300819,41.0824481],[-8.5302281,41.0824511],[-8.5304552,41.082466],[-8.5307334,41.0824946],[-8.5307373,41.0824729],[-8.5307705,41.0822863],[-8.5308287,41.0820711],[-8.5308576,41.081901],[-8.530858,41.0817936],[-8.5308835,41.081792],[-8.5309504,41.0817879],[-8.5312115,41.0817634],[-8.5315241,41.0817303],[-8.5318354,41.081687],[-8.5321505,41.0816501],[-8.5322448,41.0816332],[-8.5324271,41.0815656],[-8.5327166,41.0814526],[-8.5328864,41.0814042],[-8.5335605,41.0813444],[-8.5335707,41.0813262],[-8.5335955,41.0812821],[-8.5337404,41.0810736],[-8.5339201,41.0808611],[-8.5341004,41.0806571],[-8.5342731,41.0804631],[-8.5344366,41.0802664],[-8.534584,41.0800644],[-8.5347222,41.0798572],[-8.5348266,41.079664],[-8.5348556,41.0796001],[-8.5348768,41.0795538],[-8.5349042,41.0794347],[-8.5349184,41.0793278],[-8.5349241,41.0790801],[-8.5349192,41.0789856],[-8.5349006,41.0788545],[-8.5348554,41.0787138],[-8.5347892,41.078528],[-8.5346946,41.0783246],[-8.5345615,41.0781045],[-8.5343881,41.077824],[-8.5341986,41.0775345],[-8.5341073,41.0773983],[-8.5338817,41.0770407],[-8.5337352,41.0768138],[-8.5336009,41.0765949],[-8.5334585,41.0763468],[-8.5333595,41.0761263],[-8.5332954,41.0760013],[-8.5332667,41.0759085],[-8.5332331,41.0757261],[-8.5332205,41.0756175],[-8.5332191,41.0753845],[-8.5332384,41.0751672],[-8.5332789,41.0749364],[-8.5333002,41.0749406],[-8.5334104,41.0749624],[-8.5335421,41.0749679],[-8.5336471,41.0749698],[-8.5337953,41.0749963],[-8.5339093,41.0750037],[-8.5340513,41.0749999],[-8.5342066,41.0749869],[-8.5343899,41.0749595],[-8.5345153,41.0749265],[-8.5346502,41.0748733],[-8.5348121,41.0748112],[-8.5350114,41.0747109],[-8.5352019,41.074635],[-8.5353467,41.0745932],[-8.5355032,41.0745536],[-8.5356557,41.0745111],[-8.5358238,41.0744539],[-8.5359374,41.0743874],[-8.5360465,41.0743198],[-8.5360631,41.0743058],[-8.5361543,41.074229],[-8.5361683,41.0742192],[-8.5362497,41.0741623],[-8.5364378,41.0740421],[-8.5365491,41.0739899],[-8.5367659,41.0738828],[-8.537018,41.0737462],[-8.5372829,41.0736035],[-8.5374103,41.0735287],[-8.5375895,41.0734226],[-8.5375871,41.0734196],[-8.5373729,41.0731451],[-8.5373074,41.0730795],[-8.5370548,41.0729754],[-8.5368744,41.0728714],[-8.5367306,41.0727394],[-8.5365404,41.0725585],[-8.5364702,41.0723772],[-8.5364424,41.0723391],[-8.5363497,41.0722975],[-8.5362758,41.0722454],[-8.5362843,41.0720839],[-8.5362888,41.0718324],[-8.5363029,41.0715749],[-8.5362385,41.0714536],[-8.5363434,41.0712751],[-8.536444,41.0711247],[-8.5364646,41.0711126],[-8.5366232,41.0710194],[-8.5367655,41.0709179],[-8.5367724,41.0709117],[-8.5369169,41.0707812],[-8.5369218,41.0707803],[-8.5372116,41.0707278],[-8.5373911,41.0706782],[-8.5374967,41.0706038],[-8.5374823,41.0705138],[-8.5374726,41.0704303],[-8.5373889,41.0703118],[-8.5372223,41.0702218],[-8.5369634,41.0701144],[-8.5368615,41.0700137],[-8.5367182,41.0699653],[-8.5365978,41.0698926],[-8.5364312,41.0697884],[-8.5361271,41.0698103],[-8.5359091,41.0697504],[-8.5357671,41.0697489],[-8.5354929,41.0696499],[-8.5352955,41.0695378],[-8.5351252,41.0695733],[-8.5350189,41.0695568],[-8.5348342,41.0694938],[-8.5346311,41.0694388],[-8.5344422,41.0694532],[-8.5342994,41.0694993],[-8.5341105,41.0695279],[-8.5339509,41.0695282],[-8.5338106,41.0694836],[-8.5337089,41.0694246],[-8.5335551,41.0691634],[-8.5334061,41.0689509],[-8.5331747,41.0687706],[-8.5330869,41.0687428],[-8.5329033,41.0688691],[-8.5328295,41.0688728],[-8.5327417,41.0688244],[-8.5325468,41.068654],[-8.5324389,41.0684757],[-8.532342,41.0683128],[-8.5321983,41.0681946],[-8.5321699,41.0680935],[-8.5320636,41.0680136],[-8.5318871,41.0677911],[-8.5317476,41.0676065],[-8.5316366,41.0675666],[-8.5315092,41.0675003],[-8.531604,41.0673731],[-8.531691,41.0672203],[-8.5317419,41.067087],[-8.5317721,41.0669854],[-8.5317814,41.0668593],[-8.531807,41.0667466],[-8.5318372,41.0666331],[-8.5318677,41.066539],[-8.5319237,41.0664178],[-8.5319594,41.0663237],[-8.5319896,41.0661711],[-8.5320044,41.0660889],[-8.5320092,41.0660224],[-8.5320296,41.0659597],[-8.532069,41.0658148],[-8.5321081,41.0656841],[-8.5321201,41.0655722],[-8.532104,41.0654627],[-8.5320878,41.0653375],[-8.5318943,41.0651528],[-8.5317602,41.0649971],[-8.5317248,41.0648945],[-8.5317081,41.0648043],[-8.5317141,41.0647165],[-8.5317651,41.0646307],[-8.5318679,41.0645325],[-8.5320285,41.0644076],[-8.5321343,41.0643071],[-8.532233,41.0640771],[-8.5322287,41.0639061],[-8.5322127,41.0638382],[-8.5320946,41.0636062],[-8.5320424,41.0635086],[-8.5320905,41.0634377],[-8.5321029,41.0633643],[-8.5320604,41.0632862],[-8.531798,41.0631137],[-8.5316748,41.0630166],[-8.5315904,41.0629338],[-8.5315284,41.0628411],[-8.5314726,41.062668],[-8.5314328,41.0624897],[-8.5313357,41.0623539],[-8.5313636,41.0623376],[-8.5313995,41.0623165],[-8.5314144,41.0623033],[-8.5314765,41.0622479],[-8.5316011,41.0620299],[-8.5316736,41.061766],[-8.5317456,41.0614017],[-8.5317342,41.0611063],[-8.5315969,41.0608089],[-8.5315858,41.0605841],[-8.5315904,41.0602739],[-8.5315991,41.0601101],[-8.5315857,41.0600443],[-8.5316145,41.0599832],[-8.5316382,41.0599677],[-8.5317495,41.0598947],[-8.5319424,41.0597823],[-8.5319569,41.0597692],[-8.5320869,41.0596517],[-8.5322322,41.0594416],[-8.532348,41.059094],[-8.5323498,41.0588399],[-8.5323979,41.0587216],[-8.5324716,41.0586076],[-8.5325701,41.0584556],[-8.5328036,41.0582519],[-8.53289,41.0581787],[-8.5329539,41.0581073],[-8.5329972,41.0580424],[-8.5329186,41.0579572],[-8.532801,41.0578287],[-8.5327773,41.0577984],[-8.5326909,41.0577157],[-8.532585,41.0575838],[-8.5325194,41.0574605],[-8.5324729,41.0573129],[-8.5324782,41.0571565],[-8.532597,41.0570219],[-8.5326609,41.0569263],[-8.5326842,41.0569101],[-8.5327949,41.056833],[-8.533088,41.0566347],[-8.5333176,41.0565008],[-8.5335965,41.0563954],[-8.5338835,41.0563677],[-8.5338929,41.0563497],[-8.5339537,41.056233],[-8.5339689,41.0560621],[-8.5340093,41.0558225],[-8.5339366,41.0555467],[-8.5339194,41.0553442],[-8.5339519,41.0550785],[-8.534042,41.0547874],[-8.5340856,41.0545692],[-8.5340816,41.0544592],[-8.5340812,41.0544007],[-8.5340834,41.0542149],[-8.5340809,41.0541663],[-8.5340439,41.054093],[-8.5340274,41.0540198],[-8.5340171,41.0539077],[-8.5340292,41.0537902],[-8.5340411,41.0537025],[-8.5341616,41.0535932],[-8.5342884,41.0534915],[-8.5344208,41.0534617],[-8.5345532,41.0534565],[-8.5346142,41.0534219],[-8.534632,41.0534069],[-8.534672,41.0533728],[-8.5347039,41.0533409],[-8.5347447,41.0531406],[-8.534802,41.0530059],[-8.5348657,41.052869],[-8.5349486,41.0526855],[-8.5350762,41.0524579],[-8.5351976,41.0522645],[-8.5353548,41.052137],[-8.5353583,41.0521354],[-8.535551,41.0520455],[-8.5355607,41.0520333],[-8.5356168,41.0519636],[-8.5356292,41.0519604],[-8.5374578,41.051494],[-8.5398858,41.050888],[-8.5399886,41.0510121],[-8.5401435,41.0511749],[-8.5403417,41.0513642],[-8.5404913,41.0515088],[-8.5405329,41.0515256],[-8.5405779,41.0515347],[-8.540633,41.0515253],[-8.5407745,41.0514659],[-8.5408298,41.0514449],[-8.5409575,41.0514183],[-8.5411233,41.0513966],[-8.5414599,41.0513666],[-8.5419369,41.0513478],[-8.5420268,41.051336],[-8.5421077,41.0514791],[-8.5425102,41.0513781],[-8.5426751,41.0517656],[-8.5426993,41.0517431],[-8.5432562,41.0512258],[-8.5436507,41.0508547],[-8.5438863,41.0506498],[-8.5442039,41.0503429],[-8.5442052,41.0503468],[-8.5442428,41.0504668],[-8.5446963,41.0502905],[-8.5459278,41.0503352],[-8.5459221,41.0503146],[-8.5457901,41.0498315],[-8.5465372,41.0487292],[-8.5468072,41.0483652],[-8.5481353,41.0472008],[-8.5481512,41.0471898],[-8.5490779,41.0465447],[-8.5494943,41.0462896],[-8.5494961,41.0462847],[-8.5496427,41.0458749],[-8.5496621,41.0458724],[-8.5497504,41.045861],[-8.5497493,41.0458449],[-8.5497364,41.0456407],[-8.5497469,41.0453342],[-8.5497429,41.045227],[-8.5497644,41.0451015],[-8.5500016,41.0443889],[-8.5501049,41.0442147],[-8.5501256,41.0442033],[-8.5503107,41.0441019],[-8.5505685,41.0439631],[-8.5505653,41.043959],[-8.5505003,41.0438753],[-8.5504536,41.0438062],[-8.5504027,41.043706],[-8.5501353,41.0431394],[-8.5501285,41.0431254],[-8.5499208,41.0416973],[-8.5498663,41.0410596],[-8.5497219,41.0394714],[-8.5497196,41.0394501],[-8.5472146,41.0392953],[-8.5467044,41.0381104],[-8.5463608,41.0375691],[-8.5463479,41.0374211],[-8.5461764,41.0373385],[-8.5459693,41.0372055],[-8.5457975,41.0371523],[-8.5455972,41.0371686],[-8.5453295,41.0371442],[-8.5451283,41.0370878],[-8.5449356,41.0369745],[-8.5446424,41.0368808],[-8.5441488,41.0368508],[-8.5436806,41.0368524],[-8.543332,41.0368165],[-8.5429451,41.0367938],[-8.5426185,41.0367339],[-8.5424072,41.0360228],[-8.5416943,41.036015],[-8.5416485,41.0359448],[-8.5416137,41.03595],[-8.5414375,41.0360127],[-8.5412236,41.0361143],[-8.5408537,41.036243],[-8.5404914,41.0363214],[-8.5373401,41.0361797],[-8.5372227,41.0361813],[-8.5370597,41.0361646],[-8.5368265,41.036132],[-8.5366113,41.036103],[-8.5364369,41.03609],[-8.5363499,41.0360912],[-8.5362495,41.036104],[-8.5361748,41.0361083],[-8.5361464,41.0361221],[-8.5361382,41.0361261],[-8.5361187,41.0361435],[-8.5361093,41.036152],[-8.5359885,41.036235],[-8.5358832,41.0362995],[-8.535822,41.0363352],[-8.5358165,41.0363384],[-8.5357638,41.0363813],[-8.5356886,41.0364683],[-8.5354806,41.0367173],[-8.5353301,41.0369007],[-8.5352076,41.0370347],[-8.5351709,41.0370828],[-8.5350644,41.0372434],[-8.5350105,41.0373557],[-8.5349599,41.0374268],[-8.5348938,41.0374841],[-8.534881,41.0374952],[-8.5347412,41.0375876],[-8.5345445,41.0376745],[-8.5344558,41.0376954],[-8.5343899,41.0377121],[-8.5342699,41.0377575],[-8.5341689,41.0378226],[-8.5340289,41.0379252],[-8.5338947,41.0380156],[-8.5338414,41.0380455],[-8.5337776,41.0380633],[-8.5336114,41.0380979],[-8.5334608,41.0381139],[-8.5333406,41.0381198],[-8.5332615,41.0381641],[-8.5330931,41.0382875],[-8.5328679,41.0384522],[-8.5328475,41.0384672],[-8.5324936,41.0387834],[-8.5321596,41.0390801],[-8.5321467,41.0390916],[-8.5320624,41.0391452],[-8.5317845,41.0392236],[-8.5314326,41.0392996],[-8.5313375,41.0393267],[-8.5312109,41.0393805],[-8.5308772,41.0395392],[-8.5306068,41.0396896],[-8.5302309,41.0398697],[-8.5296967,41.0400958],[-8.5293696,41.0402144],[-8.5292044,41.0402816],[-8.528821,41.0403844],[-8.5284707,41.0405011],[-8.5284483,41.0405085],[-8.5284436,41.0405263],[-8.5284423,41.0405316],[-8.5282457,41.0406473],[-8.528095,41.0407429],[-8.5279216,41.0408429],[-8.5278127,41.0409004],[-8.5275473,41.0410172],[-8.5273594,41.0410809],[-8.5272258,41.0411284],[-8.5270454,41.041181],[-8.5267535,41.0412685],[-8.5266886,41.0412855],[-8.5265994,41.0413096],[-8.526375,41.0413702],[-8.5261959,41.0414389],[-8.5258108,41.041609],[-8.5255151,41.041746],[-8.525404,41.0418021],[-8.5252911,41.0418683],[-8.5252843,41.0418723],[-8.5251521,41.0419818],[-8.5247646,41.0423782],[-8.5246494,41.0424699],[-8.5246472,41.0424717],[-8.5245907,41.0425147],[-8.5245179,41.0425574],[-8.5245109,41.0425614],[-8.5213757,41.0451656],[-8.5213693,41.0452087],[-8.5213462,41.0452661],[-8.5213241,41.045331],[-8.5212884,41.0454235],[-8.521269,41.0455221],[-8.5212642,41.0456361],[-8.5212785,41.0458882],[-8.5213179,41.0461705],[-8.5213427,41.0463984],[-8.5213407,41.0465224],[-8.5213286,41.0465932],[-8.5212788,41.0467208],[-8.5210971,41.0471745],[-8.5210622,41.0472345],[-8.5210126,41.0472991],[-8.5209447,41.0473638],[-8.5207289,41.047539],[-8.5201625,41.0479866],[-8.5193753,41.0486246],[-8.5192708,41.0487179],[-8.5192699,41.0487187],[-8.5191108,41.0488395],[-8.5190853,41.0488589],[-8.5189493,41.0493241],[-8.5186643,41.0504638],[-8.5184702,41.0510973],[-8.5183499,41.0513946],[-8.5181599,41.0516788],[-8.5179872,41.0519631],[-8.5168809,41.0537035],[-8.5167991,41.05391],[-8.5167102,41.0541643],[-8.516629,41.054578],[-8.5166098,41.0546391],[-8.5165379,41.0549933],[-8.516461,41.0551898],[-8.516379,41.055425],[-8.5162271,41.0557465],[-8.5160043,41.0563026],[-8.5159266,41.0565207],[-8.5158242,41.0568309],[-8.5157511,41.0571113],[-8.5157018,41.0573915],[-8.5156639,41.0576226],[-8.5156096,41.0579299],[-8.5154986,41.058287],[-8.5153311,41.0589125],[-8.5152141,41.0594165],[-8.5151689,41.059664],[-8.5151621,41.0597375],[-8.5151588,41.059792],[-8.5151958,41.059974],[-8.5152653,41.0602161],[-8.5153327,41.060484],[-8.5153713,41.0606054],[-8.5154194,41.0607766],[-8.5154561,41.0609518],[-8.5154681,41.0610866],[-8.5154697,41.0613018],[-8.515438,41.0615056],[-8.5153985,41.0617041],[-8.5153463,41.061879],[-8.5153312,41.0620043],[-8.5153283,41.0621349],[-8.5153479,41.0622544],[-8.5153772,41.0623463],[-8.5154638,41.0625728],[-8.5156781,41.0630139],[-8.5157671,41.0632092],[-8.5159657,41.0636015],[-8.5160173,41.0637155],[-8.5160793,41.0638263],[-8.5161652,41.0639832],[-8.5162634,41.0641619],[-8.5163752,41.0643613],[-8.5164046,41.0645016],[-8.516408,41.0645798],[-8.516401,41.0647954],[-8.5163947,41.0649611],[-8.5163598,41.0651608],[-8.5163324,41.065331],[-8.5162004,41.0657519],[-8.5160227,41.0663567],[-8.5159213,41.0666407],[-8.5158772,41.0668512],[-8.5158125,41.0670047],[-8.5158078,41.0670869],[-8.5158214,41.0672197],[-8.5157884,41.0673019],[-8.5158018,41.0674035],[-8.5158181,41.0675169],[-8.5158704,41.0676107],[-8.5159534,41.0677083],[-8.5161042,41.0678699],[-8.5162758,41.0680277],[-8.5165408,41.0682724],[-8.5166196,41.0684487],[-8.5165708,41.0686334],[-8.5165315,41.0688302],[-8.5165985,41.068976],[-8.5167791,41.0692483],[-8.5168259,41.0693554],[-8.5174169,41.0702571],[-8.517478,41.0703574],[-8.5175016,41.0704274],[-8.5176033,41.0705469],[-8.517722,41.070634],[-8.5179306,41.0707575],[-8.5181665,41.0709798],[-8.5183911,41.0710685],[-8.5184879,41.0713541],[-8.5184998,41.0714087],[-8.5185426,41.0715884],[-8.5185916,41.0717871],[-8.5186507,41.07207],[-8.5187034,41.0721984],[-8.5187502,41.0722945],[-8.5188078,41.0724175],[-8.5193953,41.0741658],[-8.5193965,41.0741693],[-8.517154,41.0755127],[-8.5171259,41.0755295]]]}},{"type":"Feature","properties":{"nome":"Oliveira do Douro","municipio":"Vila Nova de Gaia","municipio_short":"VNG","dicofre":"131712","area_km2":7.54,"area_ha":753.62,"populacao":13572,"populacao_fonte":"estimated","densidade":1800,"num_escolas":4,"num_parques":1,"area_verde_m2":122148,"comboios_ativos":1,"camara_nome":"Câmara Municipal de Vila Nova de Gaia","camara_email":"geral@cm-gaia.pt","camara_url":"https://www.cm-gaia.pt","escudo_url":null,"cor_principal":"#5A3463","centroide":[-8.584110218895345,41.11936944447678],"_todo":["Replace estimated populacao with real INE 2021 BGRI","Add real num_escolas (Censo + DGEEC)","Add real area_verde_m2 (Câmara dataset)","Add real comboios_ativos (Bicis Sapiens registry)","Add escudo_url (Wikimedia Commons SVG)","Verify cor_principal against actual heraldic blazon"]},"geometry":{"type":"Polygon","coordinates":[[[-8.5864078,41.1410776],[-8.5867128,41.1408703],[-8.5873847,41.1403992],[-8.5877518,41.1402678],[-8.5889949,41.1396367],[-8.5901072,41.1392081],[-8.5901438,41.1391959],[-8.5915286,41.1387272],[-8.5941835,41.1383507],[-8.5951267,41.1386908],[-8.5964645,41.1394367],[-8.597029,41.1398319],[-8.5977931,41.1394119],[-8.599017,41.1387411],[-8.5993193,41.138546],[-8.5995138,41.1384009],[-8.5996427,41.1383131],[-8.5999505,41.1380294],[-8.6002538,41.1376923],[-8.6005046,41.1374177],[-8.6007404,41.1371267],[-8.6010082,41.1368203],[-8.6015977,41.1361606],[-8.6018513,41.1358742],[-8.6020556,41.1356579],[-8.6022963,41.1354133],[-8.6025001,41.135254],[-8.6025946,41.1351771],[-8.6027182,41.1350677],[-8.6031418,41.1348191],[-8.6035682,41.1346247],[-8.6038984,41.1344981],[-8.604008,41.1344644],[-8.6042195,41.13407],[-8.604322,41.1340096],[-8.6041825,41.1331019],[-8.604236,41.1329715],[-8.6041085,41.132941],[-8.6036986,41.1328296],[-8.6036177,41.1327177],[-8.6039348,41.1322692],[-8.603855,41.132256],[-8.6037753,41.1322283],[-8.6036648,41.1321648],[-8.6034642,41.1320072],[-8.603294,41.1318106],[-8.603235,41.1317352],[-8.6030933,41.1315991],[-8.6031246,41.1314301],[-8.6030265,41.1313675],[-8.6030331,41.1311801],[-8.6030636,41.1310032],[-8.6028471,41.1309731],[-8.6027504,41.1309682],[-8.6026288,41.1309467],[-8.6025398,41.1309015],[-8.602487,41.1308165],[-8.6022671,41.130776],[-8.6022128,41.1307329],[-8.6000281,41.1303793],[-8.5991934,41.1303206],[-8.597765,41.1302724],[-8.597395,41.1302724],[-8.5969252,41.1302313],[-8.5961907,41.1300843],[-8.5957141,41.1284073],[-8.5958687,41.1272441],[-8.595828,41.1266286],[-8.5956432,41.126259],[-8.5955164,41.1256304],[-8.5954625,41.1252679],[-8.5958947,41.1232496],[-8.5967059,41.1217055],[-8.5967032,41.1216537],[-8.5966783,41.1208037],[-8.5967137,41.1192972],[-8.5967735,41.1182471],[-8.5968011,41.117913],[-8.5968217,41.1176967],[-8.5968454,41.1174787],[-8.5968134,41.11736],[-8.5967786,41.1171928],[-8.5966497,41.1163703],[-8.5966074,41.1157078],[-8.5965626,41.1148427],[-8.5964033,41.1135973],[-8.5959121,41.1108169],[-8.5957085,41.1105468],[-8.5956278,41.1103468],[-8.5955397,41.1101423],[-8.5953006,41.1096255],[-8.59515,41.1093208],[-8.5950052,41.1090477],[-8.5948516,41.1087394],[-8.5947069,41.1085339],[-8.5945105,41.1083581],[-8.594337,41.1081215],[-8.5938717,41.1077866],[-8.5934703,41.1074781],[-8.592721,41.1068641],[-8.5918421,41.1061185],[-8.5913183,41.1056757],[-8.5902171,41.1047604],[-8.5900543,41.1046273],[-8.5899358,41.1045204],[-8.5897682,41.1043837],[-8.5896646,41.1042989],[-8.5895183,41.1044145],[-8.589324,41.1046674],[-8.5888122,41.1053883],[-8.5883279,41.1059992],[-8.5876886,41.1068636],[-8.5875461,41.1071115],[-8.5867938,41.1074588],[-8.5865643,41.1078798],[-8.5860206,41.1081057],[-8.5860011,41.1081444],[-8.5859228,41.108372],[-8.5858907,41.1085055],[-8.5858913,41.1085818],[-8.5859025,41.1086217],[-8.5859452,41.108694],[-8.5860335,41.1087705],[-8.5860947,41.1088145],[-8.5861796,41.1088545],[-8.5862328,41.1088777],[-8.5863011,41.1089017],[-8.5863562,41.108915],[-8.5864151,41.1089266],[-8.5865358,41.1089435],[-8.5865749,41.1089498],[-8.5865807,41.1089762],[-8.586555,41.1089943],[-8.5864937,41.1090065],[-8.5863595,41.1090188],[-8.5863149,41.109019],[-8.586108,41.1090156],[-8.5859786,41.1090093],[-8.58587,41.10899],[-8.5857485,41.108928],[-8.5856361,41.1088508],[-8.5855956,41.108844],[-8.5855607,41.1088455],[-8.5855499,41.1088692],[-8.585553,41.1088866],[-8.5855816,41.1089371],[-8.585711,41.1090639],[-8.5857729,41.10911],[-8.5858403,41.109148],[-8.5860364,41.1091937],[-8.5860868,41.1092145],[-8.586098,41.109257],[-8.5860925,41.1092823],[-8.5860258,41.1092953],[-8.5858412,41.1092749],[-8.5857008,41.1092417],[-8.5855944,41.1092123],[-8.5853138,41.1090907],[-8.5852648,41.1090785],[-8.5852227,41.1090871],[-8.5852063,41.1091122],[-8.5852133,41.1091462],[-8.5852586,41.1091967],[-8.5854781,41.1093905],[-8.5855568,41.109437],[-8.5857547,41.1095392],[-8.5857677,41.1095642],[-8.5857603,41.109585],[-8.5857329,41.1096018],[-8.5856889,41.1096019],[-8.5856046,41.109589],[-8.5854849,41.1095641],[-8.5852943,41.1095182],[-8.5850359,41.1094365],[-8.584712,41.109335],[-8.5845944,41.1093161],[-8.5845266,41.1093204],[-8.5844788,41.1093289],[-8.5844473,41.1093398],[-8.5843311,41.1092755],[-8.5842588,41.1092313],[-8.5841667,41.1091648],[-8.5840846,41.1091009],[-8.5840325,41.1091605],[-8.5840067,41.1092225],[-8.5839588,41.1093687],[-8.5839397,41.1094676],[-8.5839248,41.1096671],[-8.5838103,41.1096625],[-8.5836314,41.1096494],[-8.583182,41.1096149],[-8.583026,41.1096085],[-8.5828783,41.1096056],[-8.582862,41.1096916],[-8.5828792,41.1099169],[-8.5828954,41.1101014],[-8.5827277,41.1101417],[-8.5816643,41.1113768],[-8.5820756,41.1117956],[-8.5817144,41.1120337],[-8.5807825,41.1125489],[-8.5806112,41.1127074],[-8.5789809,41.1117014],[-8.5775185,41.1125515],[-8.5774963,41.1125645],[-8.5774248,41.112632],[-8.577366,41.1126671],[-8.5772966,41.1127237],[-8.5772271,41.1127535],[-8.5771487,41.1127836],[-8.5770533,41.1128664],[-8.5769317,41.1129263],[-8.5768141,41.1129498],[-8.5767049,41.1129369],[-8.5765912,41.1129012],[-8.5765217,41.1129342],[-8.5763454,41.1130522],[-8.5762576,41.1131294],[-8.576162,41.1131987],[-8.5760463,41.113272],[-8.5759546,41.1133338],[-8.5755087,41.1132338],[-8.5751966,41.1136057],[-8.575097,41.1136603],[-8.5750497,41.1136963],[-8.5750167,41.1137397],[-8.5749853,41.1137984],[-8.5749168,41.1139388],[-8.5748408,41.1139607],[-8.5746221,41.1139292],[-8.5745564,41.1140626],[-8.5739807,41.1144913],[-8.5738225,41.1145657],[-8.573538,41.1146883],[-8.5732819,41.1147946],[-8.5730578,41.1148548],[-8.5729121,41.1148796],[-8.5727057,41.1149234],[-8.5725528,41.114951],[-8.57241,41.1149665],[-8.5723326,41.1150138],[-8.5721875,41.1151434],[-8.5721416,41.1152055],[-8.5720044,41.1154072],[-8.5718368,41.1156002],[-8.5717432,41.1157003],[-8.5717013,41.1157336],[-8.5716424,41.1157605],[-8.5715833,41.1158773],[-8.5715546,41.1159804],[-8.5714675,41.1160063],[-8.571327,41.1160485],[-8.5713025,41.1161938],[-8.5713008,41.1162678],[-8.5712796,41.1165037],[-8.5712856,41.1166618],[-8.5713097,41.116857],[-8.5713494,41.117049],[-8.5713602,41.117144],[-8.5713652,41.1172007],[-8.5713876,41.1173215],[-8.5713439,41.1173673],[-8.5713345,41.1174548],[-8.5713601,41.1175196],[-8.5714944,41.1176353],[-8.5715907,41.117732],[-8.5716116,41.117795],[-8.571683,41.1179377],[-8.5718007,41.1182003],[-8.5718128,41.118507],[-8.5718167,41.1187],[-8.5717217,41.1188256],[-8.5715581,41.118874],[-8.571344,41.1188805],[-8.5711651,41.1188832],[-8.570582,41.1189155],[-8.5705775,41.1191026],[-8.5705335,41.1193901],[-8.5705118,41.1195947],[-8.570484,41.1197603],[-8.5704564,41.1199168],[-8.5704167,41.1200213],[-8.5703944,41.1200954],[-8.5703833,41.1201739],[-8.5704413,41.1202477],[-8.5705225,41.1203343],[-8.5705518,41.1204082],[-8.5705235,41.1204866],[-8.5704495,41.1205999],[-8.5703752,41.1206875],[-8.5703011,41.1207876],[-8.5702096,41.1208665],[-8.5701006,41.1209322],[-8.5700781,41.121028],[-8.5701305,41.1210973],[-8.5703266,41.1211706],[-8.5705516,41.1212436],[-8.5705923,41.1213175],[-8.5705295,41.1213872],[-8.5704038,41.1215096],[-8.5703527,41.1216316],[-8.5703481,41.1218016],[-8.570349,41.1219364],[-8.5703267,41.1220192],[-8.5702117,41.122063],[-8.5700548,41.1220469],[-8.5695272,41.1221049],[-8.5694587,41.1221877],[-8.5694309,41.122301],[-8.569426,41.1224401],[-8.5693982,41.1226015],[-8.5693585,41.1227015],[-8.5692211,41.1228064],[-8.5691644,41.1229113],[-8.5691476,41.1230025],[-8.569258,41.1231546],[-8.5694147,41.1233411],[-8.5698311,41.1236527],[-8.5700915,41.1238692],[-8.5704268,41.1241161],[-8.570341,41.1242611],[-8.5688324,41.1261925],[-8.5699631,41.1277653],[-8.571211,41.1300676],[-8.5717036,41.131432],[-8.5717208,41.1315006],[-8.5721632,41.1332584],[-8.5725743,41.1343907],[-8.5729599,41.1354616],[-8.5732312,41.1361074],[-8.5737582,41.1371411],[-8.5745101,41.1383537],[-8.5745169,41.1383644],[-8.5750988,41.139199],[-8.5757632,41.1399579],[-8.5769489,41.1413123],[-8.577905,41.1418913],[-8.5791378,41.1422005],[-8.5801802,41.142358],[-8.5820928,41.1424239],[-8.5830602,41.142365],[-8.5839702,41.1422838],[-8.5849783,41.1421532],[-8.5857883,41.1414986],[-8.5864078,41.1410776]]]}},{"type":"Feature","properties":{"nome":"Pedroso","municipio":"Vila Nova de Gaia","municipio_short":"VNG","dicofre":"131738","area_km2":19.43,"area_ha":1943.05,"populacao":34974,"populacao_fonte":"estimated","densidade":1800,"num_escolas":11,"num_parques":4,"area_verde_m2":279792,"comboios_ativos":4,"camara_nome":"Câmara Municipal de Vila Nova de Gaia","camara_email":"geral@cm-gaia.pt","camara_url":"https://www.cm-gaia.pt","escudo_url":null,"cor_principal":"#A88838","centroide":[-8.551267619184289,41.07054625332325],"_todo":["Replace estimated populacao with real INE 2021 BGRI","Add real num_escolas (Censo + DGEEC)","Add real area_verde_m2 (Câmara dataset)","Add real comboios_ativos (Bicis Sapiens registry)","Add escudo_url (Wikimedia Commons SVG)","Verify cor_principal against actual heraldic blazon"]},"geometry":{"type":"Polygon","coordinates":[[[-8.5497196,41.0394501],[-8.5497219,41.0394714],[-8.5498663,41.0410596],[-8.5499208,41.0416973],[-8.5501285,41.0431254],[-8.5501353,41.0431394],[-8.5504027,41.043706],[-8.5504536,41.0438062],[-8.5505003,41.0438753],[-8.5505653,41.043959],[-8.5505685,41.0439631],[-8.5503107,41.0441019],[-8.5501256,41.0442033],[-8.5501049,41.0442147],[-8.5500016,41.0443889],[-8.5497644,41.0451015],[-8.5497429,41.045227],[-8.5497469,41.0453342],[-8.5497364,41.0456407],[-8.5497493,41.0458449],[-8.5497504,41.045861],[-8.5496621,41.0458724],[-8.5496427,41.0458749],[-8.5494961,41.0462847],[-8.5494943,41.0462896],[-8.5490779,41.0465447],[-8.5481512,41.0471898],[-8.5481353,41.0472008],[-8.5468072,41.0483652],[-8.5465372,41.0487292],[-8.5457901,41.0498315],[-8.5459221,41.0503146],[-8.5459278,41.0503352],[-8.5446963,41.0502905],[-8.5442428,41.0504668],[-8.5442052,41.0503468],[-8.5442039,41.0503429],[-8.5438863,41.0506498],[-8.5436507,41.0508547],[-8.5432562,41.0512258],[-8.5426993,41.0517431],[-8.5426751,41.0517656],[-8.5425102,41.0513781],[-8.5421077,41.0514791],[-8.5420268,41.051336],[-8.5419369,41.0513478],[-8.5414599,41.0513666],[-8.5411233,41.0513966],[-8.5409575,41.0514183],[-8.5408298,41.0514449],[-8.5407745,41.0514659],[-8.540633,41.0515253],[-8.5405779,41.0515347],[-8.5405329,41.0515256],[-8.5404913,41.0515088],[-8.5403417,41.0513642],[-8.5401435,41.0511749],[-8.5399886,41.0510121],[-8.5398858,41.050888],[-8.5374578,41.051494],[-8.5356292,41.0519604],[-8.5356168,41.0519636],[-8.5355607,41.0520333],[-8.535551,41.0520455],[-8.5353583,41.0521354],[-8.5353548,41.052137],[-8.5351976,41.0522645],[-8.5350762,41.0524579],[-8.5349486,41.0526855],[-8.5348657,41.052869],[-8.534802,41.0530059],[-8.5347447,41.0531406],[-8.5347039,41.0533409],[-8.534672,41.0533728],[-8.534632,41.0534069],[-8.5346142,41.0534219],[-8.5345532,41.0534565],[-8.5344208,41.0534617],[-8.5342884,41.0534915],[-8.5341616,41.0535932],[-8.5340411,41.0537025],[-8.5340292,41.0537902],[-8.5340171,41.0539077],[-8.5340274,41.0540198],[-8.5340439,41.054093],[-8.5340809,41.0541663],[-8.5340834,41.0542149],[-8.5340812,41.0544007],[-8.5340816,41.0544592],[-8.5340856,41.0545692],[-8.534042,41.0547874],[-8.5339519,41.0550785],[-8.5339194,41.0553442],[-8.5339366,41.0555467],[-8.5340093,41.0558225],[-8.5339689,41.0560621],[-8.5339537,41.056233],[-8.5338929,41.0563497],[-8.5338835,41.0563677],[-8.5335965,41.0563954],[-8.5333176,41.0565008],[-8.533088,41.0566347],[-8.5327949,41.056833],[-8.5326842,41.0569101],[-8.5326609,41.0569263],[-8.532597,41.0570219],[-8.5324782,41.0571565],[-8.5324729,41.0573129],[-8.5325194,41.0574605],[-8.532585,41.0575838],[-8.5326909,41.0577157],[-8.5327773,41.0577984],[-8.532801,41.0578287],[-8.5329186,41.0579572],[-8.5329972,41.0580424],[-8.5329539,41.0581073],[-8.53289,41.0581787],[-8.5328036,41.0582519],[-8.5325701,41.0584556],[-8.5324716,41.0586076],[-8.5323979,41.0587216],[-8.5323498,41.0588399],[-8.532348,41.059094],[-8.5322322,41.0594416],[-8.5320869,41.0596517],[-8.5319569,41.0597692],[-8.5319424,41.0597823],[-8.5317495,41.0598947],[-8.5316382,41.0599677],[-8.5316145,41.0599832],[-8.5315857,41.0600443],[-8.5315991,41.0601101],[-8.5315904,41.0602739],[-8.5315858,41.0605841],[-8.5315969,41.0608089],[-8.5317342,41.0611063],[-8.5317456,41.0614017],[-8.5316736,41.061766],[-8.5316011,41.0620299],[-8.5314765,41.0622479],[-8.5314144,41.0623033],[-8.5313995,41.0623165],[-8.5313636,41.0623376],[-8.5313357,41.0623539],[-8.5314328,41.0624897],[-8.5314726,41.062668],[-8.5315284,41.0628411],[-8.5315904,41.0629338],[-8.5316748,41.0630166],[-8.531798,41.0631137],[-8.5320604,41.0632862],[-8.5321029,41.0633643],[-8.5320905,41.0634377],[-8.5320424,41.0635086],[-8.5320946,41.0636062],[-8.5322127,41.0638382],[-8.5322287,41.0639061],[-8.532233,41.0640771],[-8.5321343,41.0643071],[-8.5320285,41.0644076],[-8.5318679,41.0645325],[-8.5317651,41.0646307],[-8.5317141,41.0647165],[-8.5317081,41.0648043],[-8.5317248,41.0648945],[-8.5317602,41.0649971],[-8.5318943,41.0651528],[-8.5320878,41.0653375],[-8.532104,41.0654627],[-8.5321201,41.0655722],[-8.5321081,41.0656841],[-8.532069,41.0658148],[-8.5320296,41.0659597],[-8.5320092,41.0660224],[-8.5320044,41.0660889],[-8.5319896,41.0661711],[-8.5319594,41.0663237],[-8.5319237,41.0664178],[-8.5318677,41.066539],[-8.5318372,41.0666331],[-8.531807,41.0667466],[-8.5317814,41.0668593],[-8.5317721,41.0669854],[-8.5317419,41.067087],[-8.531691,41.0672203],[-8.531604,41.0673731],[-8.5315092,41.0675003],[-8.5316366,41.0675666],[-8.5317476,41.0676065],[-8.5318871,41.0677911],[-8.5320636,41.0680136],[-8.5321699,41.0680935],[-8.5321983,41.0681946],[-8.532342,41.0683128],[-8.5324389,41.0684757],[-8.5325468,41.068654],[-8.5327417,41.0688244],[-8.5328295,41.0688728],[-8.5329033,41.0688691],[-8.5330869,41.0687428],[-8.5331747,41.0687706],[-8.5334061,41.0689509],[-8.5335551,41.0691634],[-8.5337089,41.0694246],[-8.5338106,41.0694836],[-8.5339509,41.0695282],[-8.5341105,41.0695279],[-8.5342994,41.0694993],[-8.5344422,41.0694532],[-8.5346311,41.0694388],[-8.5348342,41.0694938],[-8.5350189,41.0695568],[-8.5351252,41.0695733],[-8.5352955,41.0695378],[-8.5354929,41.0696499],[-8.5357671,41.0697489],[-8.5359091,41.0697504],[-8.5361271,41.0698103],[-8.5364312,41.0697884],[-8.5365978,41.0698926],[-8.5367182,41.0699653],[-8.5368615,41.0700137],[-8.5369634,41.0701144],[-8.5372223,41.0702218],[-8.5373889,41.0703118],[-8.5374726,41.0704303],[-8.5374823,41.0705138],[-8.5374967,41.0706038],[-8.5373911,41.0706782],[-8.5372116,41.0707278],[-8.5369218,41.0707803],[-8.5369169,41.0707812],[-8.5367724,41.0709117],[-8.5367655,41.0709179],[-8.5366232,41.0710194],[-8.5364646,41.0711126],[-8.536444,41.0711247],[-8.5363434,41.0712751],[-8.5362385,41.0714536],[-8.5363029,41.0715749],[-8.5362888,41.0718324],[-8.5362843,41.0720839],[-8.5362758,41.0722454],[-8.5363497,41.0722975],[-8.5364424,41.0723391],[-8.5364702,41.0723772],[-8.5365404,41.0725585],[-8.5367306,41.0727394],[-8.5368744,41.0728714],[-8.5370548,41.0729754],[-8.5373074,41.0730795],[-8.5373729,41.0731451],[-8.5375871,41.0734196],[-8.5375895,41.0734226],[-8.5374103,41.0735287],[-8.5372829,41.0736035],[-8.537018,41.0737462],[-8.5367659,41.0738828],[-8.5365491,41.0739899],[-8.5364378,41.0740421],[-8.5362497,41.0741623],[-8.5361683,41.0742192],[-8.5361543,41.074229],[-8.5360631,41.0743058],[-8.5360465,41.0743198],[-8.5359374,41.0743874],[-8.5358238,41.0744539],[-8.5356557,41.0745111],[-8.5355032,41.0745536],[-8.5353467,41.0745932],[-8.5352019,41.074635],[-8.5350114,41.0747109],[-8.5348121,41.0748112],[-8.5346502,41.0748733],[-8.5345153,41.0749265],[-8.5343899,41.0749595],[-8.5342066,41.0749869],[-8.5340513,41.0749999],[-8.5339093,41.0750037],[-8.5337953,41.0749963],[-8.5336471,41.0749698],[-8.5335421,41.0749679],[-8.5334104,41.0749624],[-8.5333002,41.0749406],[-8.5332789,41.0749364],[-8.5332384,41.0751672],[-8.5332191,41.0753845],[-8.5332205,41.0756175],[-8.5332331,41.0757261],[-8.5332667,41.0759085],[-8.5332954,41.0760013],[-8.5333595,41.0761263],[-8.5334585,41.0763468],[-8.5336009,41.0765949],[-8.5337352,41.0768138],[-8.5338817,41.0770407],[-8.5341073,41.0773983],[-8.5341986,41.0775345],[-8.5343881,41.077824],[-8.5345615,41.0781045],[-8.5346946,41.0783246],[-8.5347892,41.078528],[-8.5348554,41.0787138],[-8.5349006,41.0788545],[-8.5349192,41.0789856],[-8.5349241,41.0790801],[-8.5349184,41.0793278],[-8.5349042,41.0794347],[-8.5348768,41.0795538],[-8.5348556,41.0796001],[-8.5348266,41.079664],[-8.5347222,41.0798572],[-8.534584,41.0800644],[-8.5344366,41.0802664],[-8.5342731,41.0804631],[-8.5341004,41.0806571],[-8.5339201,41.0808611],[-8.5337404,41.0810736],[-8.5335955,41.0812821],[-8.5335707,41.0813262],[-8.5335605,41.0813444],[-8.5328864,41.0814042],[-8.5327166,41.0814526],[-8.5324271,41.0815656],[-8.5322448,41.0816332],[-8.5321505,41.0816501],[-8.5318354,41.081687],[-8.5315241,41.0817303],[-8.5312115,41.0817634],[-8.5309504,41.0817879],[-8.5308835,41.081792],[-8.530858,41.0817936],[-8.5308576,41.081901],[-8.5308287,41.0820711],[-8.5307705,41.0822863],[-8.5307373,41.0824729],[-8.5307334,41.0824946],[-8.5307338,41.0825123],[-8.5307329,41.0828627],[-8.5307438,41.0830075],[-8.5307732,41.083698],[-8.5307956,41.0840639],[-8.530805,41.0843993],[-8.5307971,41.084739],[-8.530781,41.0849811],[-8.5307784,41.0854025],[-8.530802,41.0855453],[-8.5308306,41.0856845],[-8.5309229,41.0859493],[-8.5310457,41.0862558],[-8.5311405,41.0865166],[-8.5312869,41.0869489],[-8.5314049,41.0873255],[-8.5315906,41.0879909],[-8.531747,41.0884195],[-8.5319806,41.0887535],[-8.532158,41.0889676],[-8.5323687,41.089159],[-8.5326451,41.0893395],[-8.5329613,41.0895123],[-8.533317,41.0896762],[-8.5335697,41.0897631],[-8.5340341,41.0898898],[-8.5344906,41.0900098],[-8.5346771,41.0900339],[-8.5348787,41.0900256],[-8.5350324,41.0900155],[-8.5353379,41.090022],[-8.5355681,41.0901585],[-8.5360079,41.0903723],[-8.5362253,41.0904633],[-8.536562,41.0905904],[-8.5365746,41.090706],[-8.5366105,41.0907936],[-8.5366939,41.0908561],[-8.5370356,41.0910896],[-8.5382861,41.0919833],[-8.5393844,41.0914139],[-8.5397929,41.0915368],[-8.5417928,41.0921214],[-8.5427067,41.0923776],[-8.5440628,41.0927712],[-8.544618,41.0929273],[-8.5454402,41.0931543],[-8.5467307,41.0931806],[-8.5475796,41.0931657],[-8.5503292,41.0923271],[-8.5503421,41.0922313],[-8.5506333,41.0923184],[-8.5508583,41.0923789],[-8.5514307,41.0924916],[-8.5519534,41.0925679],[-8.5520362,41.092596],[-8.5540023,41.0937256],[-8.554157,41.0937186],[-8.5545833,41.0935873],[-8.5547317,41.0935178],[-8.5549284,41.0933863],[-8.5551335,41.0930889],[-8.5553423,41.0930102],[-8.5557252,41.0928169],[-8.5558014,41.0926728],[-8.5558299,41.0925736],[-8.5556125,41.0923924],[-8.5554586,41.0924135],[-8.5551218,41.0922347],[-8.5548648,41.0920719],[-8.5546462,41.0920203],[-8.5543297,41.0916219],[-8.554121,41.091556],[-8.5535703,41.091448],[-8.5533015,41.0912537],[-8.5531427,41.0909707],[-8.5528643,41.0904621],[-8.552822,41.0903497],[-8.5527599,41.0902366],[-8.5527085,41.0901295],[-8.5526695,41.0900262],[-8.5526105,41.0899344],[-8.5528409,41.0898418],[-8.5532053,41.0896117],[-8.5533178,41.0895645],[-8.5537818,41.0894349],[-8.5549085,41.0889726],[-8.5556264,41.0887735],[-8.556041,41.0886488],[-8.5565049,41.088582],[-8.556648,41.0885159],[-8.5568546,41.0884601],[-8.5570704,41.0883838],[-8.5572617,41.08831],[-8.5579805,41.0881804],[-8.5613237,41.0876323],[-8.5665224,41.0868907],[-8.5674404,41.0868954],[-8.5685553,41.0870513],[-8.5698035,41.0872123],[-8.5706727,41.0873252],[-8.5709878,41.0873412],[-8.5710816,41.0873568],[-8.571213,41.0873949],[-8.5714198,41.0874771],[-8.5715994,41.0875392],[-8.5718327,41.0876115],[-8.5720476,41.0877077],[-8.5722243,41.0877639],[-8.5725757,41.0878455],[-8.573091,41.0879013],[-8.5738617,41.0879999],[-8.5748,41.0884186],[-8.5756454,41.0887857],[-8.5757818,41.0888265],[-8.5769837,41.0891873],[-8.5777425,41.0894365],[-8.578002,41.0896262],[-8.578536,41.0899016],[-8.5788397,41.0901301],[-8.5789168,41.0902512],[-8.5790353,41.0905533],[-8.579148,41.0909798],[-8.5792611,41.0914197],[-8.5793823,41.0918118],[-8.5795357,41.0921893],[-8.5797473,41.0926179],[-8.5799024,41.0929099],[-8.5800548,41.0930931],[-8.5803284,41.0933514],[-8.5806582,41.0936255],[-8.5809882,41.09386],[-8.5813292,41.0940183],[-8.5815913,41.0940991],[-8.5819577,41.0941698],[-8.5823146,41.094242],[-8.5827307,41.0943116],[-8.5832517,41.0943807],[-8.5836172,41.0944064],[-8.5839259,41.0943852],[-8.5842508,41.0944263],[-8.5846849,41.0944741],[-8.5850389,41.094497],[-8.5853208,41.0945238],[-8.5856631,41.0945297],[-8.5860567,41.0944814],[-8.5863673,41.0943784],[-8.5867896,41.0941994],[-8.5870953,41.0940279],[-8.5873972,41.0937953],[-8.5875036,41.0936764],[-8.588091,41.09238],[-8.5878862,41.0920907],[-8.5877448,41.0918625],[-8.5876289,41.091675],[-8.5875271,41.0914897],[-8.5877094,41.0912449],[-8.5878257,41.0911167],[-8.5879932,41.0909624],[-8.5881538,41.0907612],[-8.5882392,41.090641],[-8.5884064,41.0904343],[-8.5884952,41.090322],[-8.5885567,41.0902644],[-8.5896759,41.0918936],[-8.5897441,41.0920005],[-8.5898343,41.0921369],[-8.5899921,41.0922038],[-8.5901374,41.0921647],[-8.590253,41.0920804],[-8.5904051,41.091933],[-8.590621,41.0917925],[-8.5907022,41.091723],[-8.5911585,41.0919451],[-8.5913161,41.0919884],[-8.5914033,41.0919936],[-8.5916094,41.0919278],[-8.5929743,41.091188],[-8.5923727,41.0905565],[-8.5928263,41.0903645],[-8.5929463,41.0903052],[-8.5931293,41.0901952],[-8.5934578,41.089986],[-8.5934255,41.0899206],[-8.5933797,41.0898322],[-8.5933547,41.0897627],[-8.5933194,41.0896819],[-8.5932486,41.0894671],[-8.5928527,41.08955],[-8.591468,41.0879534],[-8.591045,41.087506],[-8.5904181,41.0865909],[-8.5900957,41.0861671],[-8.5885224,41.0838746],[-8.5881508,41.0834898],[-8.5875114,41.0828431],[-8.5873856,41.0826682],[-8.5872271,41.0824356],[-8.5870439,41.0821037],[-8.5868666,41.081747],[-8.5866304,41.0812601],[-8.5865635,41.0811773],[-8.5865193,41.0810677],[-8.5863675,41.0807889],[-8.5861921,41.0804002],[-8.5860609,41.0797757],[-8.5858853,41.0791157],[-8.5858175,41.0788697],[-8.585794,41.0787701],[-8.5857858,41.0786834],[-8.5857726,41.0786354],[-8.5857697,41.0785625],[-8.5857233,41.0784972],[-8.5856387,41.078388],[-8.5856788,41.0782876],[-8.585696,41.0781857],[-8.5853173,41.0781841],[-8.584332,41.0772237],[-8.5811834,41.0741477],[-8.5806686,41.073648],[-8.5823534,41.0722296],[-8.5828142,41.0719901],[-8.5822671,41.0714401],[-8.581763,41.0708952],[-8.5814275,41.0704946],[-8.5795167,41.0682586],[-8.5792161,41.0678667],[-8.5788992,41.0675258],[-8.5786654,41.0673674],[-8.5783528,41.0672713],[-8.5781478,41.0672316],[-8.578192,41.0670136],[-8.5781434,41.0669345],[-8.5780789,41.0668807],[-8.5778867,41.0667787],[-8.5777944,41.066716],[-8.5777003,41.066558],[-8.5776253,41.0663484],[-8.5775957,41.0661929],[-8.5775844,41.0661181],[-8.5774657,41.0660179],[-8.5773332,41.0658661],[-8.5771131,41.0656156],[-8.5769701,41.0654381],[-8.5768985,41.0653086],[-8.5769071,41.0652257],[-8.5768861,41.0651475],[-8.576876,41.0651008],[-8.5768577,41.0650413],[-8.5768337,41.0649558],[-8.5767666,41.0649146],[-8.5766481,41.0647449],[-8.576583,41.0645454],[-8.5764561,41.0640993],[-8.5763525,41.0637252],[-8.576283,41.0634543],[-8.5762613,41.0633544],[-8.5762383,41.0632493],[-8.5761475,41.0629661],[-8.575945,41.0567268],[-8.5755831,41.0564319],[-8.5737495,41.0550327],[-8.5727216,41.0542586],[-8.5708358,41.0532123],[-8.5697334,41.0526051],[-8.5684482,41.0519062],[-8.5663357,41.051425],[-8.5663266,41.0513152],[-8.5662746,41.0508422],[-8.5662425,41.0505614],[-8.5662127,41.0501305],[-8.5661183,41.04935],[-8.566081,41.0490603],[-8.5660527,41.0488705],[-8.5660164,41.0487237],[-8.5659923,41.0486279],[-8.5659767,41.0485747],[-8.565892,41.0483576],[-8.5658492,41.0482685],[-8.5657317,41.0480171],[-8.5655317,41.0476239],[-8.5649349,41.0464154],[-8.5642514,41.0450443],[-8.5645106,41.0447982],[-8.564692,41.0445693],[-8.5647959,41.044397],[-8.5648579,41.0442507],[-8.5648962,41.0441099],[-8.5649654,41.0434344],[-8.5649852,41.0432241],[-8.5649892,41.0429644],[-8.5649618,41.0427771],[-8.5648011,41.0422076],[-8.5645707,41.041485],[-8.5643733,41.0409649],[-8.5643516,41.0409155],[-8.5641769,41.040624],[-8.5639751,41.0403006],[-8.5637836,41.0399755],[-8.5636527,41.0397635],[-8.5633168,41.0393589],[-8.5631507,41.0391819],[-8.5630683,41.0391919],[-8.5571255,41.0399091],[-8.5562007,41.0397792],[-8.5561664,41.0397717],[-8.5560877,41.0397239],[-8.5557107,41.0397103],[-8.5553828,41.039682],[-8.5552505,41.0396492],[-8.5540983,41.0396909],[-8.5534276,41.0396956],[-8.5528326,41.0395625],[-8.5525045,41.0395105],[-8.5522448,41.0394904],[-8.5516524,41.0394492],[-8.5515704,41.039425],[-8.5514608,41.0393691],[-8.5512074,41.0393304],[-8.5510087,41.0393143],[-8.5508495,41.0393163],[-8.5506923,41.0393564],[-8.549754,41.0392935],[-8.5497303,41.0392923],[-8.5497026,41.0392909],[-8.5497196,41.0394501]]]}},{"type":"Feature","properties":{"nome":"Perosinho","municipio":"Vila Nova de Gaia","municipio_short":"VNG","dicofre":"131739","area_km2":5.29,"area_ha":529.2,"populacao":9522,"populacao_fonte":"estimated","densidade":1800,"num_escolas":3,"num_parques":1,"area_verde_m2":85698,"comboios_ativos":4,"camara_nome":"Câmara Municipal de Vila Nova de Gaia","camara_email":"geral@cm-gaia.pt","camara_url":"https://www.cm-gaia.pt","escudo_url":null,"cor_principal":"#3D5C4A","centroide":[-8.586382286055771,41.05559914103583],"_todo":["Replace estimated populacao with real INE 2021 BGRI","Add real num_escolas (Censo + DGEEC)","Add real area_verde_m2 (Câmara dataset)","Add real comboios_ativos (Bicis Sapiens registry)","Add escudo_url (Wikimedia Commons SVG)","Verify cor_principal against actual heraldic blazon"]},"geometry":{"type":"Polygon","coordinates":[[[-8.5968963,41.0456818],[-8.5968121,41.0457257],[-8.5966981,41.0457743],[-8.596588,41.0458226],[-8.5960437,41.0461095],[-8.5957842,41.0462341],[-8.5956463,41.046307],[-8.5955325,41.0463697],[-8.5953996,41.046434],[-8.595284,41.0464956],[-8.5952214,41.0465203],[-8.5951182,41.0465286],[-8.5949824,41.046557],[-8.5948044,41.0465782],[-8.5946017,41.0465819],[-8.5944299,41.0465955],[-8.5943296,41.0466086],[-8.5942114,41.0466248],[-8.5941409,41.0466434],[-8.5940568,41.046673],[-8.5938407,41.0467709],[-8.5937911,41.0468012],[-8.5937408,41.0468419],[-8.5935854,41.0469239],[-8.5934001,41.0470141],[-8.5931624,41.0471431],[-8.5927487,41.0473696],[-8.5926456,41.0474477],[-8.5925733,41.0474944],[-8.5924339,41.0475659],[-8.592325,41.0476414],[-8.5918772,41.0479058],[-8.5902039,41.049039],[-8.5898341,41.0493183],[-8.5895477,41.0495273],[-8.587392,41.0510022],[-8.5873587,41.051076],[-8.587347,41.0511408],[-8.5872388,41.0512668],[-8.587144,41.0513225],[-8.5871951,41.0514126],[-8.5871533,41.051421],[-8.5870965,41.0514302],[-8.5868294,41.0514913],[-8.586279,41.051638],[-8.5856107,41.0518022],[-8.5853584,41.05186],[-8.5851048,41.0519224],[-8.5849898,41.0519513],[-8.5847997,41.0520074],[-8.5845524,41.0520967],[-8.5844258,41.05215],[-8.5841868,41.0523128],[-8.5839057,41.0525066],[-8.5835736,41.0527426],[-8.5832835,41.0529821],[-8.5830738,41.0530946],[-8.5829659,41.0529664],[-8.5829205,41.0528575],[-8.5825508,41.0521473],[-8.5822026,41.0514855],[-8.5821054,41.0512963],[-8.5819328,41.0513754],[-8.5762327,41.049842],[-8.5718533,41.0487575],[-8.5715033,41.0486787],[-8.5714704,41.0484416],[-8.5714763,41.04804],[-8.5715202,41.0475897],[-8.5715325,41.0471175],[-8.5715016,41.0467152],[-8.5714224,41.046343],[-8.5713691,41.0460581],[-8.5713165,41.04589],[-8.5712529,41.0456381],[-8.5711033,41.0456829],[-8.5709972,41.0457179],[-8.5707862,41.045788],[-8.5707476,41.0458013],[-8.57071,41.04582],[-8.5706379,41.0458702],[-8.5703748,41.0460426],[-8.5701629,41.0462375],[-8.5700144,41.046462],[-8.5697692,41.0466304],[-8.5695117,41.0467805],[-8.5692474,41.046873],[-8.5689223,41.0469701],[-8.5686667,41.0470792],[-8.568376,41.0471532],[-8.5680948,41.0472401],[-8.5680509,41.0472551],[-8.5680095,41.0472739],[-8.5677392,41.0474263],[-8.5677013,41.047443],[-8.5676628,41.0474564],[-8.5673577,41.0474778],[-8.5673138,41.0474701],[-8.5671933,41.0474483],[-8.5670491,41.0474624],[-8.5667082,41.047355],[-8.5655317,41.0476239],[-8.5657317,41.0480171],[-8.5658492,41.0482685],[-8.565892,41.0483576],[-8.5659767,41.0485747],[-8.5659923,41.0486279],[-8.5660164,41.0487237],[-8.5660527,41.0488705],[-8.566081,41.0490603],[-8.5661183,41.04935],[-8.5662127,41.0501305],[-8.5662425,41.0505614],[-8.5662746,41.0508422],[-8.5663266,41.0513152],[-8.5663357,41.051425],[-8.5684482,41.0519062],[-8.5697334,41.0526051],[-8.5708358,41.0532123],[-8.5727216,41.0542586],[-8.5737495,41.0550327],[-8.5755831,41.0564319],[-8.575945,41.0567268],[-8.5761475,41.0629661],[-8.5762383,41.0632493],[-8.5762613,41.0633544],[-8.576283,41.0634543],[-8.5763525,41.0637252],[-8.5764561,41.0640993],[-8.576583,41.0645454],[-8.5766481,41.0647449],[-8.5767666,41.0649146],[-8.5768337,41.0649558],[-8.5768577,41.0650413],[-8.576876,41.0651008],[-8.5768861,41.0651475],[-8.5769071,41.0652257],[-8.5768985,41.0653086],[-8.5769701,41.0654381],[-8.5771131,41.0656156],[-8.5773332,41.0658661],[-8.5774657,41.0660179],[-8.5775844,41.0661181],[-8.5775957,41.0661929],[-8.5776253,41.0663484],[-8.5777003,41.066558],[-8.5777944,41.066716],[-8.5778867,41.0667787],[-8.5780789,41.0668807],[-8.5781434,41.0669345],[-8.578192,41.0670136],[-8.5781478,41.0672316],[-8.5783528,41.0672713],[-8.5786654,41.0673674],[-8.5788992,41.0675258],[-8.5792161,41.0678667],[-8.5795167,41.0682586],[-8.5814275,41.0704946],[-8.581763,41.0708952],[-8.5822671,41.0714401],[-8.5830541,41.0714902],[-8.5834897,41.0715282],[-8.5840183,41.0715629],[-8.5846251,41.0715848],[-8.5850754,41.0715931],[-8.5858837,41.0716726],[-8.5862677,41.0716621],[-8.5864949,41.0716964],[-8.5868075,41.0716899],[-8.5873014,41.0717085],[-8.5878688,41.0717143],[-8.5882214,41.0717152],[-8.5884186,41.0717254],[-8.58871,41.0718],[-8.5889668,41.0715164],[-8.5897899,41.0706679],[-8.5899864,41.0704077],[-8.5913214,41.0689318],[-8.5926975,41.0674919],[-8.5930643,41.0670279],[-8.593801,41.0663718],[-8.5940402,41.0661258],[-8.5952687,41.0649841],[-8.595513,41.0649009],[-8.5955942,41.0646454],[-8.5961606,41.0646337],[-8.5962913,41.0645176],[-8.5963753,41.0644654],[-8.5964493,41.0644286],[-8.5969046,41.0642537],[-8.597557,41.0640078],[-8.5979661,41.0638688],[-8.5980361,41.0638493],[-8.5981411,41.0637958],[-8.5982059,41.0638062],[-8.598352,41.0638217],[-8.6015002,41.0641769],[-8.6030067,41.063832],[-8.6035874,41.0636981],[-8.6035733,41.0635696],[-8.6036237,41.0635201],[-8.604338,41.0636475],[-8.6051506,41.0637857],[-8.6055152,41.0638475],[-8.6055885,41.0638174],[-8.6056228,41.0637801],[-8.605617,41.0636611],[-8.6055755,41.063352],[-8.6055642,41.0631548],[-8.6055583,41.0630319],[-8.6055925,41.0629982],[-8.605607,41.0629497],[-8.6055499,41.0625406],[-8.6048538,41.061363],[-8.6039775,41.0591686],[-8.6039933,41.0590655],[-8.6039926,41.0588254],[-8.60403,41.0584485],[-8.6041344,41.0577686],[-8.6042642,41.0568088],[-8.6044445,41.0553171],[-8.6032251,41.0522717],[-8.6031439,41.0520221],[-8.6030418,41.0517065],[-8.6030243,41.0516489],[-8.6029687,41.0514494],[-8.6029357,41.0513237],[-8.6028992,41.0511919],[-8.6028648,41.0511166],[-8.6028149,41.0510231],[-8.6027498,41.0509195],[-8.6026764,41.0508084],[-8.6025993,41.0506742],[-8.6025478,41.0505771],[-8.6024724,41.0504389],[-8.6024139,41.0503314],[-8.6023779,41.0502587],[-8.6023091,41.0501372],[-8.6022185,41.0499864],[-8.6021944,41.0499415],[-8.6021858,41.0498968],[-8.6022072,41.0498365],[-8.6021699,41.0498071],[-8.6020845,41.0497252],[-8.6019926,41.0496316],[-8.6019072,41.0495301],[-8.6018112,41.0493937],[-8.6016969,41.049258],[-8.6016619,41.0492202],[-8.6015036,41.049018],[-8.5996621,41.0481051],[-8.5968963,41.0456818]]]}},{"type":"Feature","properties":{"nome":"Sandim","municipio":"Vila Nova de Gaia","municipio_short":"VNG","dicofre":"131740","area_km2":13.56,"area_ha":1355.68,"populacao":24408,"populacao_fonte":"estimated","densidade":1800,"num_escolas":8,"num_parques":3,"area_verde_m2":268488,"comboios_ativos":3,"camara_nome":"Câmara Municipal de Vila Nova de Gaia","camara_email":"geral@cm-gaia.pt","camara_url":"https://www.cm-gaia.pt","escudo_url":null,"cor_principal":"#6B3F58","centroide":[-8.498273417017833,41.03634426661264],"_todo":["Replace estimated populacao with real INE 2021 BGRI","Add real num_escolas (Censo + DGEEC)","Add real area_verde_m2 (Câmara dataset)","Add real comboios_ativos (Bicis Sapiens registry)","Add escudo_url (Wikimedia Commons SVG)","Verify cor_principal against actual heraldic blazon"]},"geometry":{"type":"Polygon","coordinates":[[[-8.5284483,41.0405085],[-8.5284208,41.0403633],[-8.5283749,41.0400244],[-8.5283335,41.0397022],[-8.5283057,41.0394663],[-8.5282511,41.0391474],[-8.5282104,41.0389315],[-8.5281735,41.0386425],[-8.5281,41.0380711],[-8.5280857,41.0378884],[-8.5280292,41.0372539],[-8.5280506,41.037164],[-8.5280146,41.0370046],[-8.5279872,41.0368153],[-8.5279595,41.0365993],[-8.5279361,41.0363669],[-8.5279223,41.0362739],[-8.5278908,41.0361377],[-8.5278773,41.036068],[-8.5278327,41.0359385],[-8.5277747,41.0357992],[-8.5276728,41.0356134],[-8.5275178,41.0353779],[-8.5272656,41.0350165],[-8.5271327,41.034801],[-8.5269421,41.034476],[-8.5268932,41.0343532],[-8.5267954,41.0341508],[-8.5267554,41.0340546],[-8.526609,41.0337793],[-8.5265467,41.0336399],[-8.5264715,41.0335271],[-8.5264007,41.0334276],[-8.526246,41.0332355],[-8.5261577,41.0331327],[-8.5260249,41.0329472],[-8.5259055,41.0327847],[-8.5257818,41.0326256],[-8.525658,41.0324565],[-8.5255431,41.032314],[-8.5254855,41.0322311],[-8.5253793,41.032062],[-8.5253038,41.0319293],[-8.5251929,41.0317204],[-8.5250864,41.0315047],[-8.5249843,41.0312824],[-8.5248773,41.0310135],[-8.5248416,41.0309106],[-8.5247884,41.0307945],[-8.5246019,41.030433],[-8.5244737,41.0302507],[-8.5243498,41.030065],[-8.5242345,41.0298593],[-8.5241764,41.0297339],[-8.5240375,41.0294112],[-8.523895,41.0290559],[-8.5237839,41.0288169],[-8.5236246,41.0285947],[-8.5233817,41.0283263],[-8.523174,41.0280842],[-8.5227364,41.0275206],[-8.5225815,41.0273084],[-8.5225137,41.0272133],[-8.5224355,41.0272393],[-8.5224294,41.0272413],[-8.5219539,41.0266533],[-8.5217192,41.0265076],[-8.5216432,41.0263921],[-8.5213837,41.0262003],[-8.5212814,41.0260912],[-8.5203272,41.0253888],[-8.5185243,41.02101],[-8.5153668,41.0159307],[-8.5152645,41.0159258],[-8.5152804,41.0157381],[-8.5152918,41.0155982],[-8.5152838,41.0154841],[-8.5152419,41.0153885],[-8.515132,41.015273],[-8.5150369,41.0151868],[-8.5146247,41.014871],[-8.5143701,41.0146734],[-8.514158,41.0145361],[-8.5139559,41.0144264],[-8.5136588,41.0142975],[-8.5134932,41.0142226],[-8.5132498,41.0141167],[-8.5131179,41.0139823],[-8.5129769,41.0138238],[-8.5129207,41.0137817],[-8.5128331,41.0137433],[-8.5127723,41.0137215],[-8.5126533,41.0137035],[-8.5124954,41.0137003],[-8.5122574,41.0136956],[-8.5119254,41.0136856],[-8.5118282,41.0136805],[-8.5117675,41.0136751],[-8.51168,41.0136533],[-8.5116142,41.0136296],[-8.5114949,41.0135767],[-8.511348,41.0135011],[-8.5112408,41.013437],[-8.5111652,41.0133747],[-8.5110919,41.0133087],[-8.5109869,41.0131986],[-8.510938,41.0131455],[-8.5108825,41.0130884],[-8.5107142,41.0129565],[-8.5105776,41.012852],[-8.5104777,41.0127769],[-8.5104595,41.0127908],[-8.5104338,41.0128105],[-8.5056975,41.0093481],[-8.5056373,41.0093041],[-8.5054937,41.0093622],[-8.5053436,41.0094064],[-8.5050853,41.0094324],[-8.5046653,41.0094974],[-8.5044785,41.0095235],[-8.5043014,41.0095233],[-8.5040926,41.0094745],[-8.5040321,41.0094509],[-8.5040108,41.0094726],[-8.503966,41.009482],[-8.5038808,41.0094752],[-8.5034558,41.0094157],[-8.5029824,41.009378],[-8.5028178,41.0093722],[-8.5020553,41.0093941],[-8.501747,41.0094079],[-8.501664,41.0093989],[-8.5014026,41.0094054],[-8.5011832,41.009411],[-8.5009373,41.009482],[-8.5008656,41.0095166],[-8.5008402,41.0095414],[-8.5008166,41.009605],[-8.5007984,41.0097728],[-8.5008065,41.0098522],[-8.5008176,41.0099255],[-8.5008406,41.0100506],[-8.5008323,41.0103938],[-8.4994331,41.0108694],[-8.4976559,41.0117036],[-8.4968287,41.0113756],[-8.495139,41.0107936],[-8.4909329,41.0117054],[-8.4891663,41.0134011],[-8.4919327,41.02215],[-8.4918892,41.0221751],[-8.4916727,41.0223007],[-8.4914547,41.0223615],[-8.4906321,41.0225672],[-8.4904741,41.0226955],[-8.4901877,41.0229445],[-8.489851,41.0230735],[-8.4895343,41.0232399],[-8.4893464,41.0233608],[-8.4891881,41.0234289],[-8.4888115,41.0235429],[-8.4880389,41.0237935],[-8.4865628,41.0238599],[-8.4774835,41.0247987],[-8.4759423,41.0267734],[-8.4759041,41.0268224],[-8.4755746,41.0281692],[-8.4750279,41.0282996],[-8.4749813,41.0283003],[-8.4749825,41.0283678],[-8.474992,41.0284174],[-8.4750182,41.0284933],[-8.474937,41.0285281],[-8.4748328,41.0285178],[-8.47465,41.0284934],[-8.4744759,41.0284761],[-8.4742567,41.0284811],[-8.4741807,41.0284966],[-8.4741311,41.0285359],[-8.4740266,41.0286414],[-8.4739129,41.028732],[-8.4737741,41.0288015],[-8.4734929,41.0289253],[-8.4731713,41.0290551],[-8.4730208,41.0290996],[-8.4723313,41.0292404],[-8.4721223,41.029312],[-8.4719451,41.0293586],[-8.4718359,41.0293914],[-8.4717416,41.0294013],[-8.4716661,41.029425],[-8.4707446,41.0296711],[-8.4707095,41.0296171],[-8.4706815,41.0294646],[-8.4706465,41.0294952],[-8.4706392,41.0295489],[-8.4705574,41.0295793],[-8.4705513,41.0294646],[-8.4703935,41.0294332],[-8.4704152,41.0296075],[-8.4704564,41.0297668],[-8.4702446,41.0298313],[-8.47003,41.0298897],[-8.4697876,41.0299576],[-8.469534,41.0300121],[-8.4693273,41.0300211],[-8.469237,41.0300146],[-8.4689576,41.0300295],[-8.4687492,41.0300444],[-8.4686001,41.0300582],[-8.4679608,41.0301045],[-8.4671215,41.0301947],[-8.4666158,41.0302529],[-8.4667375,41.0303321],[-8.4670931,41.0305779],[-8.4671828,41.030639],[-8.4677302,41.0310743],[-8.4680742,41.0313547],[-8.4685019,41.0316204],[-8.468489,41.0316904],[-8.4685369,41.0317494],[-8.4686559,41.0317881],[-8.4688755,41.031877],[-8.4689775,41.0319247],[-8.4690451,41.0319534],[-8.4691987,41.0320401],[-8.469303,41.0321051],[-8.4694557,41.032218],[-8.4696025,41.0322946],[-8.4697289,41.0323053],[-8.4699828,41.0323119],[-8.4701347,41.032327],[-8.4702656,41.0323308],[-8.4705221,41.0323616],[-8.4708779,41.0324017],[-8.4710914,41.0320996],[-8.471096,41.0319369],[-8.4712055,41.0317945],[-8.4713517,41.0317103],[-8.4715423,41.0316019],[-8.4716325,41.0314385],[-8.4717704,41.0311634],[-8.4719242,41.0312365],[-8.4719517,41.0312539],[-8.4719675,41.0312583],[-8.4718793,41.0314284],[-8.4718978,41.0314332],[-8.4720401,41.0314801],[-8.472697,41.0316458],[-8.472728,41.0318809],[-8.4728805,41.0318506],[-8.4731155,41.0318408],[-8.4733506,41.0318662],[-8.4736748,41.031911],[-8.4740059,41.031945],[-8.4742928,41.0319555],[-8.4745109,41.0319767],[-8.4746256,41.0319904],[-8.4747357,41.0319885],[-8.4748157,41.0319886],[-8.4749373,41.0320196],[-8.4750513,41.0320098],[-8.4752061,41.0319675],[-8.4753696,41.0318846],[-8.475437,41.0318291],[-8.4755275,41.0317451],[-8.475602,41.0316814],[-8.4757263,41.0315866],[-8.4758402,41.0315255],[-8.4758782,41.0315141],[-8.4759076,41.0315593],[-8.4759415,41.0316511],[-8.475958,41.0316921],[-8.476029,41.0318148],[-8.4760797,41.0319101],[-8.4761446,41.0329099],[-8.4759972,41.0331975],[-8.4758717,41.0334723],[-8.4757921,41.0337675],[-8.4757019,41.0340442],[-8.4757453,41.0340491],[-8.4757784,41.0340525],[-8.4772481,41.0341083],[-8.4780005,41.0341278],[-8.4785745,41.0341431],[-8.479723,41.035123],[-8.4799116,41.0350555],[-8.4800284,41.0349988],[-8.480226,41.0349012],[-8.480332,41.0348524],[-8.4804581,41.0347933],[-8.4805338,41.0347588],[-8.4805916,41.0347465],[-8.4806046,41.0347756],[-8.480637,41.0348366],[-8.4806934,41.0348563],[-8.4807591,41.0348681],[-8.480853,41.0348794],[-8.4809593,41.0348753],[-8.4810444,41.0348458],[-8.4812128,41.0348009],[-8.481454,41.0348379],[-8.4816817,41.0348897],[-8.4817962,41.034936],[-8.4818968,41.0350029],[-8.4819802,41.0352408],[-8.4820281,41.0354285],[-8.4820325,41.0355006],[-8.4820315,41.0355897],[-8.4820271,41.0356217],[-8.4819944,41.0357257],[-8.4819772,41.0357555],[-8.4820181,41.0357633],[-8.4822067,41.0359036],[-8.4824242,41.0360571],[-8.4827897,41.036408],[-8.4828307,41.0363704],[-8.4828771,41.0363348],[-8.4829596,41.0362914],[-8.483013,41.0362722],[-8.4830476,41.0363224],[-8.4830918,41.0363689],[-8.4831057,41.0363959],[-8.4831409,41.0364405],[-8.4831504,41.0364514],[-8.4831903,41.0365144],[-8.4832002,41.0365328],[-8.4832635,41.0365483],[-8.4837879,41.0363732],[-8.4838955,41.0363491],[-8.484027,41.0363283],[-8.484026,41.0363473],[-8.4840152,41.0365628],[-8.484007,41.0367314],[-8.4841736,41.0368111],[-8.4842481,41.0368598],[-8.4847103,41.0370536],[-8.4848237,41.0370944],[-8.4849772,41.0371557],[-8.4855158,41.0373055],[-8.4860782,41.03743],[-8.4866141,41.0376027],[-8.4867322,41.0376304],[-8.4868793,41.0376869],[-8.4869287,41.0377046],[-8.4871383,41.0377869],[-8.4872877,41.0378338],[-8.4872961,41.0378294],[-8.4874836,41.0378846],[-8.4875097,41.0378922],[-8.4876586,41.0379362],[-8.4878798,41.0380015],[-8.4878991,41.0380072],[-8.4881753,41.0380948],[-8.4884191,41.038155],[-8.4884361,41.0381618],[-8.4884848,41.0381814],[-8.488503,41.0381887],[-8.4885186,41.0381949],[-8.4885375,41.0382025],[-8.4886051,41.0382296],[-8.4886633,41.0382517],[-8.4887406,41.0382801],[-8.4888777,41.0383331],[-8.4890638,41.0384021],[-8.4891602,41.0384373],[-8.4893103,41.0384898],[-8.4893688,41.0385102],[-8.4894226,41.0387226],[-8.4894305,41.038734],[-8.4894381,41.0387369],[-8.489445,41.0387381],[-8.4894593,41.0387388],[-8.4894668,41.0387367],[-8.4894837,41.0387306],[-8.4895243,41.038709],[-8.4896568,41.0386243],[-8.4896793,41.0386115],[-8.4897807,41.0386535],[-8.4899169,41.038696],[-8.4918801,41.0393085],[-8.4921836,41.0394326],[-8.4923726,41.0395119],[-8.4925805,41.0395989],[-8.4925007,41.0397473],[-8.4924254,41.0398805],[-8.4923819,41.039953],[-8.4923053,41.0400718],[-8.4922688,41.0401276],[-8.492192,41.0402542],[-8.4917501,41.0412222],[-8.4917103,41.0412039],[-8.4916512,41.0412603],[-8.4913993,41.041664],[-8.4908903,41.0426074],[-8.4906413,41.0429894],[-8.4906007,41.0430283],[-8.4906594,41.0431081],[-8.4910553,41.0436462],[-8.4914747,41.0442431],[-8.4916362,41.0445039],[-8.4915842,41.0446299],[-8.4914692,41.0448639],[-8.491275,41.0453243],[-8.4910908,41.0455453],[-8.4899999,41.0468541],[-8.4899617,41.046946],[-8.4897837,41.0473746],[-8.4896059,41.0477588],[-8.4897336,41.0477841],[-8.4899534,41.0478276],[-8.4899037,41.0479643],[-8.4898849,41.0480322],[-8.4898109,41.0482598],[-8.4896697,41.0488729],[-8.4895551,41.0491705],[-8.4911244,41.0505126],[-8.4913266,41.0504768],[-8.4916312,41.0504686],[-8.4919458,41.0504642],[-8.4922649,41.050457],[-8.4925749,41.0504555],[-8.4928636,41.0503943],[-8.4931356,41.0502674],[-8.4931906,41.0502405],[-8.4932489,41.0502212],[-8.4935746,41.0501892],[-8.4938931,41.0501854],[-8.4942204,41.0501835],[-8.4945249,41.050182],[-8.4948474,41.0501849],[-8.4951566,41.0502405],[-8.4952066,41.0502533],[-8.4954427,41.0503556],[-8.4954805,41.0503793],[-8.49551,41.0503987],[-8.4955456,41.0504402],[-8.4955826,41.0504941],[-8.495748,41.0506906],[-8.4957743,41.050718],[-8.4958025,41.0507424],[-8.4958638,41.0507794],[-8.4958941,41.0507934],[-8.4959247,41.0508037],[-8.4959561,41.0508107],[-8.496117,41.0508143],[-8.496434,41.0507855],[-8.4965926,41.0507324],[-8.4968609,41.0506302],[-8.4969112,41.0506118],[-8.497075,41.0504843],[-8.4972766,41.0503041],[-8.4972992,41.0502832],[-8.4973688,41.0501857],[-8.4975077,41.049979],[-8.4977209,41.0498022],[-8.497928,41.0496138],[-8.49803,41.0495634],[-8.4981352,41.0495144],[-8.4981633,41.0495033],[-8.4981925,41.0494945],[-8.498224,41.0494888],[-8.4982938,41.0494844],[-8.4986031,41.0494867],[-8.4986397,41.0494906],[-8.4986756,41.0494969],[-8.4988491,41.0495695],[-8.498961,41.0496161],[-8.4992298,41.0497194],[-8.4994708,41.0498653],[-8.4995117,41.0499048],[-8.4995284,41.0499252],[-8.4996409,41.0501472],[-8.4996525,41.0501719],[-8.4996686,41.0501949],[-8.4996868,41.050216],[-8.4997095,41.0502345],[-8.4997723,41.0502601],[-8.4998064,41.050271],[-8.4998789,41.0502804],[-8.5001889,41.0502802],[-8.500282,41.0502737],[-8.5005778,41.0502452],[-8.5006102,41.0502451],[-8.5009187,41.0502368],[-8.5015678,41.0502333],[-8.5016082,41.0502352],[-8.5017843,41.0502774],[-8.5018378,41.0502938],[-8.5019103,41.0503054],[-8.5021071,41.0503684],[-8.502135,41.0503798],[-8.5023753,41.0505354],[-8.50265,41.0506666],[-8.5026815,41.0506808],[-8.5029242,41.0508266],[-8.5031933,41.0509451],[-8.503308,41.0509751],[-8.5035922,41.0510527],[-8.5039193,41.0511082],[-8.5042348,41.0511164],[-8.5045503,41.0511188],[-8.5048558,41.0511972],[-8.5051281,41.0512878],[-8.5053691,41.0514586],[-8.5055711,41.0516513],[-8.5058484,41.0517898],[-8.5061434,41.0518983],[-8.5064259,41.0520156],[-8.506686,41.0521518],[-8.5069084,41.0523157],[-8.5071207,41.0524911],[-8.5071462,41.0525107],[-8.5071738,41.0525281],[-8.5072051,41.0525421],[-8.5072392,41.0525535],[-8.5074781,41.0525867],[-8.5076086,41.0525886],[-8.5079512,41.0525869],[-8.507987,41.052589],[-8.5081304,41.0526271],[-8.5083857,41.0527424],[-8.508648,41.0528615],[-8.5089227,41.0529968],[-8.5092056,41.0531408],[-8.5095098,41.0532408],[-8.5098043,41.0533555],[-8.510067,41.0535074],[-8.5101928,41.0536004],[-8.5107763,41.0536337],[-8.5108967,41.0537203],[-8.5111199,41.054334],[-8.5111574,41.0543575],[-8.5114421,41.0544959],[-8.5114828,41.0545087],[-8.5117363,41.0545273],[-8.5120403,41.0545257],[-8.512306,41.0545631],[-8.5123375,41.0545689],[-8.5123694,41.0545778],[-8.5124395,41.0546122],[-8.5126911,41.0547481],[-8.5127282,41.0547615],[-8.5128521,41.0547831],[-8.5131575,41.0547859],[-8.5134621,41.0547841],[-8.5140631,41.0547779],[-8.5143028,41.0547534],[-8.5143857,41.0547448],[-8.5144544,41.0547321],[-8.5146855,41.05469],[-8.5148166,41.0546716],[-8.5149926,41.054647],[-8.5153035,41.0546384],[-8.5156149,41.0546196],[-8.5159153,41.0546167],[-8.516629,41.054578],[-8.5167102,41.0541643],[-8.5167991,41.05391],[-8.5168809,41.0537035],[-8.5179872,41.0519631],[-8.5181599,41.0516788],[-8.5183499,41.0513946],[-8.5184702,41.0510973],[-8.5186643,41.0504638],[-8.5189493,41.0493241],[-8.5190853,41.0488589],[-8.5191108,41.0488395],[-8.5192699,41.0487187],[-8.5192708,41.0487179],[-8.5193753,41.0486246],[-8.5201625,41.0479866],[-8.5207289,41.047539],[-8.5209447,41.0473638],[-8.5210126,41.0472991],[-8.5210622,41.0472345],[-8.5210971,41.0471745],[-8.5212788,41.0467208],[-8.5213286,41.0465932],[-8.5213407,41.0465224],[-8.5213427,41.0463984],[-8.5213179,41.0461705],[-8.5212785,41.0458882],[-8.5212642,41.0456361],[-8.521269,41.0455221],[-8.5212884,41.0454235],[-8.5213241,41.045331],[-8.5213462,41.0452661],[-8.5213693,41.0452087],[-8.5213757,41.0451656],[-8.5245109,41.0425614],[-8.5245179,41.0425574],[-8.5245907,41.0425147],[-8.5246472,41.0424717],[-8.5246494,41.0424699],[-8.5247646,41.0423782],[-8.5251521,41.0419818],[-8.5252843,41.0418723],[-8.5252911,41.0418683],[-8.525404,41.0418021],[-8.5255151,41.041746],[-8.5258108,41.041609],[-8.5261959,41.0414389],[-8.526375,41.0413702],[-8.5265994,41.0413096],[-8.5266886,41.0412855],[-8.5267535,41.0412685],[-8.5270454,41.041181],[-8.5272258,41.0411284],[-8.5273594,41.0410809],[-8.5275473,41.0410172],[-8.5278127,41.0409004],[-8.5279216,41.0408429],[-8.528095,41.0407429],[-8.5282457,41.0406473],[-8.5284423,41.0405316],[-8.5284436,41.0405263],[-8.5284483,41.0405085]]]}},{"type":"Feature","properties":{"nome":"Santa Marinha","municipio":"Vila Nova de Gaia","municipio_short":"VNG","dicofre":"131741","area_km2":5.92,"area_ha":591.78,"populacao":10656,"populacao_fonte":"estimated","densidade":1800,"num_escolas":3,"num_parques":1,"area_verde_m2":85248,"comboios_ativos":1,"camara_nome":"Câmara Municipal de Vila Nova de Gaia","camara_email":"geral@cm-gaia.pt","camara_url":"https://www.cm-gaia.pt","escudo_url":null,"cor_principal":"#3D5C4A","centroide":[-8.62504211762918,41.13102900881461],"_todo":["Replace estimated populacao with real INE 2021 BGRI","Add real num_escolas (Censo + DGEEC)","Add real area_verde_m2 (Câmara dataset)","Add real comboios_ativos (Bicis Sapiens registry)","Add escudo_url (Wikimedia Commons SVG)","Verify cor_principal against actual heraldic blazon"]},"geometry":{"type":"Polygon","coordinates":[[[-8.6335374,41.1412799],[-8.6335517,41.1411869],[-8.6333904,41.1412479],[-8.6331785,41.1412753],[-8.6329546,41.141279],[-8.632734,41.1412462],[-8.6325835,41.1411785],[-8.6324942,41.1411032],[-8.6324312,41.1410281],[-8.6323613,41.1408646],[-8.6322716,41.1407426],[-8.6321005,41.1405652],[-8.6317703,41.1402635],[-8.6317193,41.1401734],[-8.631692,41.1401121],[-8.6316759,41.1400424],[-8.6316948,41.1399664],[-8.6318527,41.1399335],[-8.632358,41.139946],[-8.6330565,41.1399838],[-8.6332805,41.1399859],[-8.6334964,41.1399731],[-8.6338203,41.1399456],[-8.6339743,41.1399097],[-8.6343433,41.1399171],[-8.6344758,41.1402491],[-8.6347823,41.140178],[-8.6355287,41.1399378],[-8.635613,41.1399149],[-8.6356504,41.1399108],[-8.6356803,41.1399332],[-8.635872,41.1402652],[-8.6358994,41.1402988],[-8.6359369,41.1403176],[-8.6359767,41.1403117],[-8.6360188,41.1402927],[-8.6360431,41.1402771],[-8.6361327,41.1402432],[-8.6364205,41.1401576],[-8.6367207,41.1400603],[-8.63683,41.1400353],[-8.6369392,41.1400216],[-8.6370461,41.1400251],[-8.6371283,41.1400417],[-8.6372203,41.1400561],[-8.637285,41.140041],[-8.6376999,41.139917],[-8.6379426,41.1398819],[-8.6370211,41.1388398],[-8.6373302,41.1388162],[-8.6372974,41.1386478],[-8.6372665,41.138265],[-8.6372447,41.1379919],[-8.6372363,41.1379146],[-8.637196,41.1378464],[-8.637116,41.1377609],[-8.6369748,41.1376726],[-8.6367494,41.1375467],[-8.636547,41.1374173],[-8.6363636,41.1372941],[-8.6362575,41.1372146],[-8.6362462,41.1372011],[-8.6361513,41.1370865],[-8.6360371,41.1369307],[-8.6359273,41.1367281],[-8.6358803,41.1365992],[-8.6358391,41.1364364],[-8.6358242,41.1362178],[-8.6358335,41.1355678],[-8.6358364,41.1350304],[-8.6358364,41.1343889],[-8.6358452,41.132776],[-8.6358342,41.1325347],[-8.6358393,41.132432],[-8.6354773,41.1323879],[-8.6352197,41.1323505],[-8.6351458,41.13224],[-8.6350203,41.1321415],[-8.6342602,41.1316625],[-8.6336361,41.1313225],[-8.633529,41.1312763],[-8.6333404,41.1309594],[-8.6332097,41.1307273],[-8.6331527,41.1306538],[-8.633101,41.1306272],[-8.6330163,41.1306068],[-8.6327398,41.130626],[-8.6326209,41.1306356],[-8.6324985,41.1306614],[-8.6325051,41.1304366],[-8.6324736,41.1301095],[-8.6324833,41.1299097],[-8.6325275,41.1298727],[-8.6326259,41.1298461],[-8.6329568,41.1299006],[-8.6331719,41.1299396],[-8.6333023,41.1299588],[-8.6336081,41.1299242],[-8.6343982,41.1297379],[-8.6345077,41.1296707],[-8.6346067,41.1295763],[-8.6346598,41.1294374],[-8.6347179,41.1292998],[-8.6347451,41.1290881],[-8.6347428,41.1286581],[-8.6347157,41.1283563],[-8.6347098,41.1282294],[-8.6346534,41.1279463],[-8.6346181,41.1278421],[-8.6345829,41.1277564],[-8.6345378,41.1276744],[-8.6344877,41.1275704],[-8.6344478,41.127496],[-8.6342986,41.1272403],[-8.633765,41.1263777],[-8.6337083,41.1263143],[-8.6336549,41.126182],[-8.6336849,41.1261743],[-8.6338081,41.1261354],[-8.6337861,41.1259926],[-8.6338528,41.1248447],[-8.633862,41.1245329],[-8.6338791,41.1244084],[-8.6339292,41.1234512],[-8.634046,41.1234076],[-8.6341239,41.123328],[-8.6342211,41.123177],[-8.6343049,41.122938],[-8.6343697,41.1225455],[-8.6344216,41.1219657],[-8.6344536,41.1217354],[-8.6344538,41.1215969],[-8.6344511,41.1203955],[-8.634454,41.1203197],[-8.6346559,41.1201655],[-8.6347673,41.1199945],[-8.634968,41.1197123],[-8.635013,41.1196693],[-8.6350995,41.1196462],[-8.6351789,41.1196458],[-8.6352394,41.1196636],[-8.635365,41.1197098],[-8.6354006,41.1197456],[-8.635453,41.119809],[-8.6358119,41.1204078],[-8.6360017,41.1207139],[-8.6360197,41.1207209],[-8.6360486,41.1207317],[-8.6363199,41.120576],[-8.6365353,41.1204474],[-8.6365793,41.1203934],[-8.6365738,41.1203276],[-8.6365505,41.1202253],[-8.6362747,41.1193211],[-8.6362214,41.1191513],[-8.6359892,41.1184146],[-8.6359378,41.1183946],[-8.6359054,41.1183998],[-8.635405,41.1184821],[-8.6350243,41.1186163],[-8.6348105,41.1186792],[-8.6346771,41.1186103],[-8.6343214,41.1188589],[-8.6341085,41.1190762],[-8.6335439,41.1186923],[-8.6327165,41.118098],[-8.6325757,41.1179979],[-8.6322516,41.1178057],[-8.6320041,41.1176872],[-8.6303927,41.1166593],[-8.6288351,41.1159632],[-8.6274946,41.1154889],[-8.6266848,41.1155594],[-8.6259995,41.1156586],[-8.6248295,41.1158271],[-8.6240046,41.115993],[-8.6235695,41.1160654],[-8.6235887,41.116228],[-8.622933,41.116389],[-8.6225682,41.1165837],[-8.6224351,41.1166287],[-8.6223016,41.1166862],[-8.6222468,41.1167545],[-8.6221522,41.1169088],[-8.6220796,41.1170081],[-8.6219646,41.1170731],[-8.621768,41.1171338],[-8.6216124,41.1171812],[-8.620899,41.117318],[-8.619487,41.1175259],[-8.6184219,41.1177272],[-8.6176844,41.1178662],[-8.6161332,41.1181336],[-8.6153195,41.1182965],[-8.6149486,41.1184177],[-8.6149835,41.1184653],[-8.6150353,41.1185574],[-8.6151764,41.1188024],[-8.6152269,41.118933],[-8.6152677,41.1190901],[-8.6153138,41.1192886],[-8.6153276,41.1194925],[-8.6153217,41.1197061],[-8.6152968,41.1199598],[-8.6152339,41.1205],[-8.6151179,41.1214594],[-8.61507,41.1218799],[-8.6150423,41.1220391],[-8.615032,41.1220734],[-8.6150178,41.1221107],[-8.6150019,41.122145],[-8.6149689,41.122204],[-8.6154481,41.1233832],[-8.6158885,41.124116],[-8.6152251,41.1243396],[-8.6152996,41.1252676],[-8.6145875,41.1255038],[-8.6142902,41.1255983],[-8.614115,41.1256499],[-8.6143172,41.1263106],[-8.6134925,41.1276874],[-8.6134658,41.1277132],[-8.6133917,41.1281943],[-8.6133169,41.1285945],[-8.6132341,41.1290832],[-8.613187,41.1290832],[-8.6126744,41.1290388],[-8.6117405,41.1289786],[-8.6112364,41.1289444],[-8.609702,41.1288261],[-8.6094556,41.1288159],[-8.6092709,41.1288164],[-8.6091729,41.1288508],[-8.6091103,41.1288818],[-8.6090496,41.1289309],[-8.6090649,41.1289898],[-8.6090634,41.1290303],[-8.609029,41.1291053],[-8.6084095,41.1298174],[-8.6083416,41.1299058],[-8.6082895,41.1299885],[-8.6081941,41.1302075],[-8.6081744,41.1302821],[-8.6081598,41.1303667],[-8.6081586,41.1305335],[-8.6081905,41.1324475],[-8.6081955,41.1326023],[-8.6081841,41.1326726],[-8.6080895,41.1326708],[-8.6070457,41.1324261],[-8.6071705,41.1329729],[-8.6068619,41.1331686],[-8.6068254,41.1331825],[-8.6067752,41.1331932],[-8.6066494,41.1331652],[-8.6058311,41.1328639],[-8.6049573,41.1325444],[-8.6046211,41.1341738],[-8.6043497,41.1340868],[-8.6042804,41.1340759],[-8.6042195,41.13407],[-8.604008,41.1344644],[-8.6038984,41.1344981],[-8.6035682,41.1346247],[-8.6031418,41.1348191],[-8.6027182,41.1350677],[-8.6025946,41.1351771],[-8.6025001,41.135254],[-8.6022963,41.1354133],[-8.6020556,41.1356579],[-8.6018513,41.1358742],[-8.6015977,41.1361606],[-8.6010082,41.1368203],[-8.6007404,41.1371267],[-8.6005046,41.1374177],[-8.6002538,41.1376923],[-8.5999505,41.1380294],[-8.5996427,41.1383131],[-8.5995138,41.1384009],[-8.5993193,41.138546],[-8.599017,41.1387411],[-8.5977931,41.1394119],[-8.597029,41.1398319],[-8.5973679,41.1400582],[-8.5982616,41.1404147],[-8.5992181,41.1409244],[-8.6000895,41.141111],[-8.600871,41.1412024],[-8.6015608,41.1412043],[-8.6039354,41.140944],[-8.6059152,41.1407271],[-8.609553,41.1398453],[-8.6104249,41.1396361],[-8.6105809,41.1396025],[-8.6120579,41.1392837],[-8.6128777,41.1391957],[-8.6156035,41.138902],[-8.6160899,41.1390018],[-8.6175699,41.1393059],[-8.6181223,41.1394193],[-8.6195272,41.1397954],[-8.6197046,41.1398427],[-8.6214149,41.1411959],[-8.6234545,41.1427111],[-8.624972,41.1433335],[-8.6256548,41.1436133],[-8.6281601,41.1438094],[-8.6298132,41.1441424],[-8.6303602,41.1443173],[-8.6312669,41.1446078],[-8.6314634,41.1446705],[-8.6332074,41.1454752],[-8.6348708,41.1436666],[-8.6348155,41.1435826],[-8.6347458,41.1435044],[-8.6345473,41.1433097],[-8.6344877,41.1432032],[-8.6344298,41.1429663],[-8.6344001,41.1427944],[-8.6344003,41.1424968],[-8.6343825,41.1422625],[-8.6343666,41.1421798],[-8.634315,41.1420984],[-8.634256,41.1420486],[-8.6341026,41.1419446],[-8.6338943,41.1418394],[-8.6336514,41.1416471],[-8.6336035,41.1415652],[-8.6335667,41.1414199],[-8.6335374,41.1412799]]]}},{"type":"Feature","properties":{"nome":"São Félix da Marinha","municipio":"Vila Nova de Gaia","municipio_short":"VNG","dicofre":"131717","area_km2":7.93,"area_ha":792.9,"populacao":14274,"populacao_fonte":"estimated","densidade":1800,"num_escolas":4,"num_parques":1,"area_verde_m2":57096,"comboios_ativos":2,"camara_nome":"Câmara Municipal de Vila Nova de Gaia","camara_email":"geral@cm-gaia.pt","camara_url":"https://www.cm-gaia.pt","escudo_url":null,"cor_principal":"#6B3F58","centroide":[-8.632609490104166,41.02687695746527],"_todo":["Replace estimated populacao with real INE 2021 BGRI","Add real num_escolas (Censo + DGEEC)","Add real area_verde_m2 (Câmara dataset)","Add real comboios_ativos (Bicis Sapiens registry)","Add escudo_url (Wikimedia Commons SVG)","Verify cor_principal against actual heraldic blazon"]},"geometry":{"type":"Polygon","coordinates":[[[-8.6060588,41.0256944],[-8.606139,41.0257321],[-8.6068564,41.0262348],[-8.6071617,41.0264648],[-8.6083401,41.0274898],[-8.6086433,41.0281897],[-8.6088832,41.0286879],[-8.6080572,41.0319368],[-8.607595,41.0328689],[-8.6062942,41.0333788],[-8.6067376,41.0336708],[-8.6082811,41.034728],[-8.6087923,41.0351015],[-8.609015,41.0352549],[-8.6093426,41.0354339],[-8.6094673,41.0355447],[-8.6095858,41.0356785],[-8.609663,41.0357795],[-8.6098453,41.0361164],[-8.6119777,41.0365414],[-8.6146053,41.0378911],[-8.6152754,41.0382744],[-8.6162019,41.0396678],[-8.6162806,41.0396712],[-8.6163486,41.0396922],[-8.6166738,41.0400128],[-8.6169375,41.0403007],[-8.6170608,41.0404389],[-8.6171364,41.0405199],[-8.6171662,41.0405411],[-8.6172148,41.0405634],[-8.6197505,41.0414216],[-8.6212129,41.0419149],[-8.6224711,41.0427107],[-8.6225325,41.0427447],[-8.6227908,41.0430458],[-8.6228124,41.0431657],[-8.6228599,41.043407],[-8.6229218,41.0436519],[-8.6229962,41.0438922],[-8.6231739,41.0441001],[-8.6233533,41.0442812],[-8.6234015,41.0443198],[-8.6235841,41.0444983],[-8.6237692,41.0446928],[-8.6239497,41.0448802],[-8.6241396,41.0450778],[-8.6242994,41.045264],[-8.6244621,41.0454405],[-8.6246105,41.0456299],[-8.6246917,41.045746],[-8.6248587,41.0459485],[-8.6250028,41.046124],[-8.6250738,41.0461676],[-8.6251407,41.0461169],[-8.6256543,41.0458806],[-8.6260815,41.0457249],[-8.6262554,41.0456473],[-8.6262883,41.0456237],[-8.6264504,41.0455088],[-8.6265804,41.0453929],[-8.6266667,41.0452769],[-8.6267827,41.0452488],[-8.6271022,41.0452475],[-8.6272401,41.0452249],[-8.6277985,41.0450905],[-8.6286153,41.0448478],[-8.6285596,41.0446137],[-8.6284746,41.0443456],[-8.628392,41.044032],[-8.6283579,41.0437547],[-8.6312811,41.0414738],[-8.6313422,41.0414485],[-8.6313673,41.0414258],[-8.6329511,41.0408321],[-8.6332051,41.040737],[-8.6338992,41.0405424],[-8.6342497,41.0404747],[-8.6344098,41.0404425],[-8.634629,41.040401],[-8.6349274,41.0403729],[-8.6353765,41.0403932],[-8.6359761,41.0404041],[-8.6364302,41.0404241],[-8.6372132,41.04048],[-8.6375331,41.0404913],[-8.6380023,41.0404838],[-8.6385128,41.0404337],[-8.6393052,41.0403861],[-8.6398772,41.0403991],[-8.6404092,41.0404148],[-8.6416599,41.0404298],[-8.6468606,41.0403095],[-8.6473007,41.0403247],[-8.6474473,41.0403293],[-8.6475412,41.0403273],[-8.6479723,41.0404232],[-8.6482106,41.0404765],[-8.648926,41.0405498],[-8.6496137,41.040666],[-8.6497319,41.0406571],[-8.6508543,41.0405698],[-8.650762,41.0404071],[-8.6506908,41.0402554],[-8.6505536,41.0400723],[-8.6504509,41.0399629],[-8.6504072,41.0398659],[-8.6504017,41.0397785],[-8.6503869,41.0396815],[-8.6503027,41.0394674],[-8.6502073,41.0392239],[-8.6501514,41.0390404],[-8.6500917,41.0389686],[-8.650052,41.0388852],[-8.6499887,41.0386846],[-8.6498711,41.0384456],[-8.6496799,41.0383691],[-8.6496503,41.0382646],[-8.6496742,41.0381846],[-8.6496366,41.0380604],[-8.6495332,41.0379483],[-8.6495688,41.0378294],[-8.6494949,41.0374442],[-8.6494881,41.037321],[-8.6493568,41.0370675],[-8.6492981,41.0370157],[-8.6491679,41.0370548],[-8.6492527,41.0369348],[-8.6492486,41.0368448],[-8.6492693,41.036751],[-8.6493334,41.0366246],[-8.6492047,41.0365018],[-8.6490423,41.0365835],[-8.6490574,41.0365277],[-8.6490408,41.0364611],[-8.6490631,41.0364053],[-8.6490257,41.0363486],[-8.6489991,41.036284],[-8.6490006,41.0362246],[-8.6491299,41.0362851],[-8.6491688,41.0362318],[-8.6491433,41.0361303],[-8.6490495,41.0360207],[-8.6491124,41.0359574],[-8.6491235,41.0359322],[-8.6491506,41.0358925],[-8.6490737,41.0357632],[-8.6489587,41.0356036],[-8.6488492,41.0354535],[-8.6487562,41.0353144],[-8.6486746,41.035214],[-8.6486357,41.0350485],[-8.6486117,41.0349172],[-8.6484824,41.0347998],[-8.6483283,41.0347023],[-8.648185,41.0345733],[-8.6480708,41.0344505],[-8.6479903,41.0342562],[-8.647901,41.0341153],[-8.6477994,41.0339725],[-8.647685,41.0338605],[-8.6476123,41.0337978],[-8.6475391,41.0337298],[-8.6474012,41.0336349],[-8.6473161,41.0335299],[-8.6472344,41.0333062],[-8.6471835,41.0331308],[-8.6470615,41.0329567],[-8.6469423,41.0327923],[-8.6468555,41.0326964],[-8.646801,41.0326463],[-8.6467523,41.0325537],[-8.6466932,41.0323235],[-8.6466802,41.0320776],[-8.6466929,41.0318623],[-8.6466906,41.0316417],[-8.6466882,41.0315896],[-8.6466937,41.0314942],[-8.6466963,41.0314734],[-8.6467444,41.0315362],[-8.6467928,41.0316072],[-8.646807,41.0316251],[-8.6468267,41.0317303],[-8.6468237,41.0318916],[-8.6468416,41.0320167],[-8.6468768,41.0320956],[-8.6469415,41.0320298],[-8.6470047,41.0319206],[-8.6469641,41.0317576],[-8.6469039,41.0315453],[-8.6468883,41.0314861],[-8.6470193,41.0313046],[-8.6470035,41.0311848],[-8.6470431,41.0310938],[-8.6470243,41.0308859],[-8.6470815,41.0308038],[-8.6471188,41.0306809],[-8.6471855,41.0305521],[-8.6472595,41.0304698],[-8.6472996,41.0303633],[-8.6472719,41.0302914],[-8.6472102,41.0302024],[-8.6471239,41.0301426],[-8.6469387,41.0302028],[-8.6469174,41.0301866],[-8.6468991,41.0301732],[-8.6469363,41.0301055],[-8.6469731,41.0300487],[-8.646872,41.0298691],[-8.6468163,41.029846],[-8.6467789,41.0298245],[-8.6467441,41.0298137],[-8.6467135,41.0297438],[-8.6467129,41.0296238],[-8.6467433,41.0295112],[-8.6467118,41.0293574],[-8.6467208,41.0292043],[-8.6466666,41.0290928],[-8.646694,41.0289801],[-8.6467516,41.0288502],[-8.6467415,41.0287441],[-8.64674,41.0286504],[-8.6467695,41.0285963],[-8.6468068,41.0285601],[-8.646794,41.0284439],[-8.6467983,41.0283162],[-8.6468155,41.0282072],[-8.6468355,41.0280565],[-8.6468083,41.0279686],[-8.6467641,41.0279012],[-8.646736,41.0278679],[-8.6466784,41.0277989],[-8.6466268,41.0276793],[-8.646662,41.027608],[-8.6467062,41.0275565],[-8.6467399,41.0274781],[-8.6467603,41.027424],[-8.6467777,41.027404],[-8.6468181,41.0273093],[-8.6468361,41.0271734],[-8.6468107,41.0271231],[-8.6467972,41.0270745],[-8.6467887,41.0270087],[-8.6467565,41.0269388],[-8.6466848,41.0268572],[-8.6466507,41.026724],[-8.6466179,41.0265908],[-8.6465459,41.0264841],[-8.6465264,41.0264617],[-8.6464284,41.026346],[-8.6462724,41.0262439],[-8.6459985,41.0261002],[-8.6458505,41.0259127],[-8.6457094,41.0256539],[-8.6456428,41.0255452],[-8.6457047,41.0254848],[-8.6458698,41.0253551],[-8.6459533,41.0252487],[-8.645852,41.0251014],[-8.6456931,41.02503],[-8.6455321,41.025136],[-8.6453625,41.0252817],[-8.6451278,41.0253486],[-8.6449106,41.0253648],[-8.6447285,41.0253611],[-8.6446132,41.0253509],[-8.6447118,41.0253242],[-8.6448112,41.0253168],[-8.6450202,41.0252238],[-8.645192,41.025253],[-8.6453249,41.0252009],[-8.6455074,41.0250317],[-8.6456634,41.0248662],[-8.6457808,41.0247216],[-8.6457696,41.0246352],[-8.6456637,41.0245214],[-8.6455559,41.0243778],[-8.6454373,41.0242037],[-8.6453412,41.0239953],[-8.6452423,41.0236795],[-8.6451571,41.0234296],[-8.6450547,41.0232059],[-8.6449099,41.0229842],[-8.644797,41.0227226],[-8.6447378,41.0224673],[-8.6446988,41.0221323],[-8.6446115,41.0217349],[-8.6445858,41.0211748],[-8.6444986,41.0209115],[-8.6444644,41.0206693],[-8.6444244,41.0204461],[-8.6444493,41.0202498],[-8.6444939,41.0201667],[-8.6444713,41.020093],[-8.6444389,41.0199446],[-8.6444091,41.0198133],[-8.644387,41.019673],[-8.6443302,41.0195587],[-8.6442969,41.019386],[-8.6442746,41.0192438],[-8.6442915,41.0191131],[-8.6442958,41.018979],[-8.6442608,41.018774],[-8.6442607,41.0186271],[-8.6442715,41.0185289],[-8.6442251,41.0183428],[-8.6442332,41.0181934],[-8.6442376,41.0180854],[-8.6441952,41.0179811],[-8.6442012,41.0179459],[-8.6441786,41.0178883],[-8.6441778,41.0178191],[-8.6442178,41.0177593],[-8.6442664,41.0177033],[-8.644285,41.0175294],[-8.6443605,41.0172825],[-8.6444431,41.0169929],[-8.6445222,41.0167449],[-8.6446026,41.01656],[-8.6446891,41.0163761],[-8.6447808,41.0162144],[-8.6448564,41.0160762],[-8.6449331,41.0160038],[-8.6449731,41.0159688],[-8.6421294,41.015812],[-8.64111,41.0157814],[-8.6397883,41.0157],[-8.6391983,41.015664],[-8.6390713,41.0156561],[-8.6389547,41.0156395],[-8.6389199,41.0156202],[-8.6388074,41.0155574],[-8.6385942,41.0154601],[-8.6383662,41.0153883],[-8.6382135,41.0153538],[-8.6381578,41.0153414],[-8.6380646,41.0153184],[-8.6378378,41.0152629],[-8.6375907,41.0151899],[-8.6375273,41.0151714],[-8.6373278,41.0151174],[-8.6373031,41.0151226],[-8.6372247,41.0151395],[-8.6371045,41.015165],[-8.6368054,41.0152151],[-8.6364765,41.0152362],[-8.6361936,41.015231],[-8.636037,41.0152283],[-8.6356594,41.0152156],[-8.635422,41.0152481],[-8.6351412,41.0154016],[-8.6350138,41.0155499],[-8.634969,41.0156058],[-8.6348901,41.015787],[-8.6348402,41.0160071],[-8.6347849,41.0162676],[-8.6347604,41.0164548],[-8.6347538,41.016544],[-8.6347478,41.0166001],[-8.6346302,41.0167066],[-8.6345595,41.0167295],[-8.6344433,41.0167824],[-8.6341443,41.0167972],[-8.6333131,41.0167873],[-8.6325277,41.0167521],[-8.6324,41.0167465],[-8.6323391,41.0167436],[-8.6323249,41.0167829],[-8.6323177,41.0167854],[-8.6322736,41.0168097],[-8.6322359,41.0168392],[-8.6321972,41.016926],[-8.6318984,41.0172424],[-8.6317981,41.0174179],[-8.6317441,41.0175312],[-8.6316066,41.0177676],[-8.6315457,41.0178745],[-8.6315041,41.0179296],[-8.6311249,41.0183235],[-8.6311206,41.0183278],[-8.6310919,41.0183512],[-8.6310581,41.0183708],[-8.6310192,41.0183856],[-8.6309799,41.018395],[-8.6309377,41.0183992],[-8.6306581,41.018433],[-8.6305504,41.0184459],[-8.6303704,41.0184925],[-8.6298389,41.0186307],[-8.6296173,41.0186773],[-8.6291091,41.0187709],[-8.6290479,41.0187843],[-8.6290003,41.0187919],[-8.6288241,41.0188192],[-8.6286822,41.0188428],[-8.6284687,41.018891],[-8.6283348,41.0189237],[-8.6281116,41.0189837],[-8.6279626,41.0190221],[-8.6277705,41.019073],[-8.6275427,41.0191128],[-8.6274674,41.0191215],[-8.6270153,41.0191775],[-8.6267938,41.019199],[-8.626656,41.0192125],[-8.6264279,41.0192206],[-8.6261531,41.0192369],[-8.625923,41.0192526],[-8.6259111,41.0192532],[-8.6257109,41.0192501],[-8.6255143,41.0192206],[-8.6249361,41.0191198],[-8.6248357,41.0190968],[-8.6246478,41.0190543],[-8.6244536,41.0190211],[-8.6241692,41.0189694],[-8.6240402,41.0189393],[-8.6238086,41.0188879],[-8.6236316,41.0188504],[-8.6234569,41.0187988],[-8.6233163,41.0187578],[-8.6231258,41.0187085],[-8.6230112,41.0186792],[-8.6229892,41.0186734],[-8.6229541,41.0188517],[-8.6229248,41.0190023],[-8.6229034,41.0191253],[-8.6228858,41.0192312],[-8.6228684,41.0193472],[-8.6228549,41.0194564],[-8.6228476,41.0195364],[-8.6228423,41.0196545],[-8.6228348,41.0197905],[-8.6228342,41.0198218],[-8.6217334,41.0198625],[-8.6214142,41.0198382],[-8.621374,41.0198353],[-8.6212802,41.019893],[-8.6211422,41.0199888],[-8.6209099,41.0200899],[-8.6207569,41.0200841],[-8.6206934,41.0200861],[-8.6206255,41.0200917],[-8.6205732,41.0200868],[-8.6205234,41.0200778],[-8.6204718,41.0200653],[-8.6204221,41.0200487],[-8.6203715,41.0200337],[-8.6203173,41.0200306],[-8.6202631,41.0200322],[-8.6201554,41.0200323],[-8.6201013,41.0200292],[-8.6199941,41.0200218],[-8.619884,41.0199975],[-8.6197874,41.0200094],[-8.6189722,41.0201111],[-8.6189538,41.0201148],[-8.6188194,41.0201188],[-8.6185574,41.0201326],[-8.6184378,41.0201424],[-8.6183536,41.0201621],[-8.6183114,41.0201722],[-8.6182694,41.0201849],[-8.6182767,41.0202024],[-8.6182961,41.02024],[-8.6183146,41.0202788],[-8.6183293,41.020318],[-8.6183376,41.0203586],[-8.6183526,41.0204255],[-8.6183028,41.0204439],[-8.6182174,41.0204393],[-8.6181907,41.0204374],[-8.6181364,41.0204385],[-8.6180566,41.0204495],[-8.6180031,41.0204562],[-8.6179226,41.0204633],[-8.6178686,41.02047],[-8.6178165,41.0204807],[-8.6177897,41.0204847],[-8.6177629,41.0204882],[-8.6177091,41.020494],[-8.6176619,41.0204987],[-8.6176343,41.0205082],[-8.617604,41.0205142],[-8.6175267,41.0205322],[-8.6174878,41.0205428],[-8.6174755,41.0205451],[-8.6174263,41.0205622],[-8.6173775,41.0205796],[-8.6173281,41.0205964],[-8.6172655,41.0206183],[-8.6172222,41.0206253],[-8.617195,41.0206267],[-8.6171678,41.0206277],[-8.6171412,41.0206306],[-8.617087,41.0206334],[-8.6170601,41.0206341],[-8.617007,41.0206422],[-8.6169553,41.0206542],[-8.6169049,41.0206691],[-8.6168561,41.0206873],[-8.6168322,41.020697],[-8.6167844,41.0207163],[-8.6167604,41.0207263],[-8.6167367,41.0207362],[-8.616713,41.0207464],[-8.6166699,41.0207708],[-8.6166489,41.0207838],[-8.6166087,41.020811],[-8.616568,41.0208379],[-8.6165617,41.0208416],[-8.616545,41.0208482],[-8.6165071,41.0208737],[-8.6164612,41.0208946],[-8.6164391,41.0209063],[-8.6164171,41.0209176],[-8.616396,41.0209304],[-8.6163532,41.0209551],[-8.6163312,41.0209675],[-8.6162864,41.0209908],[-8.6162408,41.0210126],[-8.6161962,41.0210356],[-8.6161466,41.021064],[-8.6161272,41.0210708],[-8.6160581,41.0211049],[-8.616003,41.0211329],[-8.6159518,41.0211596],[-8.6158952,41.0211981],[-8.6158351,41.021233],[-8.6158009,41.0212455],[-8.6150575,41.0217022],[-8.6150298,41.0217811],[-8.6150064,41.0218423],[-8.6149808,41.0219139],[-8.6149717,41.0219372],[-8.6149686,41.0219524],[-8.6149674,41.0219766],[-8.6149614,41.0220011],[-8.6149587,41.0220394],[-8.6149556,41.0220544],[-8.6149573,41.0220732],[-8.6149527,41.0220836],[-8.6149405,41.022094],[-8.614907,41.0221094],[-8.6148733,41.0221233],[-8.6148259,41.0221458],[-8.6147967,41.0221551],[-8.6147232,41.0221822],[-8.6146759,41.0222198],[-8.614653,41.022236],[-8.614601,41.0222651],[-8.6145705,41.022285],[-8.6145508,41.0223013],[-8.6145125,41.0223156],[-8.6144743,41.02234],[-8.6144621,41.0223451],[-8.6144391,41.0223508],[-8.6143945,41.0223532],[-8.6143823,41.0223522],[-8.614347,41.0223501],[-8.6143186,41.0223468],[-8.6142809,41.0223422],[-8.6142349,41.0223398],[-8.6142048,41.0223419],[-8.6141877,41.0223471],[-8.614174,41.0223508],[-8.6141399,41.0223565],[-8.6141202,41.0223614],[-8.6141183,41.0223496],[-8.6141292,41.0221872],[-8.6140087,41.0220766],[-8.6139369,41.0219634],[-8.6139232,41.0219697],[-8.6134945,41.0221609],[-8.6128711,41.0224389],[-8.6128624,41.0224407],[-8.6060588,41.0256944]]]}},{"type":"Feature","properties":{"nome":"São Pedro da Afurada","municipio":"Vila Nova de Gaia","municipio_short":"VNG","dicofre":"131742","area_km2":1.0,"area_ha":99.65,"populacao":1800,"populacao_fonte":"estimated","densidade":1800,"num_escolas":1,"num_parques":0,"area_verde_m2":23400,"comboios_ativos":1,"camara_nome":"Câmara Municipal de Vila Nova de Gaia","camara_email":"geral@cm-gaia.pt","camara_url":"https://www.cm-gaia.pt","escudo_url":null,"cor_principal":"#5C7A52","centroide":[-8.637345600961538,41.14136387019231],"_todo":["Replace estimated populacao with real INE 2021 BGRI","Add real num_escolas (Censo + DGEEC)","Add real area_verde_m2 (Câmara dataset)","Add real comboios_ativos (Bicis Sapiens registry)","Add escudo_url (Wikimedia Commons SVG)","Verify cor_principal against actual heraldic blazon"]},"geometry":{"type":"Polygon","coordinates":[[[-8.6332074,41.1454752],[-8.634864,41.14624],[-8.6353474,41.146463],[-8.636727,41.1471565],[-8.639072,41.1474684],[-8.6404769,41.1473349],[-8.6409824,41.1472872],[-8.6446325,41.1466874],[-8.6454999,41.1465746],[-8.6479869,41.1462518],[-8.6492802,41.1457569],[-8.6501799,41.1454124],[-8.6510571,41.1450767],[-8.6520036,41.1448211],[-8.6520367,41.1448123],[-8.6478518,41.142054],[-8.6471678,41.1415826],[-8.6468292,41.14115],[-8.6446021,41.1401048],[-8.644283,41.1401338],[-8.6438557,41.1400297],[-8.6431472,41.1396211],[-8.6421823,41.1394248],[-8.6419907,41.1394636],[-8.6418955,41.1395032],[-8.6416132,41.1396232],[-8.641273,41.1396115],[-8.6409933,41.1394784],[-8.6408435,41.1394293],[-8.6406405,41.1393599],[-8.6402619,41.1392641],[-8.6398714,41.1391764],[-8.6390665,41.1389942],[-8.6384314,41.1388693],[-8.6381513,41.1388329],[-8.6378337,41.1388072],[-8.6374505,41.138807],[-8.6373302,41.1388162],[-8.6370211,41.1388398],[-8.6379426,41.1398819],[-8.6376999,41.139917],[-8.637285,41.140041],[-8.6372203,41.1400561],[-8.6371283,41.1400417],[-8.6370461,41.1400251],[-8.6369392,41.1400216],[-8.63683,41.1400353],[-8.6367207,41.1400603],[-8.6364205,41.1401576],[-8.6361327,41.1402432],[-8.6360431,41.1402771],[-8.6360188,41.1402927],[-8.6359767,41.1403117],[-8.6359369,41.1403176],[-8.6358994,41.1402988],[-8.635872,41.1402652],[-8.6356803,41.1399332],[-8.6356504,41.1399108],[-8.635613,41.1399149],[-8.6355287,41.1399378],[-8.6347823,41.140178],[-8.6344758,41.1402491],[-8.6343433,41.1399171],[-8.6339743,41.1399097],[-8.6338203,41.1399456],[-8.6334964,41.1399731],[-8.6332805,41.1399859],[-8.6330565,41.1399838],[-8.632358,41.139946],[-8.6318527,41.1399335],[-8.6316948,41.1399664],[-8.6316759,41.1400424],[-8.631692,41.1401121],[-8.6317193,41.1401734],[-8.6317703,41.1402635],[-8.6321005,41.1405652],[-8.6322716,41.1407426],[-8.6323613,41.1408646],[-8.6324312,41.1410281],[-8.6324942,41.1411032],[-8.6325835,41.1411785],[-8.632734,41.1412462],[-8.6329546,41.141279],[-8.6331785,41.1412753],[-8.6333904,41.1412479],[-8.6335517,41.1411869],[-8.6335374,41.1412799],[-8.6335667,41.1414199],[-8.6336035,41.1415652],[-8.6336514,41.1416471],[-8.6338943,41.1418394],[-8.6341026,41.1419446],[-8.634256,41.1420486],[-8.634315,41.1420984],[-8.6343666,41.1421798],[-8.6343825,41.1422625],[-8.6344003,41.1424968],[-8.6344001,41.1427944],[-8.6344298,41.1429663],[-8.6344877,41.1432032],[-8.6345473,41.1433097],[-8.6347458,41.1435044],[-8.6348155,41.1435826],[-8.6348708,41.1436666],[-8.6332074,41.1454752]]]}},{"type":"Feature","properties":{"nome":"Seixezelo","municipio":"Vila Nova de Gaia","municipio_short":"VNG","dicofre":"131743","area_km2":1.45,"area_ha":144.76,"populacao":2610,"populacao_fonte":"estimated","densidade":1800,"num_escolas":1,"num_parques":0,"area_verde_m2":28710,"comboios_ativos":0,"camara_nome":"Câmara Municipal de Vila Nova de Gaia","camara_email":"geral@cm-gaia.pt","camara_url":"https://www.cm-gaia.pt","escudo_url":null,"cor_principal":"#806040","centroide":[-8.553443502976183,41.03395867976191],"_todo":["Replace estimated populacao with real INE 2021 BGRI","Add real num_escolas (Censo + DGEEC)","Add real area_verde_m2 (Câmara dataset)","Add real comboios_ativos (Bicis Sapiens registry)","Add escudo_url (Wikimedia Commons SVG)","Verify cor_principal against actual heraldic blazon"]},"geometry":{"type":"Polygon","coordinates":[[[-8.5631507,41.0391819],[-8.5631369,41.0391672],[-8.5628173,41.038827],[-8.5628135,41.0388227],[-8.5626251,41.0386161],[-8.5622239,41.0381403],[-8.5617195,41.0375142],[-8.5610366,41.0366419],[-8.5613058,41.0364329],[-8.5614432,41.0363108],[-8.5614513,41.0362927],[-8.5614816,41.0362412],[-8.5615169,41.0361619],[-8.561529,41.0359999],[-8.5615173,41.0357909],[-8.5614906,41.0356886],[-8.5612307,41.0353103],[-8.5608217,41.0347371],[-8.5607857,41.0346279],[-8.5607917,41.0345839],[-8.5608333,41.0344222],[-8.5606866,41.0344124],[-8.5605862,41.0344158],[-8.5606144,41.0341771],[-8.5606701,41.0340005],[-8.5607056,41.0337654],[-8.5607261,41.0335996],[-8.5607467,41.0334771],[-8.5607498,41.0332491],[-8.560722,41.0329791],[-8.5606931,41.0327721],[-8.5606388,41.0326257],[-8.5605803,41.0325249],[-8.560541,41.0324793],[-8.5605386,41.0324765],[-8.5604531,41.0325591],[-8.5603754,41.0326177],[-8.5602747,41.0326774],[-8.5601705,41.0327409],[-8.560077,41.0327834],[-8.560007,41.0328112],[-8.5598755,41.0328194],[-8.5597704,41.0328032],[-8.5597327,41.0325228],[-8.5596973,41.0321942],[-8.5596827,41.0320626],[-8.5596543,41.031958],[-8.5596068,41.0318476],[-8.5595306,41.0317073],[-8.5594164,41.03152],[-8.5592743,41.0313115],[-8.5590833,41.0310561],[-8.5589888,41.0309451],[-8.5587927,41.0307398],[-8.5584541,41.0304138],[-8.5580192,41.029988],[-8.5577546,41.0297284],[-8.5577158,41.0296965],[-8.5574827,41.0294942],[-8.5571837,41.0292935],[-8.5571679,41.0292829],[-8.5568328,41.0290592],[-8.5565555,41.0288431],[-8.556451,41.0286054],[-8.5562705,41.0285253],[-8.5561915,41.0285185],[-8.5560682,41.028494],[-8.5559513,41.0283456],[-8.5558531,41.0282289],[-8.5557177,41.0280597],[-8.5556232,41.0279109],[-8.5555205,41.0276969],[-8.5554609,41.0275706],[-8.5554199,41.0274744],[-8.5554139,41.027405],[-8.5554401,41.0273938],[-8.5555661,41.0273403],[-8.5555617,41.0273335],[-8.5554876,41.0272187],[-8.55541,41.0271011],[-8.5550373,41.0266171],[-8.5549694,41.0264957],[-8.5549492,41.0265057],[-8.5548885,41.0265353],[-8.5536143,41.0273349],[-8.5533619,41.0274337],[-8.5533524,41.0274374],[-8.5532022,41.0275854],[-8.5527016,41.0280449],[-8.5520156,41.0287837],[-8.5498781,41.0304885],[-8.5498658,41.0304984],[-8.5494319,41.0308167],[-8.5478671,41.0309532],[-8.5478571,41.0309541],[-8.5455914,41.0336814],[-8.5455931,41.0336871],[-8.5455976,41.0337026],[-8.5454939,41.0337163],[-8.5454056,41.0337704],[-8.5453949,41.0337769],[-8.5452196,41.0339303],[-8.5451467,41.0339868],[-8.5450384,41.0340726],[-8.5449446,41.0341457],[-8.5449228,41.0341627],[-8.5447913,41.0342512],[-8.5446324,41.0343294],[-8.5444029,41.0344251],[-8.5442419,41.0345155],[-8.5441041,41.0346115],[-8.5440876,41.034623],[-8.5439743,41.0347235],[-8.5438339,41.0348534],[-8.5436394,41.0350629],[-8.5435418,41.0351512],[-8.5435284,41.0351634],[-8.5433627,41.0352641],[-8.5432129,41.0353353],[-8.5428111,41.0355525],[-8.5424707,41.0357314],[-8.542339,41.0357957],[-8.5422121,41.0358452],[-8.5418951,41.0359079],[-8.5416485,41.0359448],[-8.5416943,41.036015],[-8.5424072,41.0360228],[-8.5426185,41.0367339],[-8.5429451,41.0367938],[-8.543332,41.0368165],[-8.5436806,41.0368524],[-8.5441488,41.0368508],[-8.5446424,41.0368808],[-8.5449356,41.0369745],[-8.5451283,41.0370878],[-8.5453295,41.0371442],[-8.5455972,41.0371686],[-8.5457975,41.0371523],[-8.5459693,41.0372055],[-8.5461764,41.0373385],[-8.5463479,41.0374211],[-8.5463608,41.0375691],[-8.5467044,41.0381104],[-8.5472146,41.0392953],[-8.5497196,41.0394501],[-8.5497026,41.0392909],[-8.5497303,41.0392923],[-8.549754,41.0392935],[-8.5506923,41.0393564],[-8.5508495,41.0393163],[-8.5510087,41.0393143],[-8.5512074,41.0393304],[-8.5514608,41.0393691],[-8.5515704,41.039425],[-8.5516524,41.0394492],[-8.5522448,41.0394904],[-8.5525045,41.0395105],[-8.5528326,41.0395625],[-8.5534276,41.0396956],[-8.5540983,41.0396909],[-8.5552505,41.0396492],[-8.5553828,41.039682],[-8.5557107,41.0397103],[-8.5560877,41.0397239],[-8.5561664,41.0397717],[-8.5562007,41.0397792],[-8.5571255,41.0399091],[-8.5630683,41.0391919],[-8.5631507,41.0391819]]]}},{"type":"Feature","properties":{"nome":"Sermonde","municipio":"Vila Nova de Gaia","municipio_short":"VNG","dicofre":"131744","area_km2":1.66,"area_ha":165.89,"populacao":2988,"populacao_fonte":"estimated","densidade":1800,"num_escolas":1,"num_parques":0,"area_verde_m2":11952,"comboios_ativos":4,"camara_nome":"Câmara Municipal de Vila Nova de Gaia","camara_email":"geral@cm-gaia.pt","camara_url":"https://www.cm-gaia.pt","escudo_url":null,"cor_principal":"#6B3F58","centroide":[-8.584723758264458,41.044488058264506],"_todo":["Replace estimated populacao with real INE 2021 BGRI","Add real num_escolas (Censo + DGEEC)","Add real area_verde_m2 (Câmara dataset)","Add real comboios_ativos (Bicis Sapiens registry)","Add escudo_url (Wikimedia Commons SVG)","Verify cor_principal against actual heraldic blazon"]},"geometry":{"type":"Polygon","coordinates":[[[-8.5712529,41.0456381],[-8.5713165,41.04589],[-8.5713691,41.0460581],[-8.5714224,41.046343],[-8.5715016,41.0467152],[-8.5715325,41.0471175],[-8.5715202,41.0475897],[-8.5714763,41.04804],[-8.5714704,41.0484416],[-8.5715033,41.0486787],[-8.5718533,41.0487575],[-8.5762327,41.049842],[-8.5819328,41.0513754],[-8.5821054,41.0512963],[-8.5822026,41.0514855],[-8.5825508,41.0521473],[-8.5829205,41.0528575],[-8.5829659,41.0529664],[-8.5830738,41.0530946],[-8.5832835,41.0529821],[-8.5835736,41.0527426],[-8.5839057,41.0525066],[-8.5841868,41.0523128],[-8.5844258,41.05215],[-8.5845524,41.0520967],[-8.5847997,41.0520074],[-8.5849898,41.0519513],[-8.5851048,41.0519224],[-8.5853584,41.05186],[-8.5856107,41.0518022],[-8.586279,41.051638],[-8.5868294,41.0514913],[-8.5870965,41.0514302],[-8.5871533,41.051421],[-8.5871951,41.0514126],[-8.587144,41.0513225],[-8.5872388,41.0512668],[-8.587347,41.0511408],[-8.5873587,41.051076],[-8.587392,41.0510022],[-8.5895477,41.0495273],[-8.5898341,41.0493183],[-8.5902039,41.049039],[-8.5918772,41.0479058],[-8.592325,41.0476414],[-8.5924339,41.0475659],[-8.5925733,41.0474944],[-8.5926456,41.0474477],[-8.5927487,41.0473696],[-8.5931624,41.0471431],[-8.5934001,41.0470141],[-8.5935854,41.0469239],[-8.5937408,41.0468419],[-8.5937911,41.0468012],[-8.5938407,41.0467709],[-8.5940568,41.046673],[-8.5941409,41.0466434],[-8.5942114,41.0466248],[-8.5943296,41.0466086],[-8.5944299,41.0465955],[-8.5946017,41.0465819],[-8.5948044,41.0465782],[-8.5949824,41.046557],[-8.5951182,41.0465286],[-8.5952214,41.0465203],[-8.595284,41.0464956],[-8.5953996,41.046434],[-8.5955325,41.0463697],[-8.5956463,41.046307],[-8.5957842,41.0462341],[-8.5960437,41.0461095],[-8.596588,41.0458226],[-8.5966981,41.0457743],[-8.5968121,41.0457257],[-8.5968963,41.0456818],[-8.5960562,41.0451627],[-8.5951776,41.0438747],[-8.5950251,41.0438533],[-8.5949127,41.043815],[-8.5948246,41.0437033],[-8.5942588,41.043371],[-8.5942796,41.043286],[-8.5941929,41.0432275],[-8.5940508,41.0431307],[-8.5938065,41.0430332],[-8.5937078,41.0429759],[-8.5936687,41.0429479],[-8.5936131,41.0429228],[-8.5935607,41.0428873],[-8.5933797,41.0427687],[-8.5932935,41.0427198],[-8.5931905,41.0426792],[-8.5928796,41.0425769],[-8.5925815,41.042513],[-8.592511,41.0425133],[-8.5924376,41.0425251],[-8.5923851,41.0425305],[-8.5920791,41.042539],[-8.5919282,41.0425461],[-8.5918465,41.0425461],[-8.5917178,41.0425362],[-8.5915804,41.0425064],[-8.5914668,41.0424849],[-8.5913405,41.0424488],[-8.5911363,41.0423846],[-8.5910742,41.0423449],[-8.5910074,41.0423147],[-8.5907771,41.0422414],[-8.5905155,41.0421243],[-8.590284,41.0420095],[-8.5900519,41.041892],[-8.5898824,41.0417973],[-8.5898045,41.0417607],[-8.5896797,41.0417162],[-8.5895393,41.0416571],[-8.5894064,41.041629],[-8.5892631,41.0416638],[-8.5891085,41.0417117],[-8.5889183,41.0417697],[-8.5887149,41.0418391],[-8.5886114,41.0418752],[-8.588394,41.041853],[-8.5882745,41.0418698],[-8.5881313,41.0419573],[-8.5880732,41.0419409],[-8.587908,41.041896],[-8.5877387,41.0418216],[-8.587625,41.0417657],[-8.5875205,41.041727],[-8.5873436,41.0416712],[-8.5870877,41.0415951],[-8.586836,41.0415148],[-8.5866543,41.0414235],[-8.5866132,41.0413839],[-8.5865213,41.0414456],[-8.5863885,41.041377],[-8.5861349,41.0415304],[-8.5859215,41.0416756],[-8.5858181,41.041789],[-8.585746,41.0419121],[-8.5856171,41.0420061],[-8.5854957,41.0420876],[-8.5854393,41.0421444],[-8.5851121,41.0420112],[-8.5849224,41.0419233],[-8.5848591,41.0418968],[-8.5847586,41.0418395],[-8.5846895,41.0417914],[-8.5845324,41.0416806],[-8.5844525,41.0416426],[-8.5843948,41.0416186],[-8.5843214,41.0416068],[-8.5841906,41.041602],[-8.5840866,41.0416148],[-8.5839898,41.0416284],[-8.5839252,41.0416317],[-8.5836396,41.0416408],[-8.5835387,41.0416332],[-8.5834445,41.0416223],[-8.5832689,41.041591],[-8.5831047,41.0415491],[-8.5830464,41.041539],[-8.5829855,41.0415296],[-8.5829327,41.0415307],[-8.5828995,41.0415412],[-8.5828709,41.0415543],[-8.5828448,41.0415736],[-8.5828117,41.041604],[-8.5827866,41.0416466],[-8.5826816,41.0418631],[-8.5826285,41.0419694],[-8.5825504,41.0420925],[-8.5824572,41.0422417],[-8.5823958,41.042321],[-8.5823456,41.042367],[-8.582285,41.0424002],[-8.5822132,41.0424317],[-8.5821376,41.0424407],[-8.5819793,41.042443],[-8.5819036,41.0424357],[-8.5818579,41.0424323],[-8.5817742,41.0424517],[-8.5816667,41.0424887],[-8.5815343,41.0425464],[-8.5814003,41.0425167],[-8.5812839,41.0424894],[-8.5810416,41.0424146],[-8.5808035,41.0422974],[-8.5805744,41.042148],[-8.5804065,41.0420173],[-8.5801752,41.041939],[-8.579781,41.0418286],[-8.5795417,41.0417791],[-8.5793437,41.04174],[-8.5791958,41.0417239],[-8.5790696,41.0417208],[-8.5789268,41.0417039],[-8.57861,41.0416652],[-8.5782043,41.0416707],[-8.578085,41.0416948],[-8.5779788,41.0417208],[-8.5778932,41.0417712],[-8.577629,41.0419186],[-8.5772286,41.0421542],[-8.5768701,41.0423247],[-8.5766214,41.0424304],[-8.5761978,41.0425797],[-8.5762555,41.0426192],[-8.5762883,41.0426681],[-8.5763021,41.0428069],[-8.5762941,41.042885],[-8.5762226,41.0429471],[-8.5761664,41.0429879],[-8.5759606,41.0431241],[-8.575798,41.0432552],[-8.5755885,41.0433841],[-8.5755456,41.0433898],[-8.57543,41.0433751],[-8.5753958,41.0434385],[-8.5753002,41.0435894],[-8.5752131,41.0437113],[-8.5751157,41.0437599],[-8.5750169,41.0437723],[-8.574847,41.0437831],[-8.5742737,41.0437932],[-8.5737478,41.0437952],[-8.573286,41.0438164],[-8.5728242,41.0438566],[-8.5727564,41.0442517],[-8.572737,41.0443393],[-8.5727478,41.0444217],[-8.5727782,41.0445102],[-8.5729256,41.044719],[-8.5730272,41.044886],[-8.573126,41.0449993],[-8.5732638,41.0451476],[-8.572919,41.0452497],[-8.5726353,41.0453369],[-8.5723501,41.045403],[-8.5720641,41.0454699],[-8.5717269,41.0455241],[-8.5714078,41.045592],[-8.5712529,41.0456381]]]}},{"type":"Feature","properties":{"nome":"Serzedo","municipio":"Vila Nova de Gaia","municipio_short":"VNG","dicofre":"131745","area_km2":6.68,"area_ha":667.78,"populacao":12024,"populacao_fonte":"estimated","densidade":1800,"num_escolas":4,"num_parques":1,"area_verde_m2":120240,"comboios_ativos":4,"camara_nome":"Câmara Municipal de Vila Nova de Gaia","camara_email":"geral@cm-gaia.pt","camara_url":"https://www.cm-gaia.pt","escudo_url":null,"cor_principal":"#A88838","centroide":[-8.608628480672268,41.049968970588225],"_todo":["Replace estimated populacao with real INE 2021 BGRI","Add real num_escolas (Censo + DGEEC)","Add real area_verde_m2 (Câmara dataset)","Add real comboios_ativos (Bicis Sapiens registry)","Add escudo_url (Wikimedia Commons SVG)","Verify cor_principal against actual heraldic blazon"]},"geometry":{"type":"Polygon","coordinates":[[[-8.6055152,41.0638475],[-8.6058219,41.0638932],[-8.6059616,41.0639202],[-8.6057283,41.0642966],[-8.6058482,41.0643338],[-8.6065603,41.064692],[-8.6068445,41.0648673],[-8.6071423,41.0650113],[-8.6077164,41.0653193],[-8.6083938,41.0656947],[-8.60899,41.0658841],[-8.6123215,41.0669895],[-8.612766,41.067143],[-8.6146105,41.0670971],[-8.614527,41.0677123],[-8.6159723,41.0682771],[-8.6164535,41.0684138],[-8.6169851,41.0685196],[-8.6175787,41.0686125],[-8.6178484,41.0686863],[-8.6181256,41.068768],[-8.6183283,41.0688621],[-8.6187616,41.0690541],[-8.6188459,41.0690768],[-8.6189581,41.069078],[-8.6191305,41.0690508],[-8.6198517,41.0689127],[-8.619849,41.0688212],[-8.6199262,41.0684937],[-8.6199466,41.068405],[-8.6199922,41.0682703],[-8.6206451,41.0671167],[-8.6208913,41.0671091],[-8.6210034,41.0667756],[-8.6210879,41.0665872],[-8.6214612,41.0660713],[-8.6216382,41.0658212],[-8.621818,41.0655315],[-8.6219473,41.0652599],[-8.6219035,41.0650142],[-8.6218637,41.0646784],[-8.6218399,41.0642049],[-8.6217808,41.0633236],[-8.6217786,41.0631517],[-8.6218011,41.0630644],[-8.6219746,41.0625755],[-8.6220789,41.0624338],[-8.622192,41.0622307],[-8.6222975,41.062051],[-8.6224486,41.0617929],[-8.6225504,41.0615826],[-8.6225727,41.0614125],[-8.6254189,41.0541401],[-8.625364,41.0540449],[-8.6253136,41.0539163],[-8.625444,41.0538617],[-8.6258161,41.0528696],[-8.6259175,41.052636],[-8.6259899,41.0524151],[-8.6260476,41.0521151],[-8.6260376,41.0519376],[-8.6261083,41.0517193],[-8.6261885,41.0514977],[-8.6262606,41.0512738],[-8.626325,41.0510504],[-8.6263279,41.050823],[-8.6263189,41.0505794],[-8.6262599,41.0503471],[-8.6262031,41.0501254],[-8.6261272,41.0498857],[-8.6261224,41.0498134],[-8.6260925,41.0497873],[-8.6261359,41.0497517],[-8.6261303,41.0496685],[-8.6255028,41.0476613],[-8.6255011,41.0476559],[-8.6254473,41.0474986],[-8.6250738,41.0461676],[-8.6250028,41.046124],[-8.6248587,41.0459485],[-8.6246917,41.045746],[-8.6246105,41.0456299],[-8.6244621,41.0454405],[-8.6242994,41.045264],[-8.6241396,41.0450778],[-8.6239497,41.0448802],[-8.6237692,41.0446928],[-8.6235841,41.0444983],[-8.6234015,41.0443198],[-8.6233533,41.0442812],[-8.6231739,41.0441001],[-8.6229962,41.0438922],[-8.6229218,41.0436519],[-8.6228599,41.043407],[-8.6228124,41.0431657],[-8.6227908,41.0430458],[-8.6225325,41.0427447],[-8.6224711,41.0427107],[-8.6212129,41.0419149],[-8.6197505,41.0414216],[-8.6172148,41.0405634],[-8.6171662,41.0405411],[-8.6171364,41.0405199],[-8.6170608,41.0404389],[-8.6169375,41.0403007],[-8.6166738,41.0400128],[-8.6163486,41.0396922],[-8.6162806,41.0396712],[-8.6162019,41.0396678],[-8.6152754,41.0382744],[-8.6146053,41.0378911],[-8.6119777,41.0365414],[-8.6098453,41.0361164],[-8.609663,41.0357795],[-8.6095858,41.0356785],[-8.6094673,41.0355447],[-8.6093426,41.0354339],[-8.609015,41.0352549],[-8.6087923,41.0351015],[-8.6082811,41.034728],[-8.6067376,41.0336708],[-8.6062942,41.0333788],[-8.6031464,41.0353581],[-8.6010034,41.0351465],[-8.6004758,41.0351025],[-8.5989728,41.0349426],[-8.5985682,41.0348553],[-8.5985106,41.034786],[-8.5984176,41.03465],[-8.5983554,41.0345082],[-8.5983354,41.0344353],[-8.5979,41.0344807],[-8.5979103,41.034544],[-8.597576,41.0346762],[-8.5975125,41.0345634],[-8.5952381,41.0343522],[-8.5946065,41.0342933],[-8.5929839,41.0361708],[-8.5929462,41.0362089],[-8.5913243,41.0381634],[-8.5911884,41.0398526],[-8.590121,41.0410804],[-8.5900735,41.0411994],[-8.589984,41.0412468],[-8.5898621,41.0412588],[-8.5897845,41.0412808],[-8.5896835,41.0413135],[-8.5895971,41.0413724],[-8.5894678,41.0414987],[-8.5894064,41.041629],[-8.5895393,41.0416571],[-8.5896797,41.0417162],[-8.5898045,41.0417607],[-8.5898824,41.0417973],[-8.5900519,41.041892],[-8.590284,41.0420095],[-8.5905155,41.0421243],[-8.5907771,41.0422414],[-8.5910074,41.0423147],[-8.5910742,41.0423449],[-8.5911363,41.0423846],[-8.5913405,41.0424488],[-8.5914668,41.0424849],[-8.5915804,41.0425064],[-8.5917178,41.0425362],[-8.5918465,41.0425461],[-8.5919282,41.0425461],[-8.5920791,41.042539],[-8.5923851,41.0425305],[-8.5924376,41.0425251],[-8.592511,41.0425133],[-8.5925815,41.042513],[-8.5928796,41.0425769],[-8.5931905,41.0426792],[-8.5932935,41.0427198],[-8.5933797,41.0427687],[-8.5935607,41.0428873],[-8.5936131,41.0429228],[-8.5936687,41.0429479],[-8.5937078,41.0429759],[-8.5938065,41.0430332],[-8.5940508,41.0431307],[-8.5941929,41.0432275],[-8.5942796,41.043286],[-8.5942588,41.043371],[-8.5948246,41.0437033],[-8.5949127,41.043815],[-8.5950251,41.0438533],[-8.5951776,41.0438747],[-8.5960562,41.0451627],[-8.5968963,41.0456818],[-8.5996621,41.0481051],[-8.6015036,41.049018],[-8.6016619,41.0492202],[-8.6016969,41.049258],[-8.6018112,41.0493937],[-8.6019072,41.0495301],[-8.6019926,41.0496316],[-8.6020845,41.0497252],[-8.6021699,41.0498071],[-8.6022072,41.0498365],[-8.6021858,41.0498968],[-8.6021944,41.0499415],[-8.6022185,41.0499864],[-8.6023091,41.0501372],[-8.6023779,41.0502587],[-8.6024139,41.0503314],[-8.6024724,41.0504389],[-8.6025478,41.0505771],[-8.6025993,41.0506742],[-8.6026764,41.0508084],[-8.6027498,41.0509195],[-8.6028149,41.0510231],[-8.6028648,41.0511166],[-8.6028992,41.0511919],[-8.6029357,41.0513237],[-8.6029687,41.0514494],[-8.6030243,41.0516489],[-8.6030418,41.0517065],[-8.6031439,41.0520221],[-8.6032251,41.0522717],[-8.6044445,41.0553171],[-8.6042642,41.0568088],[-8.6041344,41.0577686],[-8.60403,41.0584485],[-8.6039926,41.0588254],[-8.6039933,41.0590655],[-8.6039775,41.0591686],[-8.6048538,41.061363],[-8.6055499,41.0625406],[-8.605607,41.0629497],[-8.6055925,41.0629982],[-8.6055583,41.0630319],[-8.6055642,41.0631548],[-8.6055755,41.063352],[-8.605617,41.0636611],[-8.6056228,41.0637801],[-8.6055885,41.0638174],[-8.6055152,41.0638475]]]}},{"type":"Feature","properties":{"nome":"Valadares","municipio":"Vila Nova de Gaia","municipio_short":"VNG","dicofre":"131746","area_km2":5.14,"area_ha":513.8,"populacao":9252,"populacao_fonte":"estimated","densidade":1800,"num_escolas":3,"num_parques":1,"area_verde_m2":129528,"comboios_ativos":0,"camara_nome":"Câmara Municipal de Vila Nova de Gaia","camara_email":"geral@cm-gaia.pt","camara_url":"https://www.cm-gaia.pt","escudo_url":null,"cor_principal":"#5C7A52","centroide":[-8.635868234722222,41.09405722972221],"_todo":["Replace estimated populacao with real INE 2021 BGRI","Add real num_escolas (Censo + DGEEC)","Add real area_verde_m2 (Câmara dataset)","Add real comboios_ativos (Bicis Sapiens registry)","Add escudo_url (Wikimedia Commons SVG)","Verify cor_principal against actual heraldic blazon"]},"geometry":{"type":"Polygon","coordinates":[[[-8.645038,41.085076],[-8.6449385,41.0850714],[-8.6448767,41.0850747],[-8.6448477,41.0850793],[-8.64466,41.0850512],[-8.6446108,41.0850449],[-8.6427181,41.0847889],[-8.6426348,41.0847864],[-8.6426231,41.0847862],[-8.6391294,41.0846803],[-8.6388108,41.0847078],[-8.638405,41.0847266],[-8.6380697,41.0847525],[-8.6377594,41.0848329],[-8.6375595,41.084968],[-8.6372556,41.0851143],[-8.6370029,41.0851345],[-8.6367274,41.0851121],[-8.6366754,41.0850996],[-8.636516,41.0850618],[-8.6358643,41.0848989],[-8.6352648,41.0847493],[-8.6349782,41.0847168],[-8.634733,41.0846309],[-8.6344246,41.0845478],[-8.6341162,41.0844678],[-8.633566,41.0847235],[-8.6337237,41.0843545],[-8.6330625,41.0841973],[-8.6326058,41.0840631],[-8.6320422,41.0837715],[-8.6313958,41.0834229],[-8.6313861,41.0834168],[-8.6308967,41.0831612],[-8.6300557,41.0828173],[-8.6298175,41.0827427],[-8.6293865,41.0825222],[-8.6291129,41.0824181],[-8.6287193,41.0823863],[-8.6285125,41.0823622],[-8.6281489,41.0823655],[-8.6276325,41.0823305],[-8.6271724,41.0823409],[-8.6267447,41.0823931],[-8.6267584,41.0825008],[-8.6268547,41.0827253],[-8.6269335,41.0828685],[-8.6270575,41.0830516],[-8.6271384,41.0831702],[-8.6272817,41.0834119],[-8.6274035,41.0836531],[-8.6274176,41.0837267],[-8.6274181,41.083796],[-8.6274079,41.0838478],[-8.6273705,41.0839335],[-8.6273119,41.0840044],[-8.6269689,41.084428],[-8.6264017,41.0851395],[-8.6264543,41.085218],[-8.6264776,41.0853454],[-8.626507,41.0854727],[-8.6265123,41.0855515],[-8.6264798,41.0856332],[-8.6264214,41.0857452],[-8.6263535,41.085842],[-8.6261857,41.0860949],[-8.6260965,41.0862621],[-8.6260392,41.0863842],[-8.6259661,41.0865454],[-8.6258744,41.0868069],[-8.6258755,41.086958],[-8.6259163,41.0870608],[-8.6259423,41.0870866],[-8.6257412,41.0871763],[-8.6256297,41.0872373],[-8.6251909,41.0874733],[-8.6247291,41.0881825],[-8.623654,41.089173],[-8.6229487,41.0898244],[-8.6227694,41.0900726],[-8.62212,41.0932953],[-8.6218912,41.0936437],[-8.6217595,41.0938513],[-8.6214347,41.0938919],[-8.6210723,41.0939725],[-8.6207661,41.0941006],[-8.6205086,41.0942337],[-8.620238,41.0944408],[-8.6200997,41.0946317],[-8.6197967,41.0951982],[-8.6197216,41.095431],[-8.6196625,41.0959329],[-8.619651,41.0962606],[-8.619535,41.0966626],[-8.6194536,41.096964],[-8.6192483,41.0975461],[-8.6189495,41.0975074],[-8.6188267,41.0985712],[-8.6188446,41.0986764],[-8.6189879,41.0986831],[-8.6190716,41.0986969],[-8.6191555,41.0987531],[-8.6196075,41.0990384],[-8.6196625,41.0990019],[-8.6197713,41.0989148],[-8.6198271,41.0988661],[-8.6198805,41.098835],[-8.6199609,41.0988077],[-8.6202018,41.0987692],[-8.6205857,41.0987287],[-8.6207886,41.0986932],[-8.6208509,41.0986913],[-8.6208673,41.0987385],[-8.6208985,41.0988447],[-8.6209072,41.0989367],[-8.6208994,41.0989631],[-8.6208532,41.0990022],[-8.6208022,41.0990376],[-8.6207352,41.0990486],[-8.6206282,41.0990611],[-8.6203547,41.099078],[-8.620418,41.0994095],[-8.6207753,41.0994913],[-8.6209307,41.0995306],[-8.6210746,41.099539],[-8.6213305,41.0995348],[-8.6213438,41.0993848],[-8.621347,41.0993178],[-8.621351,41.0992736],[-8.6213757,41.099256],[-8.6214719,41.099255],[-8.6215968,41.0992517],[-8.6217336,41.0992317],[-8.6219019,41.0991986],[-8.6219888,41.0991766],[-8.6220747,41.0991757],[-8.6221387,41.0991889],[-8.6221735,41.0992122],[-8.6221968,41.0992396],[-8.622265,41.0993215],[-8.6223497,41.0994556],[-8.6223657,41.0994772],[-8.6223846,41.099489],[-8.6224237,41.0994938],[-8.6224659,41.0994942],[-8.6228793,41.0994587],[-8.6231447,41.0994412],[-8.6233115,41.0994304],[-8.6233423,41.0994263],[-8.6233585,41.0994293],[-8.6233712,41.099449],[-8.6233803,41.0998722],[-8.6233721,41.1000472],[-8.6233754,41.1000891],[-8.6233866,41.100137],[-8.6235475,41.1002204],[-8.6239983,41.1004852],[-8.6240873,41.1004724],[-8.624171,41.1004693],[-8.6243169,41.100481],[-8.6244182,41.1004992],[-8.6246026,41.1005299],[-8.6246821,41.1005487],[-8.624759,41.1005596],[-8.6248551,41.1005645],[-8.6249493,41.1005596],[-8.6251132,41.1005448],[-8.6254228,41.1005042],[-8.6256914,41.1004765],[-8.6258945,41.1004537],[-8.6260641,41.1004364],[-8.6261611,41.1004216],[-8.6262022,41.1004169],[-8.6264083,41.100422],[-8.6263732,41.1007761],[-8.6263507,41.1010781],[-8.6263323,41.1016786],[-8.6263358,41.1021595],[-8.6263406,41.1023992],[-8.6263486,41.1026369],[-8.6263494,41.102741],[-8.6265693,41.1028341],[-8.6266004,41.1028587],[-8.626658,41.1028835],[-8.6268248,41.1029495],[-8.6271379,41.1030691],[-8.6284596,41.1037714],[-8.6287814,41.1039309],[-8.6288179,41.1039392],[-8.6291424,41.1040605],[-8.6294079,41.1041772],[-8.6296662,41.1043219],[-8.6297818,41.1043819],[-8.6300699,41.1044951],[-8.6302325,41.1045313],[-8.6304043,41.1045781],[-8.6305639,41.104654],[-8.6307422,41.104802],[-8.630775,41.104843],[-8.6309384,41.1049945],[-8.6309716,41.1050118],[-8.6310733,41.1050544],[-8.6311051,41.1050619],[-8.6314035,41.1050927],[-8.6315368,41.1050859],[-8.6315688,41.1050768],[-8.631599,41.1050629],[-8.6316253,41.1050467],[-8.6317453,41.1049381],[-8.6318814,41.1047636],[-8.6319802,41.1046875],[-8.6320076,41.1046744],[-8.632296,41.1045491],[-8.6324275,41.1044743],[-8.6324574,41.1044642],[-8.6325152,41.1044437],[-8.6326019,41.1044088],[-8.6327036,41.1043613],[-8.6327181,41.1043548],[-8.6327639,41.1043318],[-8.6327803,41.1043497],[-8.6330101,41.1042694],[-8.6349116,41.1036226],[-8.6389339,41.1021869],[-8.639177,41.1021408],[-8.639303,41.1020637],[-8.6393839,41.1019733],[-8.6394784,41.1018808],[-8.6395203,41.1018413],[-8.6395599,41.1018037],[-8.6395882,41.1017163],[-8.6396181,41.1014784],[-8.639626,41.1012778],[-8.6396142,41.10097],[-8.6395771,41.1006716],[-8.6395512,41.1005046],[-8.6395021,41.1001117],[-8.6394026,41.0998031],[-8.6392663,41.0995083],[-8.6392107,41.0993504],[-8.6390773,41.0990458],[-8.6390207,41.0989062],[-8.6390017,41.0988087],[-8.6390391,41.0987688],[-8.6390934,41.0987385],[-8.6392196,41.0987154],[-8.6393649,41.0986923],[-8.639907,41.0986811],[-8.6402155,41.0986665],[-8.6403839,41.098598],[-8.6405482,41.0984827],[-8.6406166,41.0984234],[-8.6408041,41.0983879],[-8.6411891,41.0983479],[-8.6413498,41.0983612],[-8.6414821,41.098274],[-8.6416089,41.0981277],[-8.6418633,41.0977726],[-8.6422179,41.0973791],[-8.6424319,41.0972346],[-8.6429429,41.0969132],[-8.6431903,41.0968198],[-8.64339,41.0967236],[-8.643387,41.0967393],[-8.6433876,41.0967573],[-8.64345,41.0968792],[-8.6435238,41.0970125],[-8.6436201,41.0971905],[-8.6443711,41.0972707],[-8.6443955,41.0972529],[-8.6468416,41.0953286],[-8.6472903,41.0953941],[-8.6476027,41.0954493],[-8.6516863,41.0960514],[-8.6533634,41.0960444],[-8.654064,41.0962103],[-8.6540742,41.0962125],[-8.6542453,41.0961906],[-8.6547904,41.0961195],[-8.6548884,41.0961084],[-8.6553031,41.096071],[-8.6555943,41.0960283],[-8.6559681,41.095987],[-8.6564397,41.0959319],[-8.6566407,41.0959048],[-8.6573755,41.095832],[-8.6596008,41.0956161],[-8.6595418,41.0954655],[-8.6592642,41.0951013],[-8.6592309,41.0943333],[-8.6592533,41.0939956],[-8.6592566,41.0937938],[-8.6591431,41.0936052],[-8.6589187,41.0934695],[-8.6587542,41.0933513],[-8.6585275,41.0929994],[-8.6584959,41.0927204],[-8.6583994,41.092258],[-8.6582172,41.0919671],[-8.6580774,41.0917491],[-8.6579616,41.091554],[-8.6578765,41.0914123],[-8.6577274,41.0911077],[-8.6576577,41.0909802],[-8.6576344,41.0908478],[-8.6575434,41.0907061],[-8.6574877,41.0903721],[-8.65748,41.0901021],[-8.6574971,41.0899194],[-8.6574966,41.0897933],[-8.6575245,41.0896753],[-8.6575828,41.0895389],[-8.6577019,41.0893709],[-8.6577993,41.0892193],[-8.6578883,41.0890433],[-8.6579574,41.0888637],[-8.6579773,41.0887115],[-8.6579757,41.0885781],[-8.6579377,41.0884117],[-8.6577865,41.0882413],[-8.6576433,41.0880827],[-8.6575515,41.0878715],[-8.6576014,41.0875589],[-8.6575712,41.0872889],[-8.6576183,41.086997],[-8.6576583,41.0866763],[-8.6577239,41.0864112],[-8.6577247,41.0862177],[-8.6577525,41.0860546],[-8.6577698,41.0859085],[-8.6577951,41.0856706],[-8.6578385,41.0852968],[-8.6578667,41.0851301],[-8.6578841,41.084897],[-8.6578944,41.0845916],[-8.6578893,41.084308],[-8.6578682,41.084038],[-8.6578765,41.0835408],[-8.6578747,41.0828036],[-8.6578731,41.0827845],[-8.655369,41.0830527],[-8.65494,41.0830988],[-8.6533144,41.0833113],[-8.6528524,41.0833739],[-8.6524291,41.0834341],[-8.6490012,41.0839315],[-8.6489798,41.0839345],[-8.6486626,41.0841773],[-8.6467046,41.0847174],[-8.6464176,41.0847549],[-8.6462713,41.0849272],[-8.6462422,41.0849218],[-8.6461514,41.0849475],[-8.6458768,41.0850342],[-8.6455969,41.085128],[-8.6455669,41.0851366],[-8.6454698,41.0851458],[-8.6454364,41.0851457],[-8.6451342,41.0850916],[-8.6451027,41.0850842],[-8.645038,41.085076]]]}},{"type":"Feature","properties":{"nome":"Vilar de Andorinho","municipio":"Vila Nova de Gaia","municipio_short":"VNG","dicofre":"131723","area_km2":7.07,"area_ha":706.51,"populacao":12726,"populacao_fonte":"estimated","densidade":1800,"num_escolas":4,"num_parques":1,"area_verde_m2":178164,"comboios_ativos":2,"camara_nome":"Câmara Municipal de Vila Nova de Gaia","camara_email":"geral@cm-gaia.pt","camara_url":"https://www.cm-gaia.pt","escudo_url":null,"cor_principal":"#6B3F58","centroide":[-8.573710638623318,41.10246593212234],"_todo":["Replace estimated populacao with real INE 2021 BGRI","Add real num_escolas (Censo + DGEEC)","Add real area_verde_m2 (Câmara dataset)","Add real comboios_ativos (Bicis Sapiens registry)","Add escudo_url (Wikimedia Commons SVG)","Verify cor_principal against actual heraldic blazon"]},"geometry":{"type":"Polygon","coordinates":[[[-8.5982142,41.0964348],[-8.5977444,41.0959506],[-8.5975193,41.0956917],[-8.5972588,41.0955442],[-8.5973314,41.0953953],[-8.5973671,41.0952573],[-8.5973913,41.0951104],[-8.5965363,41.0951689],[-8.5965422,41.0950758],[-8.5965252,41.0950128],[-8.5964894,41.0949519],[-8.5964374,41.0948719],[-8.5963811,41.0948111],[-8.59628,41.0947342],[-8.5962266,41.0947192],[-8.596498,41.0941987],[-8.5963453,41.0941666],[-8.5962412,41.0941462],[-8.596006,41.0941186],[-8.5957447,41.0941032],[-8.5956494,41.0940994],[-8.5955421,41.0941265],[-8.5949155,41.0934943],[-8.5941105,41.0926475],[-8.5936082,41.0921498],[-8.5937515,41.0920701],[-8.5931805,41.0915223],[-8.5930818,41.0914261],[-8.5930088,41.0913058],[-8.5929743,41.091188],[-8.5916094,41.0919278],[-8.5914033,41.0919936],[-8.5913161,41.0919884],[-8.5911585,41.0919451],[-8.5907022,41.091723],[-8.590621,41.0917925],[-8.5904051,41.091933],[-8.590253,41.0920804],[-8.5901374,41.0921647],[-8.5899921,41.0922038],[-8.5898343,41.0921369],[-8.5897441,41.0920005],[-8.5896759,41.0918936],[-8.5885567,41.0902644],[-8.5884952,41.090322],[-8.5884064,41.0904343],[-8.5882392,41.090641],[-8.5881538,41.0907612],[-8.5879932,41.0909624],[-8.5878257,41.0911167],[-8.5877094,41.0912449],[-8.5875271,41.0914897],[-8.5876289,41.091675],[-8.5877448,41.0918625],[-8.5878862,41.0920907],[-8.588091,41.09238],[-8.5875036,41.0936764],[-8.5873972,41.0937953],[-8.5870953,41.0940279],[-8.5867896,41.0941994],[-8.5863673,41.0943784],[-8.5860567,41.0944814],[-8.5856631,41.0945297],[-8.5853208,41.0945238],[-8.5850389,41.094497],[-8.5846849,41.0944741],[-8.5842508,41.0944263],[-8.5839259,41.0943852],[-8.5836172,41.0944064],[-8.5832517,41.0943807],[-8.5827307,41.0943116],[-8.5823146,41.094242],[-8.5819577,41.0941698],[-8.5815913,41.0940991],[-8.5813292,41.0940183],[-8.5809882,41.09386],[-8.5806582,41.0936255],[-8.5803284,41.0933514],[-8.5800548,41.0930931],[-8.5799024,41.0929099],[-8.5797473,41.0926179],[-8.5795357,41.0921893],[-8.5793823,41.0918118],[-8.5792611,41.0914197],[-8.579148,41.0909798],[-8.5790353,41.0905533],[-8.5789168,41.0902512],[-8.5788397,41.0901301],[-8.578536,41.0899016],[-8.578002,41.0896262],[-8.5777425,41.0894365],[-8.5769837,41.0891873],[-8.5757818,41.0888265],[-8.5756454,41.0887857],[-8.5748,41.0884186],[-8.5738617,41.0879999],[-8.573091,41.0879013],[-8.5725757,41.0878455],[-8.5722243,41.0877639],[-8.5720476,41.0877077],[-8.5718327,41.0876115],[-8.5715994,41.0875392],[-8.5714198,41.0874771],[-8.571213,41.0873949],[-8.5710816,41.0873568],[-8.5709878,41.0873412],[-8.5706727,41.0873252],[-8.5698035,41.0872123],[-8.5685553,41.0870513],[-8.5674404,41.0868954],[-8.5665224,41.0868907],[-8.5613237,41.0876323],[-8.5579805,41.0881804],[-8.5572617,41.08831],[-8.5570704,41.0883838],[-8.5568546,41.0884601],[-8.556648,41.0885159],[-8.5565049,41.088582],[-8.556041,41.0886488],[-8.5556264,41.0887735],[-8.5549085,41.0889726],[-8.5537818,41.0894349],[-8.5533178,41.0895645],[-8.5532053,41.0896117],[-8.5528409,41.0898418],[-8.5526105,41.0899344],[-8.5526695,41.0900262],[-8.5527085,41.0901295],[-8.5527599,41.0902366],[-8.552822,41.0903497],[-8.5528643,41.0904621],[-8.5531427,41.0909707],[-8.5533015,41.0912537],[-8.5535703,41.091448],[-8.554121,41.091556],[-8.5543297,41.0916219],[-8.5546462,41.0920203],[-8.5548648,41.0920719],[-8.5551218,41.0922347],[-8.5554586,41.0924135],[-8.5556125,41.0923924],[-8.5558299,41.0925736],[-8.5558014,41.0926728],[-8.5557252,41.0928169],[-8.5553423,41.0930102],[-8.5551335,41.0930889],[-8.5549284,41.0933863],[-8.5547317,41.0935178],[-8.5545833,41.0935873],[-8.554157,41.0937186],[-8.5540023,41.0937256],[-8.5538912,41.0937899],[-8.5537427,41.0938985],[-8.5537542,41.0940414],[-8.55378,41.0941696],[-8.5541133,41.0943887],[-8.5544286,41.0946774],[-8.5544621,41.0949799],[-8.5544873,41.0953093],[-8.5546884,41.0955203],[-8.5548857,41.09547],[-8.5552828,41.0953208],[-8.5561384,41.0952096],[-8.5568685,41.0951259],[-8.5570568,41.0951192],[-8.5572352,41.0950944],[-8.5573173,41.0950977],[-8.5574235,41.0951541],[-8.5575015,41.0952144],[-8.5575721,41.0952443],[-8.5576145,41.0952547],[-8.5577908,41.0952595],[-8.5578848,41.0952752],[-8.5578502,41.0953535],[-8.5578372,41.0955348],[-8.5578119,41.0956167],[-8.5577378,41.0957074],[-8.5576345,41.0958006],[-8.5575853,41.0958506],[-8.557586,41.0959466],[-8.5575992,41.0960992],[-8.5577352,41.0963625],[-8.5578351,41.0965872],[-8.5578688,41.0967444],[-8.5578656,41.0968771],[-8.5578905,41.096986],[-8.5579141,41.0971362],[-8.557979,41.0972774],[-8.5579709,41.0974494],[-8.5580212,41.0976113],[-8.5580231,41.0978176],[-8.5580474,41.0980417],[-8.5581996,41.0983102],[-8.5582321,41.0984381],[-8.5582402,41.0985126],[-8.5582586,41.098634],[-8.5584531,41.0988224],[-8.5586245,41.0988921],[-8.5588733,41.0989489],[-8.5591607,41.0989593],[-8.5594873,41.0989592],[-8.5597301,41.0989698],[-8.5599006,41.0990576],[-8.5598839,41.0991718],[-8.5597613,41.0993283],[-8.5596959,41.0994537],[-8.5595428,41.0996585],[-8.5593105,41.0998755],[-8.5590251,41.1001259],[-8.5586274,41.1003463],[-8.5585435,41.1004569],[-8.5584936,41.1005781],[-8.5584371,41.1007347],[-8.5584276,41.100889],[-8.5584574,41.1009496],[-8.5586029,41.1010532],[-8.5588715,41.1011115],[-8.5591242,41.1011413],[-8.5594126,41.1010992],[-8.5595857,41.101038],[-8.5596963,41.1010109],[-8.5597855,41.1010105],[-8.5598797,41.1010332],[-8.5599942,41.1010948],[-8.5601596,41.1012275],[-8.560277,41.1013134],[-8.560618,41.1014934],[-8.5607517,41.1016715],[-8.5607652,41.101853],[-8.5607377,41.1020816],[-8.5607721,41.1022725],[-8.5608685,41.1023737],[-8.5609702,41.1024495],[-8.5611916,41.102543],[-8.5614193,41.1027369],[-8.5616545,41.1028814],[-8.5616919,41.1029088],[-8.5617216,41.1029259],[-8.5617498,41.1029511],[-8.5617889,41.1029814],[-8.5618625,41.1030022],[-8.5619309,41.1030346],[-8.5616656,41.1032936],[-8.561574,41.103366],[-8.5614555,41.1034599],[-8.5606267,41.1044512],[-8.5603403,41.1048935],[-8.5602166,41.1052924],[-8.5603334,41.1053232],[-8.5604925,41.1055285],[-8.5604861,41.1056085],[-8.5605291,41.1058335],[-8.5605575,41.1059455],[-8.5606165,41.1060826],[-8.5607201,41.1061984],[-8.5608655,41.1062904],[-8.5609606,41.1063328],[-8.5612587,41.1063619],[-8.5614854,41.1063188],[-8.5615959,41.106295],[-8.5617123,41.1062783],[-8.5618296,41.1062649],[-8.5620425,41.1062824],[-8.562213,41.1063358],[-8.5624979,41.1063746],[-8.5626846,41.1064064],[-8.5627982,41.106425],[-8.5628816,41.1064534],[-8.562912,41.1064933],[-8.5628588,41.1066026],[-8.5627922,41.1066671],[-8.5627422,41.1067303],[-8.5624989,41.107138],[-8.5623568,41.1074529],[-8.5621985,41.1078199],[-8.5620802,41.1080752],[-8.562081,41.1083237],[-8.5621973,41.108596],[-8.562502,41.1088632],[-8.5626338,41.1090426],[-8.5627239,41.109137],[-8.5629486,41.1092586],[-8.5630606,41.1094996],[-8.5630986,41.1098649],[-8.5631038,41.1099299],[-8.5631425,41.1100113],[-8.563217,41.1100704],[-8.5633638,41.1101073],[-8.5635122,41.1101298],[-8.563796,41.1102675],[-8.5638337,41.1104032],[-8.5638522,41.1106119],[-8.5639579,41.1107784],[-8.5641788,41.1111229],[-8.5643376,41.1115283],[-8.5644106,41.1116228],[-8.5645022,41.11167],[-8.5646106,41.1116581],[-8.5646729,41.1116002],[-8.5647532,41.1115816],[-8.5648753,41.1115918],[-8.5650769,41.1115803],[-8.5652659,41.1115943],[-8.5654112,41.1116228],[-8.5654617,41.111656],[-8.565537,41.1117354],[-8.5655745,41.1118599],[-8.565568,41.1119176],[-8.5654651,41.1121675],[-8.5652561,41.1122561],[-8.5649604,41.1123205],[-8.5645084,41.1125715],[-8.5642549,41.1127936],[-8.5641744,41.1130466],[-8.5642006,41.1131323],[-8.5642361,41.1131749],[-8.5643861,41.1132231],[-8.5647811,41.1132241],[-8.5656616,41.1133018],[-8.5658076,41.1133525],[-8.5658998,41.1133614],[-8.5660729,41.1134734],[-8.5660985,41.1135084],[-8.5662875,41.1137284],[-8.5665239,41.1139911],[-8.5667036,41.1141303],[-8.5667466,41.1141881],[-8.5667589,41.1142398],[-8.5667415,41.1143093],[-8.5667134,41.1143976],[-8.5667346,41.1146045],[-8.5669789,41.1148061],[-8.5673513,41.1150839],[-8.5674852,41.1152356],[-8.5677429,41.1152616],[-8.5678771,41.1152988],[-8.5679428,41.1153383],[-8.5681814,41.1155461],[-8.5683907,41.1157119],[-8.5689098,41.1161801],[-8.5690189,41.1162174],[-8.5692819,41.1162812],[-8.5697778,41.1162551],[-8.5702959,41.1161783],[-8.5707488,41.1161],[-8.5712661,41.1160668],[-8.571327,41.1160485],[-8.5714675,41.1160063],[-8.5715546,41.1159804],[-8.5715833,41.1158773],[-8.5716424,41.1157605],[-8.5717013,41.1157336],[-8.5717432,41.1157003],[-8.5718368,41.1156002],[-8.5720044,41.1154072],[-8.5721416,41.1152055],[-8.5721875,41.1151434],[-8.5723326,41.1150138],[-8.57241,41.1149665],[-8.5725528,41.114951],[-8.5727057,41.1149234],[-8.5729121,41.1148796],[-8.5730578,41.1148548],[-8.5732819,41.1147946],[-8.573538,41.1146883],[-8.5738225,41.1145657],[-8.5739807,41.1144913],[-8.5745564,41.1140626],[-8.5746221,41.1139292],[-8.5748408,41.1139607],[-8.5749168,41.1139388],[-8.5749853,41.1137984],[-8.5750167,41.1137397],[-8.5750497,41.1136963],[-8.575097,41.1136603],[-8.5751966,41.1136057],[-8.5755087,41.1132338],[-8.5759546,41.1133338],[-8.5760463,41.113272],[-8.576162,41.1131987],[-8.5762576,41.1131294],[-8.5763454,41.1130522],[-8.5765217,41.1129342],[-8.5765912,41.1129012],[-8.5767049,41.1129369],[-8.5768141,41.1129498],[-8.5769317,41.1129263],[-8.5770533,41.1128664],[-8.5771487,41.1127836],[-8.5772271,41.1127535],[-8.5772966,41.1127237],[-8.577366,41.1126671],[-8.5774248,41.112632],[-8.5774963,41.1125645],[-8.5775185,41.1125515],[-8.5789809,41.1117014],[-8.5806112,41.1127074],[-8.5807825,41.1125489],[-8.5817144,41.1120337],[-8.5820756,41.1117956],[-8.5816643,41.1113768],[-8.5827277,41.1101417],[-8.5828954,41.1101014],[-8.5828792,41.1099169],[-8.582862,41.1096916],[-8.5828783,41.1096056],[-8.583026,41.1096085],[-8.583182,41.1096149],[-8.5836314,41.1096494],[-8.5838103,41.1096625],[-8.5839248,41.1096671],[-8.5839397,41.1094676],[-8.5839588,41.1093687],[-8.5840067,41.1092225],[-8.5840325,41.1091605],[-8.5840846,41.1091009],[-8.5841667,41.1091648],[-8.5842588,41.1092313],[-8.5843311,41.1092755],[-8.5844473,41.1093398],[-8.5844788,41.1093289],[-8.5845266,41.1093204],[-8.5845944,41.1093161],[-8.584712,41.109335],[-8.5850359,41.1094365],[-8.5852943,41.1095182],[-8.5854849,41.1095641],[-8.5856046,41.109589],[-8.5856889,41.1096019],[-8.5857329,41.1096018],[-8.5857603,41.109585],[-8.5857677,41.1095642],[-8.5857547,41.1095392],[-8.5855568,41.109437],[-8.5854781,41.1093905],[-8.5852586,41.1091967],[-8.5852133,41.1091462],[-8.5852063,41.1091122],[-8.5852227,41.1090871],[-8.5852648,41.1090785],[-8.5853138,41.1090907],[-8.5855944,41.1092123],[-8.5857008,41.1092417],[-8.5858412,41.1092749],[-8.5860258,41.1092953],[-8.5860925,41.1092823],[-8.586098,41.109257],[-8.5860868,41.1092145],[-8.5860364,41.1091937],[-8.5858403,41.109148],[-8.5857729,41.10911],[-8.585711,41.1090639],[-8.5855816,41.1089371],[-8.585553,41.1088866],[-8.5855499,41.1088692],[-8.5855607,41.1088455],[-8.5855956,41.108844],[-8.5856361,41.1088508],[-8.5857485,41.108928],[-8.58587,41.10899],[-8.5859786,41.1090093],[-8.586108,41.1090156],[-8.5863149,41.109019],[-8.5863595,41.1090188],[-8.5864937,41.1090065],[-8.586555,41.1089943],[-8.5865807,41.1089762],[-8.5865749,41.1089498],[-8.5865358,41.1089435],[-8.5864151,41.1089266],[-8.5863562,41.108915],[-8.5863011,41.1089017],[-8.5862328,41.1088777],[-8.5861796,41.1088545],[-8.5860947,41.1088145],[-8.5860335,41.1087705],[-8.5859452,41.108694],[-8.5859025,41.1086217],[-8.5858913,41.1085818],[-8.5858907,41.1085055],[-8.5859228,41.108372],[-8.5860011,41.1081444],[-8.5860206,41.1081057],[-8.5865643,41.1078798],[-8.5867938,41.1074588],[-8.5875461,41.1071115],[-8.5876886,41.1068636],[-8.5883279,41.1059992],[-8.5888122,41.1053883],[-8.589324,41.1046674],[-8.5895183,41.1044145],[-8.5896646,41.1042989],[-8.5897682,41.1043837],[-8.5899358,41.1045204],[-8.5900543,41.1046273],[-8.5902171,41.1047604],[-8.5913183,41.1056757],[-8.591441,41.1055969],[-8.5914972,41.1055285],[-8.5915467,41.1054346],[-8.5916173,41.1052998],[-8.5941619,41.1034457],[-8.5934441,41.1028358],[-8.5928972,41.1024443],[-8.5922771,41.1019909],[-8.5933131,41.1008017],[-8.5939462,41.0995922],[-8.5943655,41.0986685],[-8.5948204,41.0979016],[-8.5950463,41.0978993],[-8.5954643,41.0979295],[-8.5956523,41.0979475],[-8.5958452,41.0979597],[-8.5959625,41.0979713],[-8.5960798,41.0979166],[-8.5969612,41.0976091],[-8.5970113,41.0975926],[-8.5970908,41.097565],[-8.597194,41.0975108],[-8.5973269,41.0974093],[-8.5977565,41.0969114],[-8.5978153,41.0968282],[-8.5981074,41.0964722],[-8.5982142,41.0964348]]]}},{"type":"Feature","properties":{"nome":"Vilar do Paraíso","municipio":"Vila Nova de Gaia","municipio_short":"VNG","dicofre":"131747","area_km2":5.3,"area_ha":529.65,"populacao":9540,"populacao_fonte":"estimated","densidade":1800,"num_escolas":3,"num_parques":1,"area_verde_m2":85860,"comboios_ativos":1,"camara_nome":"Câmara Municipal de Vila Nova de Gaia","camara_email":"geral@cm-gaia.pt","camara_url":"https://www.cm-gaia.pt","escudo_url":null,"cor_principal":"#5C7A52","centroide":[-8.619599909216591,41.10028219078346],"_todo":["Replace estimated populacao with real INE 2021 BGRI","Add real num_escolas (Censo + DGEEC)","Add real area_verde_m2 (Câmara dataset)","Add real comboios_ativos (Bicis Sapiens registry)","Add escudo_url (Wikimedia Commons SVG)","Verify cor_principal against actual heraldic blazon"]},"geometry":{"type":"Polygon","coordinates":[[[-8.6149486,41.1184177],[-8.6153195,41.1182965],[-8.6161332,41.1181336],[-8.6176844,41.1178662],[-8.6184219,41.1177272],[-8.619487,41.1175259],[-8.620899,41.117318],[-8.6216124,41.1171812],[-8.621768,41.1171338],[-8.6219646,41.1170731],[-8.6220796,41.1170081],[-8.6221522,41.1169088],[-8.6222468,41.1167545],[-8.6223016,41.1166862],[-8.6224351,41.1166287],[-8.6225682,41.1165837],[-8.622933,41.116389],[-8.6235887,41.116228],[-8.6235695,41.1160654],[-8.6240046,41.115993],[-8.6248295,41.1158271],[-8.6259995,41.1156586],[-8.6266848,41.1155594],[-8.6274946,41.1154889],[-8.6278208,41.1148085],[-8.6279648,41.1143864],[-8.6280085,41.114137],[-8.6283092,41.1133917],[-8.6284409,41.1130149],[-8.6284592,41.1129397],[-8.628556,41.1127272],[-8.6287252,41.1123018],[-8.6290022,41.1116173],[-8.6292903,41.1108906],[-8.629366,41.1106561],[-8.6294755,41.1104153],[-8.6296765,41.1100895],[-8.6297858,41.1098833],[-8.6298498,41.1098014],[-8.6299605,41.1097081],[-8.6299709,41.109614],[-8.6299988,41.1094595],[-8.6300401,41.1093661],[-8.6300858,41.109299],[-8.6301351,41.1092076],[-8.6304791,41.1084926],[-8.6306766,41.1084633],[-8.6307048,41.1083535],[-8.6307267,41.1082766],[-8.6307507,41.1082275],[-8.6308051,41.1081921],[-8.6309115,41.1081683],[-8.6311143,41.1081272],[-8.6318481,41.1079948],[-8.6329974,41.1077493],[-8.6327626,41.1074475],[-8.6325991,41.107195],[-8.6325407,41.1071465],[-8.6325223,41.1070808],[-8.6325216,41.1069831],[-8.6324987,41.1069379],[-8.6324743,41.1069087],[-8.6324465,41.1068638],[-8.6324197,41.1067933],[-8.6323458,41.1065343],[-8.6322812,41.1063364],[-8.6322584,41.1062865],[-8.6322531,41.1062603],[-8.6322188,41.1062562],[-8.6321719,41.1062531],[-8.63209,41.1062441],[-8.6318566,41.1062153],[-8.6317033,41.1061954],[-8.6315604,41.1061842],[-8.6314232,41.1061882],[-8.6309711,41.1058579],[-8.6309869,41.1058427],[-8.6310482,41.1057701],[-8.6311432,41.1056084],[-8.6312072,41.1054633],[-8.6313045,41.1052468],[-8.6314035,41.1050927],[-8.6311051,41.1050619],[-8.6310733,41.1050544],[-8.6309716,41.1050118],[-8.6309384,41.1049945],[-8.630775,41.104843],[-8.6307422,41.104802],[-8.6305639,41.104654],[-8.6304043,41.1045781],[-8.6302325,41.1045313],[-8.6300699,41.1044951],[-8.6297818,41.1043819],[-8.6296662,41.1043219],[-8.6294079,41.1041772],[-8.6291424,41.1040605],[-8.6288179,41.1039392],[-8.6287814,41.1039309],[-8.6284596,41.1037714],[-8.6271379,41.1030691],[-8.6268248,41.1029495],[-8.626658,41.1028835],[-8.6266004,41.1028587],[-8.6265693,41.1028341],[-8.6263494,41.102741],[-8.6263486,41.1026369],[-8.6263406,41.1023992],[-8.6263358,41.1021595],[-8.6263323,41.1016786],[-8.6263507,41.1010781],[-8.6263732,41.1007761],[-8.6264083,41.100422],[-8.6262022,41.1004169],[-8.6261611,41.1004216],[-8.6260641,41.1004364],[-8.6258945,41.1004537],[-8.6256914,41.1004765],[-8.6254228,41.1005042],[-8.6251132,41.1005448],[-8.6249493,41.1005596],[-8.6248551,41.1005645],[-8.624759,41.1005596],[-8.6246821,41.1005487],[-8.6246026,41.1005299],[-8.6244182,41.1004992],[-8.6243169,41.100481],[-8.624171,41.1004693],[-8.6240873,41.1004724],[-8.6239983,41.1004852],[-8.6235475,41.1002204],[-8.6233866,41.100137],[-8.6233754,41.1000891],[-8.6233721,41.1000472],[-8.6233803,41.0998722],[-8.6233712,41.099449],[-8.6233585,41.0994293],[-8.6233423,41.0994263],[-8.6233115,41.0994304],[-8.6231447,41.0994412],[-8.6228793,41.0994587],[-8.6224659,41.0994942],[-8.6224237,41.0994938],[-8.6223846,41.099489],[-8.6223657,41.0994772],[-8.6223497,41.0994556],[-8.622265,41.0993215],[-8.6221968,41.0992396],[-8.6221735,41.0992122],[-8.6221387,41.0991889],[-8.6220747,41.0991757],[-8.6219888,41.0991766],[-8.6219019,41.0991986],[-8.6217336,41.0992317],[-8.6215968,41.0992517],[-8.6214719,41.099255],[-8.6213757,41.099256],[-8.621351,41.0992736],[-8.621347,41.0993178],[-8.6213438,41.0993848],[-8.6213305,41.0995348],[-8.6210746,41.099539],[-8.6209307,41.0995306],[-8.6207753,41.0994913],[-8.620418,41.0994095],[-8.6203547,41.099078],[-8.6206282,41.0990611],[-8.6207352,41.0990486],[-8.6208022,41.0990376],[-8.6208532,41.0990022],[-8.6208994,41.0989631],[-8.6209072,41.0989367],[-8.6208985,41.0988447],[-8.6208673,41.0987385],[-8.6208509,41.0986913],[-8.6207886,41.0986932],[-8.6205857,41.0987287],[-8.6202018,41.0987692],[-8.6199609,41.0988077],[-8.6198805,41.098835],[-8.6198271,41.0988661],[-8.6197713,41.0989148],[-8.6196625,41.0990019],[-8.6196075,41.0990384],[-8.6191555,41.0987531],[-8.6190716,41.0986969],[-8.6189879,41.0986831],[-8.6188446,41.0986764],[-8.6188267,41.0985712],[-8.6189495,41.0975074],[-8.6192483,41.0975461],[-8.6194536,41.096964],[-8.619535,41.0966626],[-8.619651,41.0962606],[-8.6196625,41.0959329],[-8.6197216,41.095431],[-8.6197967,41.0951982],[-8.6200997,41.0946317],[-8.620238,41.0944408],[-8.6205086,41.0942337],[-8.6207661,41.0941006],[-8.6210723,41.0939725],[-8.6214347,41.0938919],[-8.6217595,41.0938513],[-8.6218912,41.0936437],[-8.62212,41.0932953],[-8.6227694,41.0900726],[-8.6229487,41.0898244],[-8.623654,41.089173],[-8.6247291,41.0881825],[-8.6251909,41.0874733],[-8.6256297,41.0872373],[-8.6257412,41.0871763],[-8.6259423,41.0870866],[-8.6259163,41.0870608],[-8.6258755,41.086958],[-8.6258744,41.0868069],[-8.6259661,41.0865454],[-8.6260392,41.0863842],[-8.6260965,41.0862621],[-8.6261857,41.0860949],[-8.6263535,41.085842],[-8.6264214,41.0857452],[-8.6264798,41.0856332],[-8.6265123,41.0855515],[-8.626507,41.0854727],[-8.6264776,41.0853454],[-8.6264543,41.085218],[-8.6264017,41.0851395],[-8.6269689,41.084428],[-8.6273119,41.0840044],[-8.6273705,41.0839335],[-8.6274079,41.0838478],[-8.6274181,41.083796],[-8.6274176,41.0837267],[-8.6274035,41.0836531],[-8.6272817,41.0834119],[-8.6271384,41.0831702],[-8.6270575,41.0830516],[-8.6269335,41.0828685],[-8.6268547,41.0827253],[-8.6267584,41.0825008],[-8.6267447,41.0823931],[-8.6267119,41.0822807],[-8.626606,41.0817776],[-8.626045,41.0818225],[-8.6252093,41.0814211],[-8.6248236,41.0811093],[-8.6247519,41.0810601],[-8.6244771,41.0809126],[-8.6221103,41.0801133],[-8.6211771,41.0798623],[-8.6207856,41.0796757],[-8.6193061,41.0791395],[-8.6165318,41.0782499],[-8.6152373,41.0783229],[-8.6147769,41.0784154],[-8.6147454,41.0784758],[-8.6146864,41.0785452],[-8.614604,41.078621],[-8.6140366,41.0789385],[-8.6139004,41.0790359],[-8.6138369,41.0791189],[-8.6137649,41.0792601],[-8.6137483,41.0792962],[-8.6136107,41.0796424],[-8.613435,41.0799796],[-8.6134442,41.0803452],[-8.6133472,41.0805805],[-8.6131881,41.0807745],[-8.6130142,41.080974],[-8.6129017,41.0810879],[-8.6129272,41.0811101],[-8.6130858,41.0813584],[-8.6131637,41.0814476],[-8.6133109,41.081578],[-8.613441,41.081712],[-8.6135331,41.0818259],[-8.6136609,41.0820246],[-8.6137166,41.0821563],[-8.6137156,41.0822529],[-8.6137051,41.0823114],[-8.6136457,41.0823853],[-8.6135941,41.082432],[-8.6135301,41.0824894],[-8.6134737,41.0825327],[-8.6133846,41.0825987],[-8.6132754,41.0827023],[-8.6133331,41.0828307],[-8.6134639,41.0829354],[-8.6135578,41.0830434],[-8.6135613,41.0830968],[-8.613553,41.0831559],[-8.6134674,41.0833251],[-8.6133918,41.0833941],[-8.6133056,41.0834518],[-8.6131598,41.0835298],[-8.6131417,41.083636],[-8.6131361,41.0838158],[-8.6131503,41.0839455],[-8.6131838,41.0840933],[-8.6132607,41.0842106],[-8.6132714,41.0842905],[-8.613235,41.0844488],[-8.6128913,41.0844714],[-8.6124908,41.0862063],[-8.6122152,41.0874646],[-8.6116839,41.0898619],[-8.611349,41.0901207],[-8.6108043,41.0908217],[-8.6098077,41.0924348],[-8.6091885,41.0933496],[-8.6084529,41.0944934],[-8.6086501,41.0957577],[-8.6085885,41.0958831],[-8.6083572,41.0959021],[-8.6073467,41.0959695],[-8.6071912,41.0965906],[-8.6070179,41.0969307],[-8.606208,41.0967917],[-8.6034601,41.09814],[-8.6037003,41.0981067],[-8.6039671,41.0981023],[-8.6042377,41.098069],[-8.6044268,41.0981532],[-8.6047793,41.0983193],[-8.6050384,41.0984146],[-8.6052521,41.0984937],[-8.6058268,41.0986841],[-8.6059865,41.0987217],[-8.606079,41.0987757],[-8.6061895,41.0988663],[-8.6062974,41.0989756],[-8.606419,41.0991454],[-8.6065031,41.0992652],[-8.6065114,41.0993225],[-8.6065553,41.0993801],[-8.6066452,41.0994329],[-8.6067132,41.0994512],[-8.6067808,41.0994404],[-8.6068648,41.0994238],[-8.6069381,41.0994275],[-8.6069707,41.0994439],[-8.6070266,41.0994572],[-8.6070554,41.0995153],[-8.6070639,41.0995687],[-8.6070639,41.0996158],[-8.6091569,41.102629],[-8.6095178,41.1032016],[-8.6099829,41.1039072],[-8.609927,41.1039269],[-8.6098573,41.1039516],[-8.6099308,41.1040476],[-8.6099446,41.1040785],[-8.6099466,41.1041091],[-8.6099494,41.1042656],[-8.6099633,41.1043527],[-8.6099949,41.1051517],[-8.6099918,41.1052145],[-8.6099731,41.1052782],[-8.609955,41.1053432],[-8.6099183,41.1054394],[-8.6099382,41.1055831],[-8.6100036,41.1057899],[-8.6100226,41.1059099],[-8.6100244,41.1061582],[-8.6101073,41.1064445],[-8.6101639,41.1065146],[-8.6101988,41.1065693],[-8.6101524,41.1068703],[-8.6101679,41.1069165],[-8.6101588,41.1069908],[-8.6101418,41.1071124],[-8.6100968,41.1073483],[-8.6106857,41.1073741],[-8.6107147,41.1077719],[-8.6114463,41.1098438],[-8.6117687,41.110459],[-8.6120937,41.1110958],[-8.612479,41.1120329],[-8.6129193,41.1130331],[-8.6129237,41.1132767],[-8.612956,41.1133578],[-8.6130371,41.1134072],[-8.6130989,41.1135199],[-8.6131174,41.1137027],[-8.6131741,41.1138555],[-8.6129484,41.1140281],[-8.6128401,41.1141298],[-8.612923,41.1141903],[-8.6130253,41.1142684],[-8.6130131,41.1142884],[-8.6130169,41.1143072],[-8.6130678,41.1143887],[-8.6131744,41.1146394],[-8.6132216,41.1147214],[-8.6132786,41.1148106],[-8.6133471,41.1149153],[-8.6133804,41.1149481],[-8.6133023,41.115027],[-8.6132886,41.115054],[-8.6132776,41.1150825],[-8.6132733,41.1151193],[-8.6132826,41.1151647],[-8.6133018,41.1152236],[-8.6133278,41.1152933],[-8.6133371,41.1153403],[-8.6133265,41.1154042],[-8.6133115,41.1154662],[-8.6132895,41.1154916],[-8.613263,41.1155117],[-8.6132343,41.1155286],[-8.6133297,41.115555],[-8.6134406,41.1155712],[-8.6135411,41.1155628],[-8.6136639,41.1156149],[-8.6138481,41.1157228],[-8.6140136,41.115825],[-8.6141321,41.1158865],[-8.6143099,41.1159636],[-8.6142238,41.1162881],[-8.6141662,41.116489],[-8.6141071,41.1167532],[-8.6140798,41.1168661],[-8.6140634,41.1169804],[-8.61407,41.1171217],[-8.6140964,41.1173005],[-8.6141346,41.1174114],[-8.6141984,41.1175387],[-8.6143064,41.1177028],[-8.6144009,41.1178167],[-8.6144936,41.1179224],[-8.6146215,41.1180459],[-8.6147494,41.1181807],[-8.6148854,41.1183299],[-8.6149486,41.1184177]]]}},{"type":"Feature","properties":{"nome":"Águas Santas","municipio":"Maia","municipio_short":"MAI","dicofre":"130601","area_km2":8.2,"area_ha":820.33,"populacao":12299,"populacao_fonte":"estimated","densidade":1500,"num_escolas":4,"num_parques":2,"area_verde_m2":135289,"comboios_ativos":2,"camara_nome":"Câmara Municipal da Maia","camara_email":"geral@cm-maia.pt","camara_url":"https://www.cm-maia.pt","escudo_url":null,"cor_principal":"#2D5F5A","centroide":[-8.574238339331215,41.20955617133754],"_todo":["Replace estimated populacao with real INE 2021 BGRI","Add real num_escolas (Censo + DGEEC)","Add real area_verde_m2 (Câmara dataset)","Add real comboios_ativos (Bicis Sapiens registry)","Add escudo_url (Wikimedia Commons SVG)","Verify cor_principal against actual heraldic blazon"]},"geometry":{"type":"Polygon","coordinates":[[[-8.6024856,41.2036825],[-8.6021565,41.2033275],[-8.6019713,41.2031316],[-8.6017601,41.2029011],[-8.6016049,41.2027352],[-8.6015634,41.2026504],[-8.6015174,41.2024455],[-8.6014634,41.2021899],[-8.6014349,41.2016492],[-8.6015471,41.2016075],[-8.6016772,41.2015382],[-8.6019284,41.2014128],[-8.6016751,41.2007517],[-8.601304,41.2006503],[-8.6011042,41.2006812],[-8.6003827,41.2005457],[-8.6004507,41.199962],[-8.6002439,41.1998738],[-8.6000877,41.1998317],[-8.6002295,41.1993047],[-8.5997763,41.1992391],[-8.5997973,41.1989982],[-8.5996505,41.1989783],[-8.5994401,41.1988906],[-8.5990263,41.1987725],[-8.5989374,41.198568],[-8.5987862,41.1984268],[-8.5986229,41.1983487],[-8.5984391,41.1983085],[-8.5983057,41.1983059],[-8.5976668,41.1982423],[-8.5973708,41.1982372],[-8.5972207,41.1991775],[-8.5970705,41.1995726],[-8.5968903,41.1997047],[-8.5966478,41.1998898],[-8.5960091,41.2001816],[-8.5956336,41.2002987],[-8.5954321,41.2003417],[-8.5953359,41.2005577],[-8.5952948,41.2006369],[-8.5951553,41.2006217],[-8.5948344,41.2005385],[-8.5947159,41.200539],[-8.594535,41.2005609],[-8.5942357,41.2005936],[-8.5939156,41.2006371],[-8.5935955,41.2006753],[-8.5933938,41.2006969],[-8.5932336,41.2006975],[-8.5929548,41.2006777],[-8.5925919,41.2005794],[-8.5923339,41.2005278],[-8.5921946,41.2005388],[-8.5920902,41.2005706],[-8.5916533,41.2008458],[-8.5902046,41.199373],[-8.5884017,41.1975395],[-8.5877277,41.1968543],[-8.5874928,41.1966158],[-8.5869708,41.1960846],[-8.5871514,41.1957865],[-8.5871578,41.1957757],[-8.5872866,41.1954061],[-8.587248,41.1950953],[-8.5873171,41.1946027],[-8.5872775,41.1941062],[-8.5871219,41.1938736],[-8.5869362,41.1938774],[-8.5867328,41.1939083],[-8.5865737,41.1939331],[-8.5861761,41.1939946],[-8.5858147,41.1940802],[-8.5851098,41.1948876],[-8.5847674,41.1947049],[-8.5846489,41.1947054],[-8.5845099,41.1947585],[-8.5843914,41.1947379],[-8.5839326,41.1948608],[-8.5837726,41.1948929],[-8.583613,41.1949568],[-8.5835365,41.1949676],[-8.583411,41.1949469],[-8.5831321,41.1949272],[-8.5828956,41.1949489],[-8.5825135,41.1950979],[-8.5820765,41.1953363],[-8.5814664,41.1957539],[-8.5812242,41.1960022],[-8.580552,41.1964989],[-8.5800104,41.1967852],[-8.5791768,41.1970513],[-8.578161,41.1971866],[-8.5765571,41.1972423],[-8.5761184,41.1972381],[-8.5761104,41.1972378],[-8.5760161,41.1972371],[-8.5750756,41.1971985],[-8.5740741,41.1970707],[-8.57403,41.197059],[-8.5740293,41.1970674],[-8.5738075,41.1970111],[-8.5735458,41.1969274],[-8.573206,41.1967905],[-8.5731233,41.1967472],[-8.5729141,41.1966378],[-8.5726496,41.1964746],[-8.5723457,41.1962355],[-8.5721686,41.1960646],[-8.571966,41.1958473],[-8.5718158,41.1956383],[-8.5717215,41.1954878],[-8.5715761,41.1951808],[-8.5712691,41.1952995],[-8.5714528,41.1955369],[-8.5714707,41.1955627],[-8.5714889,41.1956297],[-8.5714876,41.1957639],[-8.5714924,41.1958994],[-8.5714819,41.1960018],[-8.5714752,41.1960775],[-8.5714395,41.1961349],[-8.571405,41.1961764],[-8.5713631,41.1962001],[-8.5713213,41.196215],[-8.5712458,41.1962167],[-8.5709549,41.1961934],[-8.5696799,41.1960809],[-8.5684049,41.1959685],[-8.5683856,41.1960825],[-8.5675991,41.1959972],[-8.5674602,41.1960588],[-8.5674067,41.1960497],[-8.5671006,41.1959576],[-8.5670833,41.1959682],[-8.567,41.1959324],[-8.5668121,41.1958174],[-8.5667101,41.1958862],[-8.5666333,41.1959584],[-8.5665787,41.1959348],[-8.5665637,41.1959197],[-8.5665085,41.1959354],[-8.5664102,41.1959519],[-8.5662247,41.1959696],[-8.5660205,41.1959627],[-8.5659222,41.1959814],[-8.5654506,41.1960709],[-8.5654403,41.1960728],[-8.5654402,41.1960737],[-8.5654357,41.196105],[-8.5653665,41.1961172],[-8.5653395,41.196213],[-8.5652711,41.1962281],[-8.5652244,41.1961605],[-8.5651726,41.1960709],[-8.5650705,41.1958942],[-8.5650375,41.1958889],[-8.5649883,41.1958477],[-8.5646412,41.1955859],[-8.5645782,41.1955586],[-8.5644366,41.1954519],[-8.5642863,41.1953363],[-8.5641689,41.1952348],[-8.5640964,41.1951762],[-8.5640458,41.195132],[-8.5639234,41.1950515],[-8.5637827,41.1949682],[-8.5637148,41.1949317],[-8.5636031,41.1948519],[-8.5635221,41.1947974],[-8.5634394,41.1947422],[-8.5633503,41.1948193],[-8.5632541,41.1949146],[-8.5631055,41.1950279],[-8.5629628,41.1951337],[-8.5628419,41.1952138],[-8.5627698,41.1952601],[-8.5626095,41.1953064],[-8.5624814,41.1953443],[-8.5621904,41.195471],[-8.5620297,41.1955487],[-8.5619083,41.1956204],[-8.5618284,41.1957276],[-8.5617881,41.1958161],[-8.5617451,41.1959105],[-8.5616902,41.1960155],[-8.5616318,41.1961018],[-8.5615417,41.1961571],[-8.5613866,41.1961858],[-8.5612177,41.1962162],[-8.5610845,41.1962953],[-8.5609486,41.1963824],[-8.5608469,41.1964733],[-8.5608041,41.1965388],[-8.5607676,41.196668],[-8.5607368,41.1967688],[-8.5606815,41.196887],[-8.5605481,41.1969029],[-8.5603463,41.1969065],[-8.5602791,41.1973806],[-8.5601763,41.1971146],[-8.5594416,41.1971721],[-8.5593925,41.1971615],[-8.5593692,41.1971589],[-8.5593111,41.1971517],[-8.5591418,41.1971277],[-8.5590392,41.1971117],[-8.5590129,41.1972407],[-8.559008,41.1972647],[-8.5590121,41.1973476],[-8.5590128,41.197425],[-8.5590104,41.197452],[-8.5590046,41.197458],[-8.5589315,41.1974858],[-8.558825,41.1975605],[-8.558706,41.1976409],[-8.5586611,41.1976593],[-8.5586183,41.1976726],[-8.5584327,41.19758],[-8.5582591,41.1974918],[-8.5581849,41.1974549],[-8.55813,41.1974543],[-8.5579274,41.1974761],[-8.5578144,41.1975062],[-8.5576262,41.197602],[-8.5575132,41.1977078],[-8.5574057,41.1977756],[-8.5571112,41.1978077],[-8.5567375,41.1978608],[-8.5565836,41.1978551],[-8.5564572,41.1978315],[-8.5563474,41.1978244],[-8.5559482,41.1977857],[-8.5559205,41.1976076],[-8.5558569,41.1975451],[-8.5558107,41.1975389],[-8.5555388,41.1975742],[-8.5554942,41.19758],[-8.5554147,41.1975943],[-8.55541,41.1976017],[-8.5555019,41.197625],[-8.5552956,41.1978384],[-8.5552099,41.1979664],[-8.5551028,41.198149],[-8.5549962,41.1983844],[-8.5555632,41.2006082],[-8.5556043,41.2007054],[-8.5558959,41.2010866],[-8.5572043,41.2041136],[-8.5574561,41.2048027],[-8.5574963,41.2050662],[-8.5575072,41.2052704],[-8.5575074,41.2054955],[-8.5574998,41.205773],[-8.5617894,41.2074137],[-8.5627198,41.2077712],[-8.5627692,41.2077935],[-8.562815,41.2092601],[-8.5628165,41.2093493],[-8.5628213,41.2093844],[-8.5628537,41.2094283],[-8.5628865,41.2094641],[-8.5629119,41.2095164],[-8.5629251,41.2095686],[-8.562942,41.2096856],[-8.562957,41.2099177],[-8.5629458,41.2101906],[-8.5629238,41.2104716],[-8.5629601,41.2116493],[-8.5620785,41.2118687],[-8.5616853,41.2119655],[-8.5617363,41.2126659],[-8.56055,41.2131186],[-8.5612364,41.2136467],[-8.5611044,41.2136641],[-8.5607406,41.2137105],[-8.5604786,41.2137826],[-8.56039,41.2138153],[-8.5604587,41.2140517],[-8.5596132,41.2141557],[-8.5602692,41.2146646],[-8.5600405,41.2148917],[-8.5595944,41.2154471],[-8.5592046,41.2159607],[-8.5590874,41.2161746],[-8.558977,41.2163632],[-8.5588901,41.216549],[-8.5590666,41.216848],[-8.5591343,41.2169766],[-8.5591674,41.2170558],[-8.5591981,41.2171565],[-8.5592156,41.2172338],[-8.5592391,41.217295],[-8.55927,41.2173596],[-8.559303,41.2174369],[-8.5593145,41.2175134],[-8.5593165,41.2175828],[-8.5593321,41.21767],[-8.5593477,41.217744],[-8.5593689,41.2178351],[-8.5593801,41.2179374],[-8.5593825,41.2179994],[-8.5593812,41.218095],[-8.5593741,41.2182445],[-8.5593765,41.2183911],[-8.5593789,41.2185011],[-8.5593738,41.2186072],[-8.5593821,41.2186837],[-8.5594122,41.218861],[-8.5594359,41.2189231],[-8.5594701,41.2190012],[-8.559489,41.2190499],[-8.559527,41.2191299],[-8.5595533,41.2192971],[-8.5595588,41.2193729],[-8.5595763,41.2194608],[-8.5595837,41.2195022],[-8.5595914,41.2196032],[-8.5595449,41.2197826],[-8.5594908,41.2198602],[-8.5594296,41.2198883],[-8.5593585,41.2199021],[-8.5592651,41.2199097],[-8.5591971,41.2199117],[-8.5591193,41.2199245],[-8.5591863,41.2200603],[-8.5592136,41.2201277],[-8.5592593,41.2201978],[-8.5593118,41.2202562],[-8.5593955,41.2203369],[-8.5594928,41.2203985],[-8.559559,41.2204534],[-8.5596055,41.2205036],[-8.5596567,41.220598],[-8.5596987,41.2206814],[-8.5597823,41.2207731],[-8.5599354,41.2207615],[-8.5600165,41.220755],[-8.560105,41.2207735],[-8.5601999,41.2208091],[-8.5602517,41.2208712],[-8.5602801,41.2209369],[-8.5602977,41.2210044],[-8.5603341,41.22106],[-8.5603816,41.2210651],[-8.5607061,41.2209927],[-8.5611172,41.2208995],[-8.5613351,41.2208392],[-8.5614915,41.2207917],[-8.5616109,41.2207617],[-8.5616709,41.220764],[-8.5617613,41.2207673],[-8.5619043,41.2208138],[-8.5620061,41.2208773],[-8.5621193,41.220966],[-8.5621937,41.2210772],[-8.5622286,41.2211429],[-8.562311,41.221238],[-8.5624081,41.2212916],[-8.5624939,41.2213372],[-8.5625371,41.2213722],[-8.5625634,41.2214],[-8.5623531,41.2214989],[-8.5622382,41.2215543],[-8.562115,41.2216079],[-8.5619289,41.2216715],[-8.5616691,41.2217482],[-8.5615023,41.221829],[-8.5612771,41.2218965],[-8.5610975,41.221943],[-8.5609503,41.2219661],[-8.5608466,41.2219961],[-8.5607566,41.2220397],[-8.5609585,41.2222588],[-8.5610963,41.2224067],[-8.5611872,41.222481],[-8.5613539,41.2225966],[-8.5614628,41.2226756],[-8.5616872,41.2228466],[-8.5618111,41.2229469],[-8.5618525,41.2230073],[-8.5618791,41.2230567],[-8.5618962,41.2231483],[-8.5620467,41.2231576],[-8.5638245,41.2253679],[-8.565136,41.2270869],[-8.5650046,41.2304714],[-8.5649797,41.2311195],[-8.5651977,41.2312501],[-8.565943,41.2316957],[-8.5656276,41.231968],[-8.5655279,41.2320505],[-8.5654343,41.2321076],[-8.5653419,41.2321599],[-8.5649273,41.2324001],[-8.5647681,41.2343681],[-8.5647216,41.2347211],[-8.5698807,41.2396411],[-8.5701155,41.2398698],[-8.5702713,41.2400323],[-8.5703616,41.2401077],[-8.5703813,41.2401229],[-8.5707255,41.2399825],[-8.5707581,41.2397471],[-8.5710145,41.2390075],[-8.5708049,41.2389889],[-8.5710005,41.2388433],[-8.5709629,41.237866],[-8.5709705,41.2377548],[-8.5710838,41.2372246],[-8.5711064,41.2370939],[-8.5711503,41.2368653],[-8.5744873,41.2331238],[-8.5745555,41.2329415],[-8.5746069,41.2325856],[-8.5750473,41.2321087],[-8.5757294,41.231549],[-8.575863,41.2310806],[-8.5756265,41.2308257],[-8.5756667,41.2306612],[-8.5754984,41.2305789],[-8.5752364,41.2304232],[-8.5748784,41.2302101],[-8.5749296,41.2299609],[-8.5750114,41.229942],[-8.5751101,41.2298584],[-8.5750677,41.2296208],[-8.5745037,41.2286142],[-8.5739159,41.227715],[-8.5733916,41.2267997],[-8.5731807,41.2265279],[-8.5730729,41.2262213],[-8.5730017,41.2258586],[-8.5730213,41.2256433],[-8.5729353,41.2254042],[-8.5728861,41.2251891],[-8.5731411,41.2249147],[-8.5732476,41.2247038],[-8.5729653,41.2243641],[-8.5729226,41.2243007],[-8.572689,41.2242454],[-8.5724568,41.2241908],[-8.5725704,41.2237992],[-8.5726905,41.2234158],[-8.5727342,41.223311],[-8.5726772,41.2232794],[-8.5726286,41.2232416],[-8.5725052,41.223003],[-8.5724443,41.2230061],[-8.572321,41.2228557],[-8.5722838,41.2227447],[-8.5722761,41.2226496],[-8.5723005,41.2225224],[-8.5723311,41.2223981],[-8.572341,41.222332],[-8.5723434,41.2221941],[-8.5723163,41.222114],[-8.5722478,41.2220341],[-8.5721501,41.221966],[-8.5718103,41.2216354],[-8.5718023,41.2215462],[-8.5718683,41.2214677],[-8.572075,41.2214],[-8.572488,41.2213347],[-8.5726888,41.2213529],[-8.5730145,41.2213685],[-8.5731788,41.221318],[-8.5732847,41.2212541],[-8.5733581,41.2211781],[-8.5733835,41.2210584],[-8.5733775,41.2205498],[-8.5733495,41.2203755],[-8.5733614,41.2201401],[-8.5736605,41.2199018],[-8.5736765,41.2198635],[-8.5736493,41.2198411],[-8.5736768,41.2197777],[-8.5737526,41.2197154],[-8.5738044,41.2196663],[-8.5738561,41.2195682],[-8.5738654,41.2194446],[-8.5738231,41.219341],[-8.573785,41.2192795],[-8.5737785,41.2192226],[-8.5738197,41.2191468],[-8.5738506,41.2190597],[-8.5738879,41.2189935],[-8.5739983,41.2187631],[-8.5741199,41.218658],[-8.574229,41.2185749],[-8.5743413,41.2185209],[-8.5744116,41.2184991],[-8.5744987,41.2184717],[-8.5746658,41.2184249],[-8.5748073,41.2183925],[-8.5749106,41.2183921],[-8.575049,41.218404],[-8.5752616,41.2184302],[-8.5752698,41.218431],[-8.5754241,41.2184499],[-8.57551,41.2184605],[-8.5756794,41.2184363],[-8.5756207,41.2181726],[-8.5758682,41.2181184],[-8.5759746,41.2180632],[-8.5760698,41.2179232],[-8.5761818,41.2177796],[-8.5765049,41.2173008],[-8.5770284,41.2168461],[-8.5772054,41.2165643],[-8.5775044,41.2161543],[-8.5776843,41.2159274],[-8.5779332,41.2156001],[-8.5782513,41.2151722],[-8.5785903,41.2147286],[-8.5789565,41.2142061],[-8.5793762,41.2136592],[-8.5797716,41.2133459],[-8.579872,41.2132015],[-8.5798681,41.2131632],[-8.5798594,41.213072],[-8.5799011,41.212913],[-8.5799004,41.2128072],[-8.5798971,41.2127025],[-8.5799511,41.2126198],[-8.5801711,41.2123131],[-8.5802751,41.2121304],[-8.5803364,41.2119624],[-8.5817621,41.2117282],[-8.5818177,41.2117189],[-8.5820601,41.2116837],[-8.5823023,41.2116369],[-8.5825039,41.2115598],[-8.5826599,41.2114602],[-8.5828407,41.2113221],[-8.5829511,41.2111959],[-8.5829797,41.2111179],[-8.5832075,41.2110295],[-8.5833928,41.2109944],[-8.5836054,41.2109972],[-8.5836455,41.2109991],[-8.5841259,41.2110233],[-8.5841335,41.2110239],[-8.5843433,41.2109318],[-8.5849302,41.2106912],[-8.5851048,41.210567],[-8.5853315,41.2103419],[-8.5855522,41.210424],[-8.5858318,41.2105278],[-8.5861072,41.2103864],[-8.5862052,41.2103398],[-8.5864394,41.2102753],[-8.5866831,41.21026],[-8.5869552,41.2102662],[-8.5870912,41.2102691],[-8.5882924,41.2103707],[-8.5883852,41.2103256],[-8.5886183,41.2102051],[-8.5887284,41.2101852],[-8.5887303,41.2101245],[-8.588733,41.2100479],[-8.5887221,41.2099039],[-8.5887164,41.2098409],[-8.5886905,41.2095431],[-8.5889583,41.2095158],[-8.5890823,41.2095094],[-8.589314,41.2094711],[-8.5901444,41.2094022],[-8.5902174,41.2092216],[-8.5902819,41.2092261],[-8.5910799,41.2091039],[-8.591287,41.2090656],[-8.5918179,41.2089723],[-8.5920439,41.208923],[-8.5920864,41.2089135],[-8.5931423,41.2085421],[-8.5931936,41.2084989],[-8.5935389,41.2084825],[-8.5945677,41.2084843],[-8.5947387,41.2084103],[-8.5947701,41.2084338],[-8.5949763,41.208377],[-8.5951316,41.2083412],[-8.5952017,41.2083201],[-8.5952521,41.2082847],[-8.5952964,41.2083228],[-8.5953787,41.208399],[-8.5955316,41.2085191],[-8.5956763,41.2085625],[-8.5958245,41.2085767],[-8.5959189,41.2085727],[-8.5959847,41.2085702],[-8.5960934,41.2083466],[-8.5966101,41.2083572],[-8.5967405,41.2082976],[-8.5977709,41.207595],[-8.5983004,41.2072302],[-8.5983084,41.2070787],[-8.5987756,41.2069944],[-8.5990032,41.2066671],[-8.5989719,41.2066467],[-8.599162,41.2064088],[-8.59932,41.2061583],[-8.5995292,41.2059956],[-8.5998126,41.2058268],[-8.5999913,41.2057554],[-8.6002558,41.2056632],[-8.6004852,41.2055975],[-8.6007546,41.2056642],[-8.6010537,41.2057595],[-8.6010501,41.2057235],[-8.6010435,41.2056794],[-8.6010409,41.2055626],[-8.6010412,41.2053839],[-8.6011199,41.2051124],[-8.6011629,41.2049189],[-8.6012009,41.204717],[-8.6012339,41.2045222],[-8.6012856,41.2043917],[-8.6013482,41.2043399],[-8.6014694,41.2042987],[-8.6015859,41.2042608],[-8.6017431,41.2042143],[-8.6020597,41.2041202],[-8.6021058,41.204102],[-8.6021776,41.204047],[-8.6022707,41.2039563],[-8.6023637,41.2038606],[-8.6024856,41.2036825]]]}},{"type":"Feature","properties":{"nome":"Castêlo da Maia","municipio":"Maia","municipio_short":"MAI","dicofre":"130618","area_km2":19.89,"area_ha":1988.97,"populacao":29835,"populacao_fonte":"estimated","densidade":1500,"num_escolas":11,"num_parques":4,"area_verde_m2":417690,"comboios_ativos":1,"camara_nome":"Câmara Municipal da Maia","camara_email":"geral@cm-maia.pt","camara_url":"https://www.cm-maia.pt","escudo_url":null,"cor_principal":"#2E4F8C","centroide":[-8.61638081939655,41.26850420043103],"_todo":["Replace estimated populacao with real INE 2021 BGRI","Add real num_escolas (Censo + DGEEC)","Add real area_verde_m2 (Câmara dataset)","Add real comboios_ativos (Bicis Sapiens registry)","Add escudo_url (Wikimedia Commons SVG)","Verify cor_principal against actual heraldic blazon"]},"geometry":{"type":"Polygon","coordinates":[[[-8.6499043,41.2760253],[-8.6509626,41.275546],[-8.6527206,41.2741575],[-8.6533707,41.2714515],[-8.6535897,41.270306],[-8.6536235,41.2700602],[-8.653584,41.2699664],[-8.6535383,41.2698931],[-8.6535177,41.2698376],[-8.6535049,41.2698125],[-8.653496,41.2697094],[-8.6535155,41.2694745],[-8.6535467,41.2692375],[-8.6535886,41.2690009],[-8.6536367,41.2687669],[-8.653695,41.2685348],[-8.6537398,41.268306],[-8.6537269,41.2680607],[-8.6537092,41.2680148],[-8.6536489,41.2679304],[-8.65364,41.267875],[-8.6537157,41.2676065],[-8.6537035,41.2669754],[-8.6535555,41.2665816],[-8.6533927,41.2662161],[-8.6532902,41.2658698],[-8.6531228,41.2653304],[-8.6533207,41.2650054],[-8.653932,41.2640093],[-8.6534512,41.2636551],[-8.6529951,41.2633563],[-8.6524503,41.2628763],[-8.6520892,41.2624683],[-8.6516472,41.2620831],[-8.6511855,41.2615368],[-8.6509572,41.2611875],[-8.6505927,41.2604418],[-8.6528906,41.259506],[-8.652615,41.2588784],[-8.6522944,41.2589153],[-8.6522474,41.2589146],[-8.6521051,41.2586283],[-8.6519296,41.2583227],[-8.65188,41.2582549],[-8.6510868,41.2583181],[-8.6507459,41.2583706],[-8.6502722,41.2584267],[-8.6499475,41.2583542],[-8.6497701,41.2582982],[-8.649308,41.2583826],[-8.6491538,41.2583718],[-8.648876,41.2584811],[-8.648731,41.2584767],[-8.6486523,41.2585685],[-8.6485331,41.258659],[-8.6482047,41.2591909],[-8.6479767,41.2593608],[-8.6478432,41.2594604],[-8.6477125,41.2595564],[-8.6468258,41.2602114],[-8.6467315,41.2602064],[-8.6466341,41.2602016],[-8.6464381,41.260196],[-8.6459238,41.2601685],[-8.6449887,41.2601062],[-8.6447359,41.2600828],[-8.6439149,41.2600074],[-8.6436178,41.2599804],[-8.6429681,41.2599718],[-8.640189,41.2598191],[-8.6374406,41.2596861],[-8.6372031,41.2597007],[-8.636935,41.2599967],[-8.636738,41.2602553],[-8.636247,41.2610335],[-8.6361844,41.2610082],[-8.636118,41.2609452],[-8.6360482,41.2608785],[-8.6359122,41.2607263],[-8.635745,41.260489],[-8.6356452,41.2604095],[-8.635549,41.2603489],[-8.6353445,41.2599592],[-8.635341,41.259946],[-8.6352713,41.2596646],[-8.6351595,41.2596283],[-8.6349119,41.2595292],[-8.6346668,41.2594107],[-8.6345002,41.2593014],[-8.6343296,41.2591572],[-8.6341831,41.2589696],[-8.6340539,41.2587209],[-8.6334685,41.2571535],[-8.6316306,41.2521084],[-8.6310576,41.2505802],[-8.6310509,41.2505628],[-8.6306264,41.249359],[-8.6304911,41.2489985],[-8.63038,41.2489324],[-8.6302401,41.248922],[-8.630056,41.2489338],[-8.6297022,41.2490074],[-8.6296561,41.2488663],[-8.6296205,41.2487677],[-8.6294983,41.2484145],[-8.6290571,41.2479823],[-8.6289638,41.2479438],[-8.6288232,41.2477332],[-8.6287764,41.2475663],[-8.6287122,41.247465],[-8.6285681,41.2472439],[-8.6284677,41.2470785],[-8.6284135,41.2469986],[-8.628249,41.2469509],[-8.6279741,41.2468739],[-8.6278621,41.2468297],[-8.6277395,41.246741],[-8.6275228,41.2465624],[-8.6273849,41.2464783],[-8.6273492,41.2464576],[-8.6272764,41.2464163],[-8.6270259,41.2462795],[-8.6269647,41.2462671],[-8.626857,41.2459777],[-8.6266552,41.2454735],[-8.6258212,41.2456592],[-8.6254841,41.245731],[-8.6242939,41.2459854],[-8.6240702,41.2460803],[-8.6243416,41.2454162],[-8.6241627,41.2453436],[-8.6240347,41.2452766],[-8.6239413,41.2452201],[-8.6237672,41.2450965],[-8.6236749,41.2450302],[-8.6235451,41.2449179],[-8.6232607,41.244646],[-8.6229664,41.2443105],[-8.6222784,41.2434743],[-8.6222345,41.2434115],[-8.6223147,41.2430904],[-8.6200542,41.2437711],[-8.6201608,41.2436676],[-8.6195976,41.2433346],[-8.6194322,41.2432295],[-8.6192677,41.2433068],[-8.6190236,41.243421],[-8.6189484,41.2434114],[-8.6187287,41.2435187],[-8.6186931,41.2434789],[-8.6184415,41.2435258],[-8.61739,41.2436372],[-8.6171871,41.2435694],[-8.6170941,41.2432988],[-8.6169993,41.2429821],[-8.6168582,41.2431057],[-8.6166237,41.2432941],[-8.616361,41.2435214],[-8.6159489,41.2438194],[-8.6157564,41.2438903],[-8.6153448,41.2438903],[-8.6152165,41.24382],[-8.6151698,41.2435816],[-8.6151441,41.2434114],[-8.615109,41.243422],[-8.614909,41.2434949],[-8.6146507,41.2435883],[-8.6142546,41.2437196],[-8.6141382,41.2437519],[-8.6139766,41.2437517],[-8.6139316,41.2437592],[-8.6138771,41.2437066],[-8.6137868,41.2436332],[-8.6136612,41.2435355],[-8.6136004,41.2435507],[-8.6133589,41.2436164],[-8.6130713,41.243679],[-8.6128416,41.2432067],[-8.6127314,41.2430079],[-8.6124989,41.2431026],[-8.6124063,41.2432203],[-8.6122591,41.243262],[-8.6120885,41.2433505],[-8.6119338,41.2434451],[-8.6118253,41.2434923],[-8.6117246,41.2435338],[-8.611584,41.2435569],[-8.6114432,41.2435779],[-8.6114138,41.243582],[-8.611151,41.2437471],[-8.6109729,41.2438241],[-8.6106548,41.2439428],[-8.6103908,41.2440024],[-8.6100104,41.2440687],[-8.6097618,41.2441049],[-8.6084045,41.2439307],[-8.608388,41.2439288],[-8.6083508,41.243911],[-8.6081565,41.2439835],[-8.6080006,41.2440467],[-8.607911,41.244082],[-8.6076206,41.2439379],[-8.6075175,41.2438956],[-8.607502,41.2438467],[-8.6075225,41.2437537],[-8.6075165,41.2436514],[-8.6074964,41.2434384],[-8.607501,41.2433459],[-8.6074539,41.2433323],[-8.6072237,41.2433391],[-8.6071532,41.2433335],[-8.6070798,41.2433101],[-8.6070118,41.2432849],[-8.6069488,41.2432576],[-8.6068886,41.2432401],[-8.6068102,41.2432502],[-8.6067086,41.2432743],[-8.6066121,41.2432983],[-8.6062546,41.2433668],[-8.6060249,41.2434012],[-8.6058919,41.2434313],[-8.605755,41.2434729],[-8.6057276,41.2434815],[-8.6056078,41.243547],[-8.6054385,41.2436323],[-8.6053295,41.2436947],[-8.604474,41.2441324],[-8.6042376,41.2442938],[-8.6041526,41.2443121],[-8.6039684,41.2442761],[-8.6036285,41.2444491],[-8.6026335,41.2448456],[-8.6024469,41.2448855],[-8.6022797,41.244865],[-8.6016547,41.2447453],[-8.6006055,41.245371],[-8.6001686,41.2457195],[-8.5997009,41.2460016],[-8.5989996,41.2463458],[-8.5986181,41.2465333],[-8.5979754,41.2469399],[-8.5975638,41.2472064],[-8.597539,41.2472222],[-8.5978328,41.2474346],[-8.5980126,41.2475194],[-8.5983063,41.2476713],[-8.598408,41.2476889],[-8.5986233,41.2477378],[-8.5986237,41.2477873],[-8.5985768,41.2479136],[-8.5984647,41.2481166],[-8.5983171,41.2483378],[-8.5982702,41.2484553],[-8.5982706,41.2485229],[-8.5983973,41.2488862],[-8.5984225,41.2490707],[-8.5983937,41.2492196],[-8.5981878,41.2496706],[-8.5979641,41.250113],[-8.5977511,41.2504245],[-8.5974011,41.2507413],[-8.5972046,41.2508096],[-8.5970315,41.2508328],[-8.5969149,41.2508071],[-8.5968519,41.250793],[-8.5966789,41.2507054],[-8.5964543,41.2508974],[-8.5964316,41.2514844],[-8.5973964,41.2517169],[-8.5978083,41.2518228],[-8.5982316,41.2519312],[-8.5983877,41.2524427],[-8.598171,41.2526169],[-8.5981475,41.2529093],[-8.5980431,41.2529246],[-8.5973636,41.2530259],[-8.5972893,41.2535436],[-8.5971363,41.2539632],[-8.5971384,41.2542107],[-8.5971348,41.2544586],[-8.5971244,41.254728],[-8.5971089,41.2549757],[-8.5970979,41.2551101],[-8.5970381,41.2561105],[-8.5970347,41.2561211],[-8.5970286,41.2561665],[-8.5972837,41.2568733],[-8.5973365,41.2572507],[-8.5971735,41.2572136],[-8.5969171,41.2572431],[-8.5957682,41.257663],[-8.5950873,41.2578358],[-8.594868,41.2579868],[-8.5948375,41.2580489],[-8.5946916,41.2582124],[-8.5936288,41.2587105],[-8.5931318,41.2590225],[-8.5930688,41.259131],[-8.5931541,41.2593685],[-8.5932067,41.2594113],[-8.5931842,41.2596312],[-8.5933812,41.259811],[-8.5933267,41.260042],[-8.5934216,41.2604603],[-8.5934064,41.2606098],[-8.5928963,41.2617741],[-8.5928403,41.2619015],[-8.5925721,41.2618916],[-8.5923683,41.2618882],[-8.5919056,41.2621548],[-8.5918557,41.2623132],[-8.5918915,41.2625606],[-8.5917171,41.2626896],[-8.5915075,41.262716],[-8.5910031,41.2627265],[-8.5903685,41.2626992],[-8.5885078,41.2626847],[-8.5881929,41.2626823],[-8.5871607,41.263753],[-8.5869294,41.2639033],[-8.5862707,41.2646209],[-8.5857544,41.2653235],[-8.5851484,41.2655794],[-8.5848159,41.2658243],[-8.5844003,41.2660385],[-8.5843305,41.2660373],[-8.5839299,41.2660316],[-8.5831994,41.2661566],[-8.5812858,41.267114],[-8.5810554,41.2673672],[-8.5809021,41.2673507],[-8.5804252,41.267579],[-8.5801951,41.2676748],[-8.5801513,41.267693],[-8.580163,41.26771],[-8.5800186,41.2679231],[-8.579565,41.2679158],[-8.5808688,41.268197],[-8.580207,41.2691207],[-8.5801954,41.2691617],[-8.5804803,41.2692977],[-8.5809107,41.2695798],[-8.5812729,41.2700497],[-8.581449,41.2702236],[-8.5811629,41.2713528],[-8.5823683,41.2720681],[-8.5827258,41.2725371],[-8.5831207,41.2727581],[-8.5837409,41.2737516],[-8.5838538,41.2744362],[-8.5836579,41.2746487],[-8.583228,41.2751813],[-8.5831844,41.2755747],[-8.5842788,41.2770615],[-8.5851055,41.2767343],[-8.586147,41.2764994],[-8.5866296,41.2766677],[-8.5870105,41.2770549],[-8.5868156,41.2771994],[-8.5874835,41.2777093],[-8.5893365,41.277808],[-8.5906136,41.2789736],[-8.5911529,41.2797541],[-8.5912627,41.2802353],[-8.5912848,41.2807129],[-8.5913956,41.281002],[-8.5911989,41.2819566],[-8.591152,41.2823495],[-8.591012,41.2823416],[-8.5909831,41.2824637],[-8.5910147,41.2825446],[-8.5911113,41.2826687],[-8.5911316,41.2827125],[-8.5911425,41.2827811],[-8.591143,41.2829481],[-8.5911274,41.2830811],[-8.5911201,41.2831714],[-8.5911298,41.2833594],[-8.5910964,41.2842759],[-8.5910955,41.2846365],[-8.5910896,41.2847824],[-8.5910898,41.2847836],[-8.5911239,41.2849301],[-8.5918098,41.2851857],[-8.5918668,41.2850972],[-8.5918837,41.2850709],[-8.59197,41.2849369],[-8.5919825,41.2849175],[-8.5920983,41.284738],[-8.5924331,41.2842183],[-8.592681,41.2838334],[-8.5928152,41.2836251],[-8.5930318,41.2836956],[-8.5930327,41.283694],[-8.5934877,41.2830383],[-8.5936064,41.2829138],[-8.5942682,41.2822197],[-8.5944896,41.2823043],[-8.5948792,41.2825414],[-8.5951289,41.28266],[-8.5952487,41.2827018],[-8.5954227,41.2825942],[-8.5958226,41.282399],[-8.5958849,41.2823644],[-8.596053,41.2822647],[-8.5961612,41.2821824],[-8.5962441,41.2821095],[-8.5963172,41.2820396],[-8.596356,41.2820008],[-8.5963838,41.2819562],[-8.596472,41.2819153],[-8.5965782,41.281881],[-8.5966657,41.2818697],[-8.5968534,41.2818559],[-8.5971161,41.2817614],[-8.5973859,41.2816848],[-8.5975628,41.2816142],[-8.597602,41.2815962],[-8.5977419,41.2815411],[-8.5978198,41.2815035],[-8.597829,41.2813929],[-8.5978398,41.2812199],[-8.5978545,41.2810004],[-8.5978699,41.2808626],[-8.5979354,41.280548],[-8.5979716,41.2805541],[-8.598,41.2805664],[-8.598229,41.2806348],[-8.5984978,41.280716],[-8.5986287,41.2807579],[-8.5987174,41.2807811],[-8.5987953,41.2807711],[-8.5992274,41.2806429],[-8.59951,41.2805554],[-8.5995896,41.2805237],[-8.5999499,41.2804241],[-8.6000568,41.2803889],[-8.6001761,41.2802666],[-8.6002896,41.2802001],[-8.6004007,41.2801647],[-8.6005746,41.2801413],[-8.600864,41.2801694],[-8.6009191,41.2801035],[-8.6010504,41.2800746],[-8.6012907,41.280068],[-8.6015859,41.2801277],[-8.6018778,41.2802327],[-8.6020137,41.2803284],[-8.6020682,41.2807017],[-8.602065,41.280832],[-8.6020538,41.2808847],[-8.6020448,41.2809377],[-8.6020382,41.2809908],[-8.6020339,41.2810441],[-8.6020319,41.2810975],[-8.6020323,41.2811509],[-8.602035,41.2812042],[-8.6020401,41.2812574],[-8.6020475,41.2813105],[-8.6020572,41.2813634],[-8.6020692,41.281416],[-8.6022911,41.2816086],[-8.6026465,41.282223],[-8.6025165,41.2822889],[-8.6025481,41.2824589],[-8.6025657,41.282792],[-8.6025857,41.2830238],[-8.6026917,41.2831473],[-8.6030013,41.2830225],[-8.6041936,41.2836979],[-8.6037716,41.2840665],[-8.6045888,41.2846806],[-8.603912,41.2853586],[-8.6046877,41.285762],[-8.6047469,41.2862054],[-8.6060792,41.2876505],[-8.6074133,41.288593],[-8.6080306,41.2890353],[-8.6081834,41.2892096],[-8.6082752,41.2894556],[-8.6082643,41.2900939],[-8.6082738,41.2903721],[-8.6083127,41.290557],[-8.608315,41.2905683],[-8.6083193,41.2906615],[-8.6082195,41.2907923],[-8.6078288,41.2912328],[-8.6084371,41.2915088],[-8.6084654,41.2914776],[-8.6089192,41.2916835],[-8.6089263,41.2916866],[-8.608974,41.2916293],[-8.6091835,41.2917327],[-8.6093025,41.2915918],[-8.6095088,41.2916904],[-8.6092834,41.2918861],[-8.6093236,41.2919085],[-8.6094147,41.2919514],[-8.6098739,41.2921684],[-8.6098237,41.2922843],[-8.6102508,41.2923371],[-8.6109171,41.2924149],[-8.611276,41.2924573],[-8.6114458,41.2924504],[-8.6116109,41.2924318],[-8.6118639,41.292293],[-8.612091,41.2921105],[-8.6123349,41.2919115],[-8.61259,41.2918009],[-8.6127153,41.2918139],[-8.6129222,41.2918953],[-8.6140131,41.2924682],[-8.6151455,41.2930939],[-8.6162993,41.2936971],[-8.6166353,41.2938091],[-8.6180444,41.2941],[-8.6194534,41.2943908],[-8.6197738,41.2945033],[-8.619983,41.2946685],[-8.6204664,41.2951533],[-8.6211696,41.2951242],[-8.6217769,41.2953688],[-8.6217724,41.2952898],[-8.621799,41.2952109],[-8.6229938,41.29377],[-8.6235113,41.2935391],[-8.6236552,41.293124],[-8.623532,41.2917574],[-8.6234562,41.2908047],[-8.6232176,41.2899088],[-8.6231408,41.2895574],[-8.6231415,41.2895315],[-8.6231535,41.2894806],[-8.6231612,41.2894558],[-8.6231642,41.2894307],[-8.6231644,41.2894062],[-8.6231579,41.2893553],[-8.623154,41.2893295],[-8.6231526,41.289303],[-8.6231546,41.2892768],[-8.6231843,41.2891999],[-8.6231933,41.2891748],[-8.6231846,41.2889857],[-8.6231881,41.2889326],[-8.6232754,41.2887504],[-8.6232901,41.2887292],[-8.6232999,41.2887073],[-8.6234735,41.288516],[-8.623612,41.2883168],[-8.6236341,41.2882638],[-8.6236376,41.2882367],[-8.6236767,41.2881564],[-8.6237935,41.2879418],[-8.6239117,41.287734],[-8.62404,41.2875292],[-8.6241457,41.287374],[-8.6241615,41.2873499],[-8.6242391,41.2871217],[-8.6242736,41.2870425],[-8.6243912,41.2868059],[-8.6244881,41.2865641],[-8.624569,41.2863217],[-8.6246629,41.2860819],[-8.6247205,41.2858985],[-8.6248132,41.285628],[-8.6248163,41.2855033],[-8.6248532,41.2853311],[-8.6248521,41.2853164],[-8.6248621,41.2852818],[-8.6251994,41.2849497],[-8.626231,41.2843898],[-8.6273722,41.2840324],[-8.6278186,41.2838084],[-8.6292254,41.2818578],[-8.6300735,41.2807518],[-8.6302388,41.2807435],[-8.6302701,41.2807428],[-8.6303315,41.2807262],[-8.6303623,41.2807154],[-8.6303932,41.2807074],[-8.6304246,41.2807033],[-8.6304565,41.2807058],[-8.6304882,41.2807104],[-8.6305204,41.2807113],[-8.6305522,41.2807062],[-8.6305923,41.2806818],[-8.6307597,41.28058],[-8.6307818,41.2805636],[-8.6309036,41.280502],[-8.6309307,41.2804881],[-8.6309514,41.2804438],[-8.6309514,41.2804194],[-8.6309603,41.2803957],[-8.6311815,41.2802434],[-8.6313623,41.2801649],[-8.6313915,41.2801521],[-8.631419,41.2801354],[-8.6314412,41.2801159],[-8.6314404,41.2800895],[-8.6314245,41.2800651],[-8.6314042,41.2800485],[-8.631388,41.2800292],[-8.6313863,41.280003],[-8.631405,41.2799849],[-8.6314609,41.2799639],[-8.631493,41.2799547],[-8.6317135,41.2799121],[-8.6317447,41.2799052],[-8.6317763,41.2798958],[-8.6318716,41.279887],[-8.6321885,41.2798926],[-8.6323122,41.2799126],[-8.6323723,41.2799191],[-8.6325222,41.2799449],[-8.6325519,41.2799493],[-8.6325815,41.2799492],[-8.6326972,41.2799264],[-8.6327257,41.2799206],[-8.6328327,41.2799143],[-8.6328684,41.2799133],[-8.6329573,41.2798946],[-8.6329875,41.2798892],[-8.6330239,41.2798864],[-8.6330562,41.2798944],[-8.6330778,41.2799177],[-8.6331045,41.279939],[-8.6331336,41.279956],[-8.6331959,41.2799738],[-8.633482,41.2799874],[-8.6335459,41.2799903],[-8.6335775,41.2799899],[-8.6336401,41.279978],[-8.6336701,41.2799683],[-8.6336948,41.279951],[-8.6337086,41.279877],[-8.6337108,41.2798519],[-8.6337211,41.2798277],[-8.6337416,41.2798071],[-8.6339941,41.2797268],[-8.6342498,41.2796861],[-8.6342819,41.2796797],[-8.6343445,41.2796539],[-8.6345226,41.2795085],[-8.6347375,41.2793356],[-8.6347675,41.279316],[-8.6350238,41.2792856],[-8.6353442,41.2792559],[-8.6354146,41.2792476],[-8.6356629,41.279219],[-8.6357231,41.2792067],[-8.6357519,41.2791995],[-8.6358477,41.2791906],[-8.6358594,41.2791776],[-8.6359893,41.2791695],[-8.6360504,41.2791619],[-8.6360838,41.2791549],[-8.6361128,41.2791462],[-8.6363736,41.2790719],[-8.6366539,41.2789674],[-8.6367978,41.2789147],[-8.6368309,41.2789101],[-8.6368647,41.2789094],[-8.6369937,41.2789105],[-8.6370271,41.2789165],[-8.6370949,41.2789232],[-8.637202,41.2789164],[-8.6372321,41.2789091],[-8.6372624,41.2789001],[-8.6375756,41.2788263],[-8.6376415,41.2788154],[-8.6379471,41.2788078],[-8.6382642,41.2787895],[-8.6385599,41.2787449],[-8.6386255,41.2787393],[-8.638951,41.2787364],[-8.6392486,41.2787221],[-8.6395722,41.2786828],[-8.6397174,41.278672],[-8.6397412,41.2786612],[-8.6398015,41.2786561],[-8.6398336,41.2786479],[-8.6399002,41.278636],[-8.6399355,41.2786339],[-8.64018,41.2786072],[-8.6402496,41.2785959],[-8.6403648,41.2785848],[-8.6406764,41.2785332],[-8.6409924,41.2784964],[-8.6410123,41.2784932],[-8.6413243,41.278446],[-8.6416341,41.2783967],[-8.6419252,41.2783446],[-8.6422953,41.2782444],[-8.6424233,41.2781068],[-8.645904,41.2773705],[-8.6488248,41.2765145],[-8.6499043,41.2760253]]]}},{"type":"Feature","properties":{"nome":"Cidade da Maia","municipio":"Maia","municipio_short":"MAI","dicofre":"130619","area_km2":10.42,"area_ha":1041.68,"populacao":15630,"populacao_fonte":"estimated","densidade":1500,"num_escolas":6,"num_parques":2,"area_verde_m2":156300,"comboios_ativos":1,"camara_nome":"Câmara Municipal da Maia","camara_email":"geral@cm-maia.pt","camara_url":"https://www.cm-maia.pt","escudo_url":null,"cor_principal":"#4A6A75","centroide":[-8.607902141092817,41.22720712537428],"_todo":["Replace estimated populacao with real INE 2021 BGRI","Add real num_escolas (Censo + DGEEC)","Add real area_verde_m2 (Câmara dataset)","Add real comboios_ativos (Bicis Sapiens registry)","Add escudo_url (Wikimedia Commons SVG)","Verify cor_principal against actual heraldic blazon"]},"geometry":{"type":"Polygon","coordinates":[[[-8.6010537,41.2057595],[-8.6010706,41.205816],[-8.6012058,41.2058912],[-8.6012702,41.2059466],[-8.6013418,41.2060814],[-8.6013835,41.2061471],[-8.6014543,41.2061676],[-8.6015347,41.2061588],[-8.6016118,41.2061399],[-8.6017183,41.2061072],[-8.6017955,41.2060894],[-8.6018596,41.2060967],[-8.6019075,41.2061449],[-8.6019382,41.2062163],[-8.6019649,41.2062817],[-8.6019554,41.2063461],[-8.6019331,41.2064282],[-8.6019221,41.2065003],[-8.6019045,41.2065524],[-8.6018948,41.2065895],[-8.6018583,41.2067667],[-8.6018235,41.2069538],[-8.6018096,41.207074],[-8.6017939,41.2071622],[-8.6017828,41.2072289],[-8.6017423,41.2073146],[-8.6017065,41.2073719],[-8.6016663,41.2074787],[-8.6015731,41.2075472],[-8.6015143,41.2076101],[-8.6014289,41.2078413],[-8.6014045,41.2078959],[-8.6013524,41.2079519],[-8.6013034,41.2079965],[-8.6012789,41.2080411],[-8.6012632,41.2081402],[-8.6012523,41.2082247],[-8.6012329,41.2082731],[-8.6011887,41.208297],[-8.6011312,41.2083143],[-8.6010607,41.2083146],[-8.6009295,41.2083413],[-8.6007729,41.2083707],[-8.600645,41.2084108],[-8.6005287,41.2084586],[-8.6004632,41.2084971],[-8.6004389,41.2085383],[-8.6004359,41.2085853],[-8.6005766,41.208672],[-8.600639,41.2086894],[-8.6007212,41.2087018],[-8.6007969,41.208715],[-8.6008676,41.2087245],[-8.6009361,41.2087648],[-8.6009534,41.2087751],[-8.6009931,41.2088208],[-8.6010576,41.2088701],[-8.6010595,41.2089046],[-8.6010171,41.2089434],[-8.6009835,41.2089306],[-8.6009066,41.2089017],[-8.6008476,41.2089106],[-8.6007936,41.2089444],[-8.6007135,41.209008],[-8.600668,41.2090798],[-8.6006799,41.2091257],[-8.6007045,41.2091726],[-8.6007131,41.2092297],[-8.6006741,41.2092743],[-8.6006135,41.2093203],[-8.6005515,41.209369],[-8.600468,41.2094214],[-8.6003748,41.2094713],[-8.6002911,41.2094966],[-8.6002076,41.2095316],[-8.6001474,41.2096112],[-8.6000967,41.2097152],[-8.6000353,41.2098494],[-8.5999757,41.2099996],[-8.5999387,41.2101286],[-8.5998987,41.2102996],[-8.5998794,41.2103692],[-8.5998536,41.2104261],[-8.5998163,41.210491],[-8.5997641,41.210547],[-8.5996988,41.2106041],[-8.5996531,41.210649],[-8.5996269,41.2106862],[-8.5996157,41.2107344],[-8.5996225,41.2107729],[-8.599629,41.210801],[-8.5996326,41.2108176],[-8.5996626,41.2108656],[-8.59977,41.210956],[-8.5998031,41.2110057],[-8.5998299,41.2110577],[-8.5998829,41.2111081],[-8.599944,41.2111551],[-8.5999914,41.2112171],[-8.6000224,41.2113048],[-8.6000194,41.2113703],[-8.6000201,41.2114283],[-8.6000259,41.2114592],[-8.6000554,41.2116555],[-8.6000648,41.2117112],[-8.6000236,41.2119235],[-8.5999846,41.211984],[-8.5999768,41.2120493],[-8.5999958,41.2121745],[-8.600031,41.2122749],[-8.599997,41.2123358],[-8.599953,41.2123928],[-8.5999468,41.2124656],[-8.5998829,41.2124871],[-8.5998141,41.2125048],[-8.5997288,41.2125273],[-8.5996434,41.2125339],[-8.5994314,41.2125372],[-8.5993321,41.2125554],[-8.5992388,41.2125903],[-8.599137,41.2126181],[-8.5990419,41.2126508],[-8.5989928,41.212662],[-8.5988567,41.2127011],[-8.5986976,41.2127415],[-8.5985099,41.2127985],[-8.5984131,41.212836],[-8.5983228,41.2128499],[-8.5982407,41.2128527],[-8.5981738,41.2128989],[-8.5981068,41.2129512],[-8.5980382,41.213021],[-8.5980219,41.2130571],[-8.5980195,41.2131783],[-8.598022,41.2133072],[-8.5980211,41.2134051],[-8.5980429,41.2134917],[-8.5981109,41.2135621],[-8.5981607,41.2136263],[-8.5981495,41.2136784],[-8.5980904,41.2137048],[-8.5979819,41.2137309],[-8.5979067,41.213766],[-8.5978642,41.2138107],[-8.5978714,41.2138939],[-8.5978997,41.2139655],[-8.5978919,41.2140176],[-8.5978595,41.2140697],[-8.5978004,41.2141024],[-8.5977116,41.2140828],[-8.5975947,41.2140486],[-8.597458,41.2140058],[-8.5973805,41.2139639],[-8.5972772,41.2138875],[-8.5971896,41.2138374],[-8.5970564,41.2137931],[-8.5969103,41.2137825],[-8.5967921,41.2137942],[-8.5967198,41.2138276],[-8.5966596,41.2138948],[-8.5965832,41.2140006],[-8.5965126,41.2140859],[-8.5964905,41.2141926],[-8.596495,41.214355],[-8.5964754,41.2143872],[-8.5964681,41.214504],[-8.5964602,41.2145853],[-8.5964937,41.2146758],[-8.5965371,41.2147761],[-8.5965835,41.2148389],[-8.5966678,41.2148942],[-8.5967405,41.2149336],[-8.5968231,41.2149879],[-8.5968733,41.2150282],[-8.5969408,41.2150738],[-8.597015,41.2151131],[-8.5971203,41.2151549],[-8.5972159,41.2151844],[-8.5973213,41.2152051],[-8.5974085,41.2152083],[-8.5974658,41.2152073],[-8.5974988,41.2152069],[-8.5975182,41.2152129],[-8.5977343,41.2152827],[-8.5978339,41.2153211],[-8.5979344,41.2153767],[-8.5980976,41.2154529],[-8.5981491,41.2154899],[-8.5981891,41.2155665],[-8.5982242,41.2156491],[-8.5982924,41.215738],[-8.5983536,41.2158098],[-8.5983936,41.2158701],[-8.5984003,41.2159098],[-8.5983859,41.215952],[-8.5983567,41.2159918],[-8.5982944,41.2160194],[-8.5982059,41.2160569],[-8.5981189,41.2160859],[-8.5980338,41.2161209],[-8.5979727,41.2161445],[-8.5979122,41.2161757],[-8.5978403,41.2162266],[-8.5977716,41.216284],[-8.597693,41.2163226],[-8.5976095,41.2163702],[-8.5975426,41.2164113],[-8.5974704,41.2164588],[-8.5974461,41.2164934],[-8.5974299,41.2165282],[-8.5974115,41.2165575],[-8.5973778,41.2166102],[-8.5973741,41.2166162],[-8.5973335,41.2166757],[-8.5972712,41.2167145],[-8.5972436,41.2167394],[-8.5972188,41.2167561],[-8.5971983,41.2167663],[-8.5971825,41.2167739],[-8.5971706,41.2167776],[-8.5971281,41.2167902],[-8.5970401,41.2168209],[-8.5968687,41.2168902],[-8.5967739,41.2169318],[-8.5966889,41.2169659],[-8.5966179,41.217001],[-8.5965735,41.2170392],[-8.5965245,41.2171277],[-8.5965069,41.2171754],[-8.5964766,41.2172419],[-8.596442,41.2173054],[-8.596363,41.2174247],[-8.5963468,41.2174988],[-8.5963808,41.2175729],[-8.5964008,41.2176353],[-8.5963954,41.2176753],[-8.5963633,41.2176976],[-8.5963159,41.2177063],[-8.5962546,41.2176938],[-8.5961967,41.217655],[-8.5961657,41.2176202],[-8.5961165,41.21759],[-8.596052,41.2175616],[-8.5959697,41.2175599],[-8.5957883,41.2176209],[-8.5956663,41.2176563],[-8.5955645,41.2176693],[-8.5955001,41.2176896],[-8.5954697,41.2177257],[-8.5954688,41.2177752],[-8.5955532,41.2178582],[-8.5955466,41.2179131],[-8.5954614,41.2179807],[-8.5953652,41.2180264],[-8.5952746,41.2180732],[-8.5951954,41.2181292],[-8.5951498,41.2182],[-8.5951572,41.2182887],[-8.5951926,41.2183391],[-8.5952447,41.2183662],[-8.5953131,41.2183575],[-8.595394,41.2183265],[-8.5954876,41.2183134],[-8.5955254,41.2183206],[-8.5955347,41.2183324],[-8.5955508,41.2183524],[-8.5955585,41.2184578],[-8.5955437,41.218522],[-8.5955583,41.2186106],[-8.5955743,41.21868],[-8.5955632,41.2187244],[-8.5955568,41.2187852],[-8.5955464,41.2189108],[-8.59554,41.2189794],[-8.595542,41.2190391],[-8.5955427,41.219135],[-8.5955552,41.2191614],[-8.5956315,41.219234],[-8.5956714,41.2192572],[-8.5957072,41.2192779],[-8.5957831,41.219304],[-8.5958751,41.2193205],[-8.5961505,41.2194582],[-8.596267,41.2195125],[-8.5962953,41.2195673],[-8.5963114,41.2195928],[-8.5963942,41.2197261],[-8.5964344,41.2197584],[-8.5964913,41.219829],[-8.5965103,41.2198532],[-8.5965514,41.2199079],[-8.5966036,41.219973],[-8.5967193,41.2201232],[-8.5968582,41.2204142],[-8.5968986,41.2205191],[-8.5969122,41.2206042],[-8.5969419,41.2207192],[-8.5969927,41.2208459],[-8.5970521,41.2209641],[-8.5971053,41.221061],[-8.5971322,41.2211462],[-8.5971351,41.2212018],[-8.5970959,41.2212335],[-8.5970332,41.2212774],[-8.5969758,41.2213252],[-8.5969578,41.2213868],[-8.5969643,41.2215592],[-8.5969649,41.2216523],[-8.5969841,41.2216855],[-8.597042,41.2217092],[-8.5970891,41.2217266],[-8.5971291,41.2217603],[-8.5971505,41.2218097],[-8.5971646,41.2219326],[-8.5971915,41.2220198],[-8.5972337,41.2220731],[-8.5972971,41.2221156],[-8.5973578,41.2221479],[-8.5974009,41.2221658],[-8.5974344,41.2221949],[-8.5974513,41.222232],[-8.5974215,41.222272],[-8.5974035,41.2223053],[-8.5973884,41.2223805],[-8.5974074,41.2224162],[-8.5975014,41.2225005],[-8.597574,41.2225627],[-8.5976312,41.2226308],[-8.5976592,41.2226566],[-8.5976662,41.222755],[-8.5976719,41.2228695],[-8.5976854,41.2229922],[-8.5977064,41.2230532],[-8.5977305,41.2230888],[-8.5977657,41.2231627],[-8.5977984,41.2231889],[-8.5978902,41.2232195],[-8.5979379,41.2232481],[-8.5979682,41.2232907],[-8.5979704,41.2233287],[-8.5979468,41.2233693],[-8.5979106,41.2234003],[-8.5978731,41.2234362],[-8.5978796,41.2234672],[-8.5979242,41.2235137],[-8.5979296,41.2236032],[-8.5979138,41.2236258],[-8.5978732,41.2236845],[-8.5978262,41.223731],[-8.5977791,41.2237814],[-8.5977432,41.2238552],[-8.5977501,41.2239292],[-8.5977915,41.2239648],[-8.5978675,41.2239909],[-8.5979041,41.2240265],[-8.5979203,41.2240739],[-8.5979303,41.2241372],[-8.597945,41.2241902],[-8.5979898,41.224245],[-8.598055,41.2242912],[-8.5981059,41.2243328],[-8.5981252,41.2243685],[-8.5981154,41.2244108],[-8.5979885,41.2244726],[-8.5979364,41.2245251],[-8.5979313,41.2245876],[-8.5980138,41.2247035],[-8.5980999,41.2248278],[-8.5981393,41.2249087],[-8.598128,41.2250646],[-8.598122,41.2250936],[-8.5981577,41.2251362],[-8.5981839,41.2251426],[-8.5982098,41.2251495],[-8.5982354,41.2251567],[-8.5982609,41.2251643],[-8.5983048,41.2251781],[-8.5983413,41.2251923],[-8.5983781,41.2252063],[-8.5984151,41.2252194],[-8.5984525,41.2252321],[-8.5984718,41.2252385],[-8.5984968,41.2252584],[-8.5985214,41.2252786],[-8.5985455,41.225299],[-8.5985691,41.2253197],[-8.5985857,41.2253346],[-8.5986567,41.2253838],[-8.5987494,41.2254782],[-8.5987815,41.2255181],[-8.598796,41.2255515],[-8.5987945,41.2255861],[-8.5987645,41.2256197],[-8.5987399,41.2256303],[-8.598697,41.2256355],[-8.5986507,41.2256258],[-8.598635,41.2256211],[-8.5986193,41.2256161],[-8.5985885,41.2256055],[-8.5985732,41.2256],[-8.5985429,41.2255883],[-8.5984684,41.2255883],[-8.5984306,41.2255966],[-8.5983925,41.2256047],[-8.5983543,41.2256118],[-8.5983159,41.2256187],[-8.5982775,41.225625],[-8.5982058,41.2256462],[-8.5981294,41.2256873],[-8.598112,41.2257434],[-8.5981338,41.2258099],[-8.5981691,41.2258472],[-8.5982054,41.2258839],[-8.5982423,41.2259201],[-8.5982758,41.2259518],[-8.5983062,41.2259955],[-8.5982784,41.2260373],[-8.5982308,41.2260881],[-8.5981772,41.2261207],[-8.5981228,41.2261524],[-8.5980677,41.2261833],[-8.598012,41.2262137],[-8.5979556,41.2262435],[-8.5978984,41.2262721],[-8.5978688,41.2262866],[-8.5977916,41.226355],[-8.5977831,41.226411],[-8.5977996,41.2264818],[-8.5978001,41.2265598],[-8.5978051,41.2265737],[-8.5978096,41.2265875],[-8.597814,41.2266015],[-8.5978181,41.2266156],[-8.5978252,41.2266437],[-8.5978293,41.2266626],[-8.5978155,41.2267172],[-8.5978034,41.226749],[-8.5977905,41.2267809],[-8.5977771,41.2268122],[-8.5977629,41.2268435],[-8.597748,41.2268748],[-8.5976974,41.2269433],[-8.5976712,41.2269702],[-8.5976364,41.2269872],[-8.5975324,41.2270262],[-8.597469,41.2270827],[-8.5974255,41.2271296],[-8.5973637,41.2271459],[-8.5972802,41.2271327],[-8.5972479,41.2271244],[-8.5971985,41.2271136],[-8.5971651,41.2271076],[-8.5971508,41.2271054],[-8.5970766,41.2271214],[-8.5970557,41.2271643],[-8.5970618,41.2272751],[-8.59702,41.2273662],[-8.5970148,41.2274543],[-8.5970596,41.2275475],[-8.5970778,41.2276066],[-8.5970657,41.2276862],[-8.597055,41.2277082],[-8.597044,41.2277296],[-8.5970322,41.2277511],[-8.5970203,41.2277722],[-8.5969947,41.2278145],[-8.5969778,41.2278399],[-8.5968967,41.227952],[-8.5967996,41.228032],[-8.5967221,41.2281206],[-8.596744,41.2281878],[-8.5967677,41.2282142],[-8.5967908,41.2282408],[-8.5968038,41.2282568],[-8.5968132,41.228268],[-8.596835,41.2282952],[-8.5968563,41.2283229],[-8.5968767,41.2283508],[-8.5968958,41.228378],[-8.5969281,41.2284569],[-8.5969684,41.2285952],[-8.5970117,41.2286673],[-8.5971072,41.2286787],[-8.5972128,41.2286656],[-8.5973157,41.2286627],[-8.5973463,41.228664],[-8.5974555,41.2286691],[-8.5975509,41.2286947],[-8.5975941,41.228721],[-8.5976001,41.2287518],[-8.5975927,41.2287961],[-8.5975841,41.2288076],[-8.597576,41.2288192],[-8.5975681,41.2288308],[-8.5975603,41.2288427],[-8.5975458,41.2288663],[-8.5975324,41.2288906],[-8.5975271,41.2289011],[-8.5974485,41.2289377],[-8.5973387,41.2289597],[-8.5972521,41.2289888],[-8.5972371,41.2290069],[-8.5972147,41.2290347],[-8.5972289,41.2291168],[-8.5972334,41.2291906],[-8.5972145,41.229273],[-8.5971617,41.2292837],[-8.5970835,41.2292632],[-8.5970017,41.2293049],[-8.5969455,41.2293684],[-8.5968311,41.2294412],[-8.59672,41.2294889],[-8.596575,41.2295424],[-8.5965482,41.2295481],[-8.5964514,41.2295693],[-8.5962633,41.2296267],[-8.5962109,41.2296871],[-8.5962282,41.2297394],[-8.5962442,41.2297916],[-8.5962577,41.2298383],[-8.5962646,41.2298515],[-8.5962719,41.2298644],[-8.5962876,41.2298902],[-8.5962959,41.2299032],[-8.5963134,41.2299284],[-8.5963185,41.2299354],[-8.5963689,41.2301263],[-8.5963711,41.2302086],[-8.5963437,41.2302665],[-8.5962888,41.2303244],[-8.5962109,41.2303753],[-8.5961817,41.230407],[-8.5961726,41.2304917],[-8.5962499,41.2305885],[-8.5962912,41.2306659],[-8.5962998,41.2307273],[-8.5962903,41.2307667],[-8.5962645,41.2308062],[-8.5962265,41.2308463],[-8.5961876,41.2308859],[-8.5961478,41.2309251],[-8.5960795,41.2309986],[-8.5960378,41.2310983],[-8.5960305,41.2312115],[-8.5960401,41.2313844],[-8.59607,41.2317189],[-8.5960987,41.2317733],[-8.5961563,41.2318395],[-8.5961839,41.2318638],[-8.5962111,41.2318882],[-8.5962372,41.2319131],[-8.596263,41.2319384],[-8.5962886,41.2319639],[-8.5963132,41.2319896],[-8.5963217,41.2319987],[-8.5963483,41.2320787],[-8.5963363,41.2322293],[-8.5963936,41.232455],[-8.5964119,41.2325819],[-8.596433,41.2327087],[-8.5964448,41.2327733],[-8.5965008,41.2329214],[-8.5965582,41.2330846],[-8.5965701,41.2331268],[-8.596581,41.233169],[-8.596591,41.2332114],[-8.5966,41.2332539],[-8.5966151,41.2332924],[-8.5966561,41.233329],[-8.5967511,41.2333574],[-8.5967617,41.2333604],[-8.5967674,41.2333651],[-8.5969162,41.2335224],[-8.5969664,41.2335872],[-8.5970006,41.2336383],[-8.5970131,41.2336838],[-8.5970366,41.2338438],[-8.5970381,41.2338717],[-8.5970403,41.2338995],[-8.5970434,41.2339274],[-8.5970469,41.2339552],[-8.597052,41.2339898],[-8.5970546,41.2340104],[-8.5970566,41.2340309],[-8.597058,41.2340516],[-8.5970589,41.2340724],[-8.5970594,41.2340929],[-8.5970596,41.2341137],[-8.597059,41.2341346],[-8.5970558,41.2341813],[-8.5970514,41.234225],[-8.5970461,41.2342686],[-8.5970399,41.2343111],[-8.5970403,41.2343699],[-8.5970238,41.2344789],[-8.5969553,41.234599],[-8.5969786,41.2346403],[-8.5971087,41.2346859],[-8.5971555,41.2347051],[-8.5971934,41.2347616],[-8.597214,41.2348138],[-8.5972606,41.2348702],[-8.5973243,41.2348939],[-8.5973978,41.2348919],[-8.5974582,41.2348612],[-8.5975474,41.234815],[-8.597577,41.2347926],[-8.5976071,41.2347708],[-8.5976377,41.2347493],[-8.5976689,41.2347281],[-8.5977004,41.2347074],[-8.5977314,41.2346879],[-8.5977974,41.2346243],[-8.597826,41.2346222],[-8.5978551,41.2346199],[-8.5980057,41.234689],[-8.5981246,41.2347299],[-8.5982435,41.2347609],[-8.5983276,41.234778],[-8.5984174,41.2348233],[-8.5985017,41.2348885],[-8.5985685,41.2349644],[-8.5986096,41.235047],[-8.5986101,41.2351191],[-8.5985963,41.2351886],[-8.5985736,41.235252],[-8.5985308,41.2353273],[-8.5984764,41.2354038],[-8.5984403,41.2355955],[-8.5984324,41.2357068],[-8.5984309,41.235738],[-8.5984302,41.2357689],[-8.5984302,41.2357999],[-8.5984309,41.2358311],[-8.5984328,41.2358716],[-8.5984408,41.2359067],[-8.5985066,41.2359811],[-8.5985881,41.2360353],[-8.5985962,41.2361441],[-8.5988393,41.2362878],[-8.5987875,41.236396],[-8.5987321,41.2365409],[-8.5986807,41.2367142],[-8.5986482,41.2369044],[-8.5986336,41.2370362],[-8.5985701,41.2370876],[-8.59848,41.2371249],[-8.5983565,41.237165],[-8.5982885,41.2371937],[-8.5982208,41.2372233],[-8.598135,41.2372624],[-8.5980755,41.2373392],[-8.5980236,41.2374472],[-8.5980055,41.2375494],[-8.5980176,41.2376631],[-8.5980333,41.2377809],[-8.5980757,41.2379141],[-8.5980765,41.2379878],[-8.5980507,41.2380532],[-8.5979384,41.2381871],[-8.5978674,41.2382524],[-8.5977887,41.2382838],[-8.5975785,41.2383556],[-8.5975152,41.2383997],[-8.5974744,41.2384494],[-8.5974421,41.2385033],[-8.5973992,41.2385505],[-8.5973636,41.2386179],[-8.5973178,41.2386909],[-8.5973008,41.2387177],[-8.5972604,41.2387742],[-8.5972314,41.238837],[-8.5972592,41.2389683],[-8.5974032,41.2390958],[-8.59754,41.2392209],[-8.5976451,41.2392973],[-8.5979524,41.2395628],[-8.598095,41.2396511],[-8.5981441,41.2397641],[-8.5981345,41.239869],[-8.5981235,41.2398857],[-8.5981132,41.2399026],[-8.5981031,41.2399199],[-8.5980936,41.239937],[-8.5980844,41.2399545],[-8.5980755,41.239972],[-8.5980671,41.2399895],[-8.5980592,41.2400073],[-8.5980542,41.2400182],[-8.5979426,41.2401259],[-8.5978703,41.2401605],[-8.5977557,41.2402297],[-8.5976304,41.2402808],[-8.5975156,41.2403378],[-8.5974126,41.2403787],[-8.5973531,41.2403854],[-8.5972127,41.2403632],[-8.5971622,41.2403508],[-8.5971117,41.2403386],[-8.5970328,41.2403215],[-8.5969659,41.2403319],[-8.5968829,41.2403618],[-8.5968004,41.2403927],[-8.5967411,41.2404158],[-8.5967039,41.2404385],[-8.5966591,41.2404527],[-8.5965887,41.2405093],[-8.5965147,41.2405884],[-8.5964891,41.240656],[-8.5964825,41.2407629],[-8.596485,41.2408226],[-8.5964863,41.2408819],[-8.5964861,41.2409416],[-8.5964857,41.2409639],[-8.5964896,41.241042],[-8.59648,41.2411594],[-8.5964489,41.2411981],[-8.5963904,41.2413168],[-8.5963611,41.2413898],[-8.5963528,41.2414314],[-8.5963229,41.2415283],[-8.5963202,41.24155],[-8.5963182,41.2415716],[-8.5963165,41.2415936],[-8.5963153,41.2416153],[-8.5963147,41.2416369],[-8.5963146,41.2416552],[-8.596303,41.241745],[-8.5963018,41.241994],[-8.5963331,41.2420769],[-8.5963342,41.2420938],[-8.5963027,41.2421331],[-8.5963138,41.2422444],[-8.5963114,41.2424102],[-8.5963157,41.2425087],[-8.5963046,41.2428146],[-8.5963368,41.2433803],[-8.5963165,41.2435477],[-8.5964144,41.243683],[-8.5963234,41.243812],[-8.5963877,41.2443409],[-8.5963655,41.2445418],[-8.596236,41.2446808],[-8.5961775,41.244766],[-8.5959481,41.2450126],[-8.5958655,41.2450621],[-8.5956234,41.2451346],[-8.595499,41.2451503],[-8.5954752,41.2451532],[-8.5954237,41.2451551],[-8.5949127,41.2451777],[-8.5949668,41.2452937],[-8.5950583,41.2455384],[-8.594927,41.2456093],[-8.5946342,41.245696],[-8.5942949,41.2457267],[-8.5939592,41.2457386],[-8.5938459,41.2457256],[-8.5938113,41.2458459],[-8.5938196,41.2460077],[-8.5937981,41.2464742],[-8.5937971,41.2468476],[-8.5938343,41.2471026],[-8.5939386,41.2473583],[-8.5940603,41.2475579],[-8.5944381,41.2479801],[-8.594589,41.2481976],[-8.594864,41.2485642],[-8.5950568,41.2488434],[-8.595328,41.2491382],[-8.5954784,41.2492414],[-8.5955094,41.2492582],[-8.5958633,41.2494999],[-8.5961821,41.249823],[-8.5967017,41.2506631],[-8.5968519,41.250793],[-8.5969149,41.2508071],[-8.5970315,41.2508328],[-8.5972046,41.2508096],[-8.5974011,41.2507413],[-8.5977511,41.2504245],[-8.5979641,41.250113],[-8.5981878,41.2496706],[-8.5983937,41.2492196],[-8.5984225,41.2490707],[-8.5983973,41.2488862],[-8.5982706,41.2485229],[-8.5982702,41.2484553],[-8.5983171,41.2483378],[-8.5984647,41.2481166],[-8.5985768,41.2479136],[-8.5986237,41.2477873],[-8.5986233,41.2477378],[-8.598408,41.2476889],[-8.5983063,41.2476713],[-8.5980126,41.2475194],[-8.5978328,41.2474346],[-8.597539,41.2472222],[-8.5975638,41.2472064],[-8.5979754,41.2469399],[-8.5986181,41.2465333],[-8.5989996,41.2463458],[-8.5997009,41.2460016],[-8.6001686,41.2457195],[-8.6006055,41.245371],[-8.6016547,41.2447453],[-8.6022797,41.244865],[-8.6024469,41.2448855],[-8.6026335,41.2448456],[-8.6036285,41.2444491],[-8.6039684,41.2442761],[-8.6041526,41.2443121],[-8.6042376,41.2442938],[-8.604474,41.2441324],[-8.6053295,41.2436947],[-8.6054385,41.2436323],[-8.6056078,41.243547],[-8.6057276,41.2434815],[-8.605755,41.2434729],[-8.6058919,41.2434313],[-8.6060249,41.2434012],[-8.6062546,41.2433668],[-8.6066121,41.2432983],[-8.6067086,41.2432743],[-8.6068102,41.2432502],[-8.6068886,41.2432401],[-8.6069488,41.2432576],[-8.6070118,41.2432849],[-8.6070798,41.2433101],[-8.6071532,41.2433335],[-8.6072237,41.2433391],[-8.6074539,41.2433323],[-8.607501,41.2433459],[-8.6074964,41.2434384],[-8.6075165,41.2436514],[-8.6075225,41.2437537],[-8.607502,41.2438467],[-8.6075175,41.2438956],[-8.6076206,41.2439379],[-8.607911,41.244082],[-8.6080006,41.2440467],[-8.6081565,41.2439835],[-8.6083508,41.243911],[-8.608388,41.2439288],[-8.6084045,41.2439307],[-8.6097618,41.2441049],[-8.6100104,41.2440687],[-8.6103908,41.2440024],[-8.6106548,41.2439428],[-8.6109729,41.2438241],[-8.611151,41.2437471],[-8.6114138,41.243582],[-8.6114432,41.2435779],[-8.611584,41.2435569],[-8.6117246,41.2435338],[-8.6118253,41.2434923],[-8.6119338,41.2434451],[-8.6120885,41.2433505],[-8.6122591,41.243262],[-8.6124063,41.2432203],[-8.6124989,41.2431026],[-8.6127314,41.2430079],[-8.6128416,41.2432067],[-8.6130713,41.243679],[-8.6133589,41.2436164],[-8.6136004,41.2435507],[-8.6136612,41.2435355],[-8.6137868,41.2436332],[-8.6138771,41.2437066],[-8.6139316,41.2437592],[-8.6139766,41.2437517],[-8.6141382,41.2437519],[-8.6142546,41.2437196],[-8.6146507,41.2435883],[-8.614909,41.2434949],[-8.615109,41.243422],[-8.6151441,41.2434114],[-8.6151698,41.2435816],[-8.6152165,41.24382],[-8.6153448,41.2438903],[-8.6157564,41.2438903],[-8.6159489,41.2438194],[-8.616361,41.2435214],[-8.6166237,41.2432941],[-8.6168582,41.2431057],[-8.6169993,41.2429821],[-8.6170941,41.2432988],[-8.6171871,41.2435694],[-8.61739,41.2436372],[-8.6184415,41.2435258],[-8.6186931,41.2434789],[-8.6187287,41.2435187],[-8.6189484,41.2434114],[-8.6190236,41.243421],[-8.6192677,41.2433068],[-8.6194322,41.2432295],[-8.6195976,41.2433346],[-8.6201608,41.2436676],[-8.6200542,41.2437711],[-8.6223147,41.2430904],[-8.6222345,41.2434115],[-8.6222784,41.2434743],[-8.6229664,41.2443105],[-8.6232607,41.244646],[-8.6235451,41.2449179],[-8.6236749,41.2450302],[-8.6237672,41.2450965],[-8.6239413,41.2452201],[-8.6240347,41.2452766],[-8.6241627,41.2453436],[-8.6243416,41.2454162],[-8.6240702,41.2460803],[-8.6242939,41.2459854],[-8.6254841,41.245731],[-8.6258212,41.2456592],[-8.6266552,41.2454735],[-8.626857,41.2459777],[-8.6269647,41.2462671],[-8.6270259,41.2462795],[-8.6272764,41.2464163],[-8.6273492,41.2464576],[-8.6273849,41.2464783],[-8.6275228,41.2465624],[-8.6277395,41.246741],[-8.6278621,41.2468297],[-8.6279741,41.2468739],[-8.628249,41.2469509],[-8.6284135,41.2469986],[-8.6289031,41.2466448],[-8.62948,41.2461977],[-8.6295654,41.2461318],[-8.6297804,41.2459705],[-8.62995,41.245847],[-8.6301556,41.2456728],[-8.630367,41.2455096],[-8.6305123,41.245399],[-8.6306245,41.2453211],[-8.6308236,41.2452178],[-8.6311528,41.2450192],[-8.6313503,41.2448931],[-8.6314752,41.244794],[-8.6315638,41.244664],[-8.631694,41.2445494],[-8.6318181,41.2444417],[-8.6319482,41.244334],[-8.632014,41.244301],[-8.6320862,41.2442638],[-8.6322583,41.2441688],[-8.6323496,41.2440796],[-8.6324415,41.2439707],[-8.6324646,41.2439462],[-8.6325343,41.2438705],[-8.6326415,41.2437485],[-8.6326874,41.243706],[-8.6327565,41.2436402],[-8.6327942,41.2436037],[-8.6329001,41.2434961],[-8.6329414,41.2434633],[-8.6330585,41.2433685],[-8.6332028,41.2432468],[-8.6337169,41.2428021],[-8.633857,41.242631],[-8.6345248,41.2421095],[-8.6345864,41.2420462],[-8.6347081,41.2419435],[-8.6348049,41.2418365],[-8.6349638,41.241695],[-8.6350464,41.2416117],[-8.6350685,41.2415967],[-8.6351256,41.241559],[-8.6351835,41.2415219],[-8.6352423,41.2414854],[-8.6353019,41.2414499],[-8.635438,41.2413739],[-8.6355544,41.241318],[-8.6358789,41.2410602],[-8.6360007,41.2411747],[-8.6362075,41.241056],[-8.6364141,41.2409391],[-8.6367407,41.2407619],[-8.6370292,41.2406042],[-8.6370933,41.240625],[-8.6372241,41.2405826],[-8.6375614,41.2403115],[-8.6376847,41.2401486],[-8.637757,41.2401151],[-8.638062,41.2400259],[-8.638218,41.2399659],[-8.6382515,41.2399365],[-8.6382717,41.2398877],[-8.6382841,41.239817],[-8.6382731,41.2397293],[-8.638278,41.2396842],[-8.6383,41.2395932],[-8.6382651,41.2395033],[-8.6382483,41.2394688],[-8.6382462,41.2394637],[-8.6382217,41.2394127],[-8.6381998,41.2393353],[-8.6381874,41.239249],[-8.6382394,41.2390415],[-8.638304,41.2388355],[-8.6384151,41.2386352],[-8.6386249,41.2385522],[-8.6391068,41.2384032],[-8.6392279,41.2383368],[-8.6391037,41.238139],[-8.6389531,41.2378088],[-8.6388434,41.2374935],[-8.638783,41.2373621],[-8.6386247,41.2370164],[-8.638667,41.2369927],[-8.6394507,41.2365544],[-8.6403029,41.2360547],[-8.6407019,41.2358661],[-8.6409389,41.2357598],[-8.641214,41.2354251],[-8.641093,41.2353539],[-8.6409142,41.2351931],[-8.6408554,41.2351148],[-8.6408168,41.235033],[-8.6408057,41.234953],[-8.6408294,41.2348464],[-8.6409808,41.2346769],[-8.641032,41.2345962],[-8.6410706,41.2345111],[-8.6410766,41.2344487],[-8.6410709,41.2343806],[-8.6410468,41.2343224],[-8.6410123,41.2342583],[-8.6409805,41.2340652],[-8.6409838,41.2340439],[-8.6410694,41.233831],[-8.6411392,41.2336299],[-8.6411576,41.2334171],[-8.6411638,41.233348],[-8.6412035,41.233241],[-8.6413037,41.2330059],[-8.6412683,41.232864],[-8.6412312,41.2325923],[-8.6412363,41.2324442],[-8.6413024,41.2322568],[-8.6412388,41.2318899],[-8.6412341,41.2316567],[-8.6412927,41.2315514],[-8.641403,41.2314612],[-8.6415736,41.2313193],[-8.6416211,41.2312376],[-8.6416179,41.2311494],[-8.6415592,41.2311077],[-8.6409065,41.2308842],[-8.640755,41.2307936],[-8.6405765,41.2306659],[-8.6404173,41.2305681],[-8.6403568,41.2305149],[-8.6401579,41.2303246],[-8.6399248,41.2301591],[-8.6397774,41.2301379],[-8.6395223,41.2301314],[-8.6394038,41.2301548],[-8.6391694,41.2301662],[-8.6388658,41.2301629],[-8.6386699,41.2301418],[-8.6384344,41.2300722],[-8.6383028,41.2300328],[-8.6381737,41.2300114],[-8.6379917,41.2300533],[-8.6376492,41.2299393],[-8.6374038,41.2298908],[-8.6370499,41.2298198],[-8.6367526,41.2296514],[-8.6366283,41.2296633],[-8.6361472,41.2295654],[-8.635932,41.2294995],[-8.6357788,41.2294456],[-8.6355731,41.2292933],[-8.6355418,41.229176],[-8.6355738,41.2290728],[-8.6356335,41.2289371],[-8.6357234,41.2288146],[-8.6359381,41.2286429],[-8.6360332,41.2285434],[-8.6361083,41.2284515],[-8.636188,41.2283156],[-8.63623,41.2281933],[-8.6362786,41.2281025],[-8.6363859,41.2279303],[-8.6364107,41.2278616],[-8.6364456,41.2278119],[-8.636531,41.2277485],[-8.6366738,41.2276871],[-8.63675,41.2276426],[-8.6368036,41.2275239],[-8.636865,41.2273397],[-8.6369098,41.2272461],[-8.6370199,41.2271158],[-8.6370447,41.2270567],[-8.6372161,41.226847],[-8.6372259,41.2268053],[-8.6372348,41.2266542],[-8.6372136,41.2265194],[-8.6371543,41.2263589],[-8.63707,41.2262429],[-8.6369607,41.2261279],[-8.6365156,41.2257474],[-8.636399,41.2256927],[-8.636184,41.2256573],[-8.6356733,41.2255871],[-8.6352741,41.225566],[-8.6350115,41.2255367],[-8.6347926,41.2255118],[-8.6346104,41.2254782],[-8.6344687,41.2254426],[-8.6342587,41.2253939],[-8.6340449,41.2253098],[-8.6339419,41.2252484],[-8.6337949,41.2251785],[-8.6335846,41.2250954],[-8.6332814,41.2249899],[-8.6330475,41.2249148],[-8.6329748,41.224908],[-8.6326873,41.224833],[-8.6325103,41.2247861],[-8.6324188,41.224777],[-8.632239,41.2247682],[-8.6320312,41.2247026],[-8.6318611,41.2246786],[-8.6316745,41.2251064],[-8.6317289,41.2252312],[-8.6318298,41.2252821],[-8.6317214,41.2254739],[-8.6315699,41.225562],[-8.631412,41.2257061],[-8.6302372,41.226111],[-8.6301666,41.2261264],[-8.6301239,41.2261306],[-8.6300826,41.2261278],[-8.6300199,41.226127],[-8.6299866,41.2261343],[-8.6299015,41.2261568],[-8.6298377,41.2261802],[-8.6297644,41.2261957],[-8.6296101,41.2262356],[-8.629553,41.2262539],[-8.6294061,41.2263216],[-8.6292499,41.2264135],[-8.6292006,41.2264409],[-8.6279038,41.2268489],[-8.6276777,41.2269318],[-8.6273855,41.2268684],[-8.6271758,41.2268422],[-8.6268517,41.2268278],[-8.6267129,41.2267987],[-8.6264919,41.2267371],[-8.6256952,41.2264596],[-8.6251896,41.2264976],[-8.6247707,41.2264871],[-8.6245007,41.2263646],[-8.6243344,41.2263256],[-8.6242403,41.2262858],[-8.6241696,41.2262517],[-8.6240984,41.226199],[-8.6239221,41.2260364],[-8.6237067,41.2258091],[-8.6223962,41.2256126],[-8.6225665,41.2251237],[-8.6227503,41.2246958],[-8.623123,41.2239752],[-8.6232939,41.2236882],[-8.6237521,41.2229648],[-8.6238273,41.2228766],[-8.6238205,41.2226591],[-8.6239004,41.2222168],[-8.6238745,41.2218494],[-8.6237364,41.2214478],[-8.623679,41.2212943],[-8.6237589,41.2209733],[-8.6236131,41.2205977],[-8.6235862,41.2204801],[-8.6235845,41.2202542],[-8.6231469,41.2199445],[-8.6228907,41.2198515],[-8.6228549,41.2198732],[-8.6227876,41.2200194],[-8.6227795,41.2201784],[-8.6226974,41.2203627],[-8.6225599,41.2205073],[-8.6225432,41.2205957],[-8.6225084,41.2206496],[-8.6222201,41.2209656],[-8.6220833,41.2210819],[-8.6218855,41.221266],[-8.6217782,41.2214006],[-8.6216638,41.221575],[-8.6214502,41.2218154],[-8.6212764,41.22194],[-8.6208016,41.2222987],[-8.6203989,41.2223807],[-8.6206112,41.2226366],[-8.6206721,41.2226931],[-8.6210119,41.2228419],[-8.6210154,41.2228932],[-8.6212701,41.2232304],[-8.6213987,41.2232784],[-8.6217167,41.2233224],[-8.6216084,41.2235563],[-8.6206718,41.224075],[-8.6199124,41.2245124],[-8.6195197,41.2247124],[-8.6193351,41.2247105],[-8.6181051,41.2246514],[-8.6181697,41.2244075],[-8.6182946,41.2239729],[-8.6178946,41.22396],[-8.6173876,41.2240889],[-8.6169224,41.2237015],[-8.6163272,41.2232249],[-8.6160692,41.2225299],[-8.615914,41.2221294],[-8.6157924,41.2217034],[-8.615666,41.2213518],[-8.6152531,41.2213792],[-8.6148275,41.221388],[-8.6144618,41.221368],[-8.6142137,41.2207339],[-8.6141275,41.2204358],[-8.6140695,41.2199989],[-8.6140515,41.2196681],[-8.6140098,41.2192843],[-8.6140104,41.2183449],[-8.6140312,41.2179845],[-8.6140509,41.2174645],[-8.6140799,41.217169],[-8.6141158,41.2167257],[-8.6142081,41.2161579],[-8.6142524,41.2153091],[-8.6141232,41.2148522],[-8.6137796,41.2137311],[-8.6133506,41.2124948],[-8.6130329,41.2116193],[-8.6131052,41.2112048],[-8.6127592,41.2111135],[-8.6127059,41.2107154],[-8.6126882,41.2105317],[-8.6125837,41.2101664],[-8.6125293,41.209777],[-8.612503,41.2091905],[-8.6124731,41.2087428],[-8.6124422,41.2084767],[-8.6124822,41.2082589],[-8.6125324,41.208024],[-8.6124641,41.2078711],[-8.612506,41.2076496],[-8.6126826,41.2071627],[-8.6129173,41.2068364],[-8.6135446,41.2062597],[-8.6142727,41.2057511],[-8.6145734,41.205613],[-8.6147197,41.2055254],[-8.6147809,41.2052716],[-8.6145683,41.2052538],[-8.6141339,41.2053554],[-8.6137626,41.2052691],[-8.6135672,41.2052252],[-8.6132489,41.2054134],[-8.6129898,41.2055535],[-8.6126691,41.2056345],[-8.6123184,41.2057209],[-8.6117855,41.205906],[-8.6114362,41.2060436],[-8.6112487,41.2061779],[-8.6110267,41.206378],[-8.6109608,41.2064992],[-8.6109086,41.2066558],[-8.6109094,41.2067742],[-8.6109388,41.2069048],[-8.6108832,41.2070233],[-8.61075,41.2071431],[-8.6105976,41.2072143],[-8.6104906,41.2072457],[-8.6103745,41.2072687],[-8.6100197,41.2073087],[-8.6099174,41.2073303],[-8.6098288,41.2073512],[-8.6097525,41.2073686],[-8.6095596,41.207409],[-8.6093363,41.2074127],[-8.6091934,41.2073876],[-8.609013,41.2073306],[-8.6086083,41.2072172],[-8.6083144,41.2071175],[-8.608168,41.2070377],[-8.608002,41.2069827],[-8.6077825,41.2069035],[-8.6075008,41.2068],[-8.6073179,41.2067086],[-8.6072084,41.206627],[-8.6071143,41.2064414],[-8.607,41.206047],[-8.60693,41.2058588],[-8.6068088,41.2057165],[-8.6066778,41.2055673],[-8.6066021,41.205404],[-8.6065135,41.2051812],[-8.6064094,41.2049109],[-8.606332,41.2048034],[-8.6061874,41.2046736],[-8.6059585,41.2044888],[-8.6057674,41.2042873],[-8.6055552,41.2041145],[-8.6052935,41.2040242],[-8.6050968,41.2040231],[-8.6044729,41.2042564],[-8.6039061,41.2043738],[-8.6034415,41.2043177],[-8.6028591,41.2039758],[-8.6025957,41.2037609],[-8.6024856,41.2036825],[-8.6023637,41.2038606],[-8.6022707,41.2039563],[-8.6021776,41.204047],[-8.6021058,41.204102],[-8.6020597,41.2041202],[-8.6017431,41.2042143],[-8.6015859,41.2042608],[-8.6014694,41.2042987],[-8.6013482,41.2043399],[-8.6012856,41.2043917],[-8.6012339,41.2045222],[-8.6012009,41.204717],[-8.6011629,41.2049189],[-8.6011199,41.2051124],[-8.6010412,41.2053839],[-8.6010409,41.2055626],[-8.6010435,41.2056794],[-8.6010501,41.2057235],[-8.6010537,41.2057595]]]}},{"type":"Feature","properties":{"nome":"Folgosa","municipio":"Maia","municipio_short":"MAI","dicofre":"130603","area_km2":10.11,"area_ha":1011.14,"populacao":15165,"populacao_fonte":"estimated","densidade":1500,"num_escolas":6,"num_parques":2,"area_verde_m2":75825,"comboios_ativos":2,"camara_nome":"Câmara Municipal da Maia","camara_email":"geral@cm-maia.pt","camara_url":"https://www.cm-maia.pt","escudo_url":null,"cor_principal":"#2D5F5A","centroide":[-8.540127926186587,41.26730100392798],"_todo":["Replace estimated populacao with real INE 2021 BGRI","Add real num_escolas (Censo + DGEEC)","Add real area_verde_m2 (Câmara dataset)","Add real comboios_ativos (Bicis Sapiens registry)","Add escudo_url (Wikimedia Commons SVG)","Verify cor_principal against actual heraldic blazon"]},"geometry":{"type":"Polygon","coordinates":[[[-8.5197285,41.2684338],[-8.5196991,41.2685152],[-8.5196825,41.268541],[-8.5196538,41.2685658],[-8.5198504,41.2688737],[-8.5189146,41.2698093],[-8.5180393,41.2708686],[-8.5170879,41.2720875],[-8.5162697,41.2730889],[-8.5157757,41.2738138],[-8.5156049,41.2741473],[-8.5156167,41.276159],[-8.5155793,41.279692],[-8.5156287,41.2815587],[-8.5155844,41.2838308],[-8.5152643,41.2858054],[-8.5155289,41.286422],[-8.5156555,41.2864269],[-8.5158508,41.2861681],[-8.5163583,41.2862847],[-8.5164704,41.2863105],[-8.5165801,41.2863354],[-8.5167034,41.2863632],[-8.5168269,41.2863909],[-8.5169508,41.286419],[-8.5170815,41.2864486],[-8.5172127,41.2864783],[-8.5173399,41.286506],[-8.5174761,41.2865359],[-8.5175916,41.2865933],[-8.517627,41.2866107],[-8.5177382,41.2866662],[-8.5178444,41.2867193],[-8.5179562,41.2867753],[-8.5180641,41.2868406],[-8.5181686,41.2869046],[-8.5182704,41.2869669],[-8.5183549,41.2870343],[-8.5184387,41.2871006],[-8.5185269,41.2871693],[-8.5186207,41.2872134],[-8.5187189,41.2872589],[-8.5188201,41.2873055],[-8.5189202,41.2873517],[-8.5190218,41.2873985],[-8.5191197,41.2874435],[-8.5191859,41.2874741],[-8.519286,41.2875205],[-8.5193522,41.2875677],[-8.5194345,41.2876264],[-8.5195158,41.2876842],[-8.5195997,41.2877426],[-8.5196721,41.2877605],[-8.5197791,41.2877861],[-8.5198989,41.2878142],[-8.5200228,41.2877908],[-8.5201101,41.2877734],[-8.5201365,41.2876958],[-8.5201615,41.2876191],[-8.5201863,41.2875419],[-8.5202116,41.2874644],[-8.5202369,41.287386],[-8.5202628,41.2873052],[-8.5203767,41.2872721],[-8.5205,41.2872389],[-8.5205817,41.2872169],[-8.5206612,41.2871949],[-8.5206512,41.2871083],[-8.5206391,41.2870159],[-8.5206265,41.2869208],[-8.5206145,41.2868264],[-8.520602,41.2867327],[-8.5205934,41.2866545],[-8.5210132,41.2866279],[-8.5210169,41.2866312],[-8.5210958,41.2867033],[-8.5211762,41.2867756],[-8.5212568,41.2868486],[-8.5213362,41.2869201],[-8.5214159,41.286992],[-8.5214955,41.2870641],[-8.5215752,41.287136],[-8.5216553,41.2872081],[-8.5217353,41.2872808],[-8.521763,41.2873048],[-8.5218611,41.287363],[-8.5219569,41.2874195],[-8.5220582,41.2874787],[-8.5221247,41.287519],[-8.5222146,41.2875726],[-8.5221869,41.2876079],[-8.5222732,41.2876728],[-8.5223601,41.2877393],[-8.5224468,41.2878045],[-8.5225328,41.2878691],[-8.52262,41.2879343],[-8.5227412,41.2880213],[-8.522808,41.2879804],[-8.5229053,41.2879209],[-8.5230042,41.2878607],[-8.5231021,41.2878007],[-8.5231985,41.2877415],[-8.5232957,41.2876825],[-8.5233939,41.2876222],[-8.5234886,41.2875649],[-8.5235821,41.2875074],[-8.5236846,41.2874526],[-8.5237864,41.2873976],[-8.5238837,41.2873449],[-8.5239818,41.2872919],[-8.5240867,41.287235],[-8.5240363,41.2871816],[-8.5239839,41.2871263],[-8.5239348,41.2870368],[-8.523886,41.286947],[-8.5238545,41.2868891],[-8.5238198,41.2868244],[-8.5238295,41.286757],[-8.523835,41.2867171],[-8.5239118,41.2867],[-8.5244616,41.2865889],[-8.5247869,41.2865365],[-8.5253016,41.2864356],[-8.5258452,41.2863584],[-8.5264507,41.2862614],[-8.5268027,41.2861782],[-8.5272307,41.2860922],[-8.5275207,41.2860288],[-8.5276424,41.2859326],[-8.5277962,41.285881],[-8.5283229,41.2857122],[-8.5286043,41.2856404],[-8.5288024,41.2855413],[-8.5289792,41.2854882],[-8.5291327,41.285495],[-8.5292591,41.2855115],[-8.5293988,41.285572],[-8.5295567,41.285591],[-8.5299332,41.2855601],[-8.5300557,41.2855236],[-8.5302423,41.2854984],[-8.5302583,41.2854883],[-8.5302659,41.2854336],[-8.5304409,41.2853722],[-8.5304404,41.2852334],[-8.5304657,41.2851496],[-8.5305864,41.2848493],[-8.5305961,41.2848294],[-8.5306523,41.2848537],[-8.5306922,41.2848654],[-8.5308809,41.2849038],[-8.5308811,41.2849167],[-8.5310123,41.2849105],[-8.5310892,41.2849093],[-8.5311538,41.2848908],[-8.5313063,41.2847983],[-8.5315069,41.2846631],[-8.5315593,41.2846133],[-8.5315369,41.2845827],[-8.5314899,41.284586],[-8.5313947,41.2845926],[-8.5313463,41.284567],[-8.531208,41.2844119],[-8.5311658,41.2842919],[-8.5311031,41.2842072],[-8.5312131,41.2841131],[-8.5312303,41.2840999],[-8.530939,41.2838824],[-8.5312002,41.2835863],[-8.5315647,41.2833256],[-8.5311637,41.282796],[-8.5310473,41.2826998],[-8.5304243,41.2822862],[-8.531178,41.2821634],[-8.531987,41.2820883],[-8.5331024,41.2820809],[-8.5342732,41.2821142],[-8.5346821,41.282066],[-8.5351018,41.28197],[-8.5353275,41.2822091],[-8.5357031,41.2820487],[-8.536069,41.2818793],[-8.5361555,41.2818472],[-8.5363101,41.2817439],[-8.5364174,41.2814414],[-8.536417,41.2814081],[-8.5364163,41.281357],[-8.5364645,41.2812354],[-8.5366007,41.281167],[-8.5368158,41.28105],[-8.5368776,41.2810322],[-8.5372189,41.2809133],[-8.5372202,41.2809127],[-8.5371352,41.2807853],[-8.5378198,41.2804636],[-8.5379351,41.2803323],[-8.5379842,41.2802615],[-8.5380107,41.2801568],[-8.5380621,41.2800326],[-8.5381251,41.2799801],[-8.5383546,41.2799332],[-8.5384517,41.2797048],[-8.5385487,41.2794763],[-8.5388185,41.2792311],[-8.5390884,41.2789859],[-8.5392775,41.278814],[-8.5394666,41.2786422],[-8.5395567,41.2785604],[-8.5397535,41.2783846],[-8.5400229,41.2781427],[-8.5400403,41.278127],[-8.539977,41.2779925],[-8.5395511,41.2774804],[-8.5395466,41.2773904],[-8.5394993,41.277088],[-8.5394781,41.2769513],[-8.5393611,41.2767379],[-8.5382278,41.2757683],[-8.5379842,41.2755342],[-8.5378529,41.2751343],[-8.5374261,41.2746503],[-8.5387967,41.2741201],[-8.5398149,41.2736445],[-8.5407444,41.2742225],[-8.5409161,41.2743671],[-8.5412578,41.2748093],[-8.5415301,41.2749188],[-8.5419025,41.2749531],[-8.5436596,41.2750851],[-8.5441624,41.275244],[-8.544357,41.2747722],[-8.5454607,41.2751262],[-8.5455991,41.2750834],[-8.545939,41.2750722],[-8.546091,41.2751065],[-8.5463325,41.2751878],[-8.5464179,41.2752034],[-8.5465295,41.2752002],[-8.5466559,41.2751742],[-8.5468504,41.2751461],[-8.5470352,41.2751305],[-8.5471935,41.27511],[-8.547584,41.2750035],[-8.5478114,41.2749355],[-8.5480291,41.2749198],[-8.5483293,41.2748913],[-8.548788,41.2748772],[-8.5489145,41.2748716],[-8.5490096,41.2748522],[-8.5502409,41.27446],[-8.5513343,41.2738113],[-8.5519236,41.2736002],[-8.5520361,41.2735772],[-8.552095,41.2735601],[-8.5522259,41.2735484],[-8.5523829,41.2735452],[-8.5525085,41.2735397],[-8.5525693,41.2735329],[-8.5526292,41.2735186],[-8.5527585,41.2734673],[-8.5527945,41.2734521],[-8.5528886,41.27341],[-8.5529616,41.2733883],[-8.5530996,41.2733579],[-8.5533022,41.2733156],[-8.55351,41.2732683],[-8.5536748,41.2732301],[-8.5537778,41.2732063],[-8.5538282,41.2731794],[-8.5538562,41.2731504],[-8.5539163,41.2730749],[-8.5539579,41.2730418],[-8.5539854,41.2730329],[-8.5540795,41.2730123],[-8.5541375,41.2729957],[-8.5543141,41.272929],[-8.5546751,41.2727777],[-8.5548651,41.2727008],[-8.5548913,41.2726938],[-8.5549875,41.2726674],[-8.5550725,41.2726409],[-8.5551498,41.2726179],[-8.5553024,41.2725775],[-8.5553348,41.2725659],[-8.5554724,41.2725133],[-8.55557,41.2724783],[-8.5556089,41.2724645],[-8.5556553,41.272444],[-8.5557386,41.2723983],[-8.5558453,41.2722931],[-8.5559101,41.272188],[-8.5559773,41.2720983],[-8.5560446,41.2720352],[-8.55614,41.2719545],[-8.5562688,41.2718699],[-8.5563534,41.2718099],[-8.5563742,41.2717879],[-8.5563976,41.2717515],[-8.5564107,41.2717121],[-8.5564157,41.2716717],[-8.5564261,41.2716247],[-8.5564442,41.2716129],[-8.5564693,41.2716171],[-8.5564992,41.2716082],[-8.5564818,41.271546],[-8.5564838,41.2713584],[-8.5565142,41.2710584],[-8.5565477,41.2709296],[-8.5567743,41.2703605],[-8.5568836,41.2700082],[-8.5569097,41.2699225],[-8.556988,41.2699022],[-8.5570519,41.269881],[-8.5570677,41.2698693],[-8.5571015,41.2698042],[-8.5571036,41.2697972],[-8.5571035,41.269782],[-8.5570974,41.2697593],[-8.5570793,41.2697297],[-8.557008,41.2695764],[-8.5569211,41.2693894],[-8.5568867,41.2692823],[-8.5568505,41.2691599],[-8.5568272,41.2690969],[-8.5567921,41.26904],[-8.5567764,41.2690226],[-8.5567009,41.2689713],[-8.5565971,41.2689122],[-8.5564539,41.2688377],[-8.5563447,41.2687771],[-8.55605,41.2685527],[-8.5562307,41.2685238],[-8.5565604,41.2684387],[-8.5569307,41.2683317],[-8.5568091,41.2665722],[-8.558867,41.2664696],[-8.5589771,41.2679898],[-8.5591606,41.2695812],[-8.5592144,41.2695261],[-8.5595037,41.2692675],[-8.5597606,41.2688982],[-8.5603216,41.2683528],[-8.5605615,41.2680429],[-8.5603579,41.2677022],[-8.5595766,41.2664699],[-8.5598747,41.2651025],[-8.56019,41.2648475],[-8.5604872,41.2648538],[-8.5605805,41.2646121],[-8.5608315,41.2642539],[-8.5607067,41.2639216],[-8.56055,41.2636942],[-8.5602715,41.2634196],[-8.5602808,41.2632236],[-8.5604476,41.2632448],[-8.5613439,41.2633528],[-8.5617179,41.2634152],[-8.5619579,41.2634922],[-8.5626526,41.2626263],[-8.5626946,41.2625494],[-8.563344,41.2616344],[-8.5647001,41.2617241],[-8.5649747,41.2617576],[-8.5652252,41.2613623],[-8.5656322,41.260567],[-8.5660794,41.2597659],[-8.5664974,41.2590214],[-8.5666748,41.2587106],[-8.5669038,41.2583053],[-8.5674379,41.2572501],[-8.5674833,41.2572632],[-8.5676347,41.2569551],[-8.5679735,41.2560332],[-8.5670023,41.2557698],[-8.5672407,41.2539403],[-8.5672269,41.2539432],[-8.5668184,41.2539858],[-8.5654188,41.2541326],[-8.5650768,41.2541387],[-8.5641604,41.2542621],[-8.5637683,41.2543147],[-8.5628551,41.2544541],[-8.5624014,41.2544978],[-8.5618618,41.2547016],[-8.5611238,41.2549622],[-8.5610262,41.2549796],[-8.560807,41.2550195],[-8.5598346,41.2556326],[-8.5597395,41.255769],[-8.5594717,41.2558825],[-8.5592879,41.2559395],[-8.5581795,41.2560975],[-8.5579261,41.2561766],[-8.5579496,41.2567795],[-8.5579415,41.2575307],[-8.5533212,41.2571645],[-8.5532316,41.2571573],[-8.5529314,41.2573585],[-8.5522279,41.257702],[-8.5515577,41.25755],[-8.5511224,41.2573789],[-8.5509054,41.2573977],[-8.5498348,41.2574328],[-8.5498065,41.2573437],[-8.5496935,41.2569924],[-8.5485183,41.2571013],[-8.5477971,41.2571993],[-8.5472991,41.2573432],[-8.5470145,41.2574632],[-8.5463454,41.257532],[-8.5461767,41.2575238],[-8.5461088,41.2575208],[-8.5457554,41.2574435],[-8.5454923,41.2573732],[-8.5447488,41.2573734],[-8.5441051,41.2574419],[-8.5435084,41.2577532],[-8.5423641,41.257815],[-8.5418416,41.2576939],[-8.5409476,41.2574197],[-8.5404812,41.2573856],[-8.5399815,41.2574557],[-8.5390634,41.2578599],[-8.538532,41.2579583],[-8.5376753,41.2579411],[-8.5366791,41.2581165],[-8.5357318,41.2582676],[-8.5345226,41.2585028],[-8.5342538,41.2580871],[-8.533787,41.2576163],[-8.5328651,41.2563733],[-8.5327011,41.2559881],[-8.5326664,41.255906],[-8.5323108,41.2553467],[-8.5322737,41.2549773],[-8.5328458,41.2540661],[-8.5328846,41.2538592],[-8.5327756,41.2532723],[-8.5343584,41.2529979],[-8.5350485,41.2528784],[-8.5380908,41.252353],[-8.5387672,41.252078],[-8.5399714,41.2515982],[-8.5403153,41.2514453],[-8.5403265,41.2514405],[-8.5413185,41.2509458],[-8.5416182,41.2508611],[-8.5426507,41.2506771],[-8.543118,41.2507193],[-8.5433965,41.2504057],[-8.5438495,41.2504913],[-8.5443458,41.2504675],[-8.5446173,41.2503842],[-8.5448307,41.2500913],[-8.545023,41.2503177],[-8.5452483,41.250582],[-8.545589,41.2504612],[-8.5457609,41.2504082],[-8.5465856,41.2504351],[-8.5471531,41.2505273],[-8.5474989,41.2506237],[-8.547789,41.2507095],[-8.5481138,41.2508254],[-8.5482435,41.2508503],[-8.5483317,41.2508764],[-8.5483526,41.2508715],[-8.548889,41.2507267],[-8.5501026,41.2509912],[-8.5504109,41.250433],[-8.5507544,41.2497808],[-8.5510143,41.249522],[-8.5511289,41.2493623],[-8.551194,41.249253],[-8.5514863,41.2487102],[-8.5511943,41.2486845],[-8.5510676,41.2486577],[-8.5501396,41.2484689],[-8.5501346,41.2484645],[-8.5498114,41.2481628],[-8.5497021,41.2476832],[-8.5493737,41.2475044],[-8.5493571,41.2475042],[-8.5484489,41.2474987],[-8.548354,41.2474278],[-8.5479878,41.2473136],[-8.5476693,41.247297],[-8.5472333,41.2473697],[-8.5466557,41.2473718],[-8.5459127,41.2473387],[-8.5451104,41.2472617],[-8.5452451,41.2461856],[-8.5449266,41.2457366],[-8.5446125,41.2456412],[-8.5450336,41.2452863],[-8.5453917,41.2449842],[-8.5451802,41.2442008],[-8.545145,41.2440712],[-8.5456447,41.2428541],[-8.5453876,41.2427808],[-8.545994,41.2418229],[-8.5467533,41.2405458],[-8.5471288,41.2398007],[-8.5477308,41.2389007],[-8.5476787,41.238684],[-8.548128,41.2387687],[-8.5482299,41.2387878],[-8.5488475,41.2382723],[-8.5491315,41.2368625],[-8.5495975,41.2359557],[-8.5502294,41.235712],[-8.5509331,41.2355338],[-8.5509417,41.2355326],[-8.5513858,41.2354609],[-8.551209,41.234918],[-8.5517248,41.2348835],[-8.5527444,41.2348173],[-8.5525563,41.2342587],[-8.5525336,41.2341985],[-8.5527399,41.2338204],[-8.5531693,41.2337032],[-8.5530139,41.2336598],[-8.5528704,41.2335937],[-8.5527683,41.2335122],[-8.5521125,41.2330011],[-8.5520813,41.232977],[-8.550161,41.2316298],[-8.5501234,41.2316032],[-8.5487636,41.2309624],[-8.5483669,41.2310908],[-8.5482063,41.2311499],[-8.5480625,41.231199],[-8.5479054,41.2312483],[-8.5477809,41.2313163],[-8.5476865,41.2313825],[-8.5475402,41.2314342],[-8.5473286,41.2314718],[-8.5471328,41.231504],[-8.546864,41.2315447],[-8.5466743,41.2315797],[-8.5459795,41.2317336],[-8.5458908,41.2317531],[-8.5458455,41.2317633],[-8.5456871,41.2316716],[-8.5451257,41.2315639],[-8.5448063,41.2314967],[-8.5439991,41.2319183],[-8.5434781,41.2321904],[-8.5433559,41.232513],[-8.5433543,41.2326338],[-8.5434338,41.232712],[-8.5434881,41.2327808],[-8.5431387,41.2329682],[-8.5429691,41.2332393],[-8.5429473,41.2332818],[-8.5439727,41.2338536],[-8.5423037,41.2359054],[-8.5383473,41.2407562],[-8.5373886,41.2421767],[-8.5371547,41.242518],[-8.5368559,41.2434735],[-8.5363871,41.2446752],[-8.5359813,41.2455762],[-8.5357962,41.2458567],[-8.5351441,41.246881],[-8.5346188,41.2476285],[-8.533591,41.2504603],[-8.5320858,41.2546107],[-8.5312748,41.2566124],[-8.5311691,41.2568702],[-8.5309512,41.2572365],[-8.5307633,41.2576108],[-8.5305963,41.257932],[-8.5304174,41.2583502],[-8.5302387,41.2587245],[-8.5301481,41.2590105],[-8.5300325,41.2594141],[-8.5299258,41.2598584],[-8.5298494,41.2602621],[-8.5297025,41.2608028],[-8.5295508,41.2611939],[-8.5294123,41.2615016],[-8.5292411,41.2619153],[-8.5290697,41.2623239],[-8.5289641,41.2625808],[-8.5288763,41.2628369],[-8.5286747,41.2631553],[-8.5284613,41.2634857],[-8.52827,41.2637717],[-8.5280893,41.264029],[-8.5278992,41.2642232],[-8.5275879,41.2645107],[-8.5273513,41.2647237],[-8.5271238,41.2649228],[-8.5269936,41.2650681],[-8.52682,41.2652246],[-8.5265352,41.2653983],[-8.5261843,41.2655379],[-8.5259967,41.2656011],[-8.5257793,41.2656458],[-8.5255466,41.2656882],[-8.5253366,41.2657716],[-8.5252211,41.2658522],[-8.5251463,41.2659217],[-8.5250651,41.2660239],[-8.5249827,41.2661743],[-8.5247957,41.2662175],[-8.5235811,41.2663862],[-8.5232731,41.2664962],[-8.5231027,41.2665994],[-8.5203412,41.2689998],[-8.5203125,41.2690246],[-8.5197285,41.2684338]]]}},{"type":"Feature","properties":{"nome":"Milheirós","municipio":"Maia","municipio_short":"MAI","dicofre":"130608","area_km2":3.6,"area_ha":360.42,"populacao":5400,"populacao_fonte":"estimated","densidade":1500,"num_escolas":2,"num_parques":0,"area_verde_m2":75600,"comboios_ativos":4,"camara_nome":"Câmara Municipal da Maia","camara_email":"geral@cm-maia.pt","camara_url":"https://www.cm-maia.pt","escudo_url":null,"cor_principal":"#2E4F8C","centroide":[-8.591942041322316,41.21636459223141],"_todo":["Replace estimated populacao with real INE 2021 BGRI","Add real num_escolas (Censo + DGEEC)","Add real area_verde_m2 (Câmara dataset)","Add real comboios_ativos (Bicis Sapiens registry)","Add escudo_url (Wikimedia Commons SVG)","Verify cor_principal against actual heraldic blazon"]},"geometry":{"type":"Polygon","coordinates":[[[-8.6010537,41.2057595],[-8.6007546,41.2056642],[-8.6004852,41.2055975],[-8.6002558,41.2056632],[-8.5999913,41.2057554],[-8.5998126,41.2058268],[-8.5995292,41.2059956],[-8.59932,41.2061583],[-8.599162,41.2064088],[-8.5989719,41.2066467],[-8.5990032,41.2066671],[-8.5987756,41.2069944],[-8.5983084,41.2070787],[-8.5983004,41.2072302],[-8.5977709,41.207595],[-8.5967405,41.2082976],[-8.5966101,41.2083572],[-8.5960934,41.2083466],[-8.5959847,41.2085702],[-8.5959189,41.2085727],[-8.5958245,41.2085767],[-8.5956763,41.2085625],[-8.5955316,41.2085191],[-8.5953787,41.208399],[-8.5952964,41.2083228],[-8.5952521,41.2082847],[-8.5952017,41.2083201],[-8.5951316,41.2083412],[-8.5949763,41.208377],[-8.5947701,41.2084338],[-8.5947387,41.2084103],[-8.5945677,41.2084843],[-8.5935389,41.2084825],[-8.5931936,41.2084989],[-8.5931423,41.2085421],[-8.5920864,41.2089135],[-8.5920439,41.208923],[-8.5918179,41.2089723],[-8.591287,41.2090656],[-8.5910799,41.2091039],[-8.5902819,41.2092261],[-8.5902174,41.2092216],[-8.5901444,41.2094022],[-8.589314,41.2094711],[-8.5890823,41.2095094],[-8.5889583,41.2095158],[-8.5886905,41.2095431],[-8.5887164,41.2098409],[-8.5887221,41.2099039],[-8.588733,41.2100479],[-8.5887303,41.2101245],[-8.5887284,41.2101852],[-8.5886183,41.2102051],[-8.5883852,41.2103256],[-8.5882924,41.2103707],[-8.5870912,41.2102691],[-8.5869552,41.2102662],[-8.5866831,41.21026],[-8.5864394,41.2102753],[-8.5862052,41.2103398],[-8.5861072,41.2103864],[-8.5858318,41.2105278],[-8.5855522,41.210424],[-8.5853315,41.2103419],[-8.5851048,41.210567],[-8.5849302,41.2106912],[-8.5843433,41.2109318],[-8.5841335,41.2110239],[-8.5841259,41.2110233],[-8.5836455,41.2109991],[-8.5836054,41.2109972],[-8.5833928,41.2109944],[-8.5832075,41.2110295],[-8.5829797,41.2111179],[-8.5829511,41.2111959],[-8.5828407,41.2113221],[-8.5826599,41.2114602],[-8.5825039,41.2115598],[-8.5823023,41.2116369],[-8.5820601,41.2116837],[-8.5818177,41.2117189],[-8.5817621,41.2117282],[-8.5803364,41.2119624],[-8.5802751,41.2121304],[-8.5801711,41.2123131],[-8.5799511,41.2126198],[-8.5798971,41.2127025],[-8.5799004,41.2128072],[-8.5799011,41.212913],[-8.5798594,41.213072],[-8.5798681,41.2131632],[-8.579872,41.2132015],[-8.5797716,41.2133459],[-8.5793762,41.2136592],[-8.5789565,41.2142061],[-8.5785903,41.2147286],[-8.5782513,41.2151722],[-8.5779332,41.2156001],[-8.5776843,41.2159274],[-8.5775044,41.2161543],[-8.5772054,41.2165643],[-8.5770284,41.2168461],[-8.5765049,41.2173008],[-8.5761818,41.2177796],[-8.5760698,41.2179232],[-8.5759746,41.2180632],[-8.5758682,41.2181184],[-8.5756207,41.2181726],[-8.5756794,41.2184363],[-8.57551,41.2184605],[-8.5754241,41.2184499],[-8.5752698,41.218431],[-8.5752616,41.2184302],[-8.575049,41.218404],[-8.5749106,41.2183921],[-8.5748073,41.2183925],[-8.5746658,41.2184249],[-8.5744987,41.2184717],[-8.5744116,41.2184991],[-8.5743413,41.2185209],[-8.574229,41.2185749],[-8.5741199,41.218658],[-8.5739983,41.2187631],[-8.5738879,41.2189935],[-8.5738506,41.2190597],[-8.5738197,41.2191468],[-8.5737785,41.2192226],[-8.573785,41.2192795],[-8.5738231,41.219341],[-8.5738654,41.2194446],[-8.5738561,41.2195682],[-8.5738044,41.2196663],[-8.5737526,41.2197154],[-8.5736768,41.2197777],[-8.5736493,41.2198411],[-8.5736765,41.2198635],[-8.5736605,41.2199018],[-8.5733614,41.2201401],[-8.5733495,41.2203755],[-8.5733775,41.2205498],[-8.5733835,41.2210584],[-8.5733581,41.2211781],[-8.5732847,41.2212541],[-8.5731788,41.221318],[-8.5730145,41.2213685],[-8.5726888,41.2213529],[-8.572488,41.2213347],[-8.572075,41.2214],[-8.5718683,41.2214677],[-8.5718023,41.2215462],[-8.5718103,41.2216354],[-8.5721501,41.221966],[-8.5722478,41.2220341],[-8.5723163,41.222114],[-8.5723434,41.2221941],[-8.572341,41.222332],[-8.5723311,41.2223981],[-8.5723005,41.2225224],[-8.5722761,41.2226496],[-8.5722838,41.2227447],[-8.572321,41.2228557],[-8.5724443,41.2230061],[-8.5725052,41.223003],[-8.5726286,41.2232416],[-8.5726772,41.2232794],[-8.5727342,41.223311],[-8.5726905,41.2234158],[-8.5725704,41.2237992],[-8.5724568,41.2241908],[-8.572689,41.2242454],[-8.5729226,41.2243007],[-8.5729653,41.2243641],[-8.5732476,41.2247038],[-8.5731411,41.2249147],[-8.5728861,41.2251891],[-8.5729353,41.2254042],[-8.5730213,41.2256433],[-8.5730017,41.2258586],[-8.5730729,41.2262213],[-8.5731807,41.2265279],[-8.5733916,41.2267997],[-8.5739159,41.227715],[-8.5745037,41.2286142],[-8.5750677,41.2296208],[-8.5751101,41.2298584],[-8.5750114,41.229942],[-8.5749296,41.2299609],[-8.5748784,41.2302101],[-8.5752364,41.2304232],[-8.5754984,41.2305789],[-8.5756667,41.2306612],[-8.5758105,41.2305116],[-8.5760156,41.2303279],[-8.5761937,41.230151],[-8.5763633,41.2300083],[-8.5765232,41.2299201],[-8.5767744,41.22979],[-8.5769566,41.2296985],[-8.5773693,41.2294853],[-8.5777345,41.2293094],[-8.5779134,41.2292192],[-8.5781517,41.2291344],[-8.5785774,41.2290169],[-8.5784278,41.2286677],[-8.5788417,41.2285655],[-8.5792112,41.2282114],[-8.5792714,41.2280769],[-8.579709,41.2279191],[-8.5800164,41.2278945],[-8.5803182,41.2278705],[-8.5806719,41.2279244],[-8.5809538,41.2279187],[-8.5810458,41.2279201],[-8.5814129,41.2278595],[-8.5822806,41.2276389],[-8.582298,41.2275474],[-8.5823105,41.227436],[-8.5826659,41.2272998],[-8.582913,41.2271995],[-8.5831705,41.2270988],[-8.5834488,41.2270374],[-8.5890031,41.2259445],[-8.5890305,41.225939],[-8.59048,41.2260646],[-8.5907635,41.226086],[-8.5909521,41.226119],[-8.5909439,41.2264117],[-8.5916785,41.2263778],[-8.5922979,41.2259519],[-8.5924503,41.2258587],[-8.5928268,41.2257188],[-8.593163,41.2256404],[-8.5935813,41.2256462],[-8.5938263,41.2256301],[-8.59526,41.2252692],[-8.595306,41.2251703],[-8.5955958,41.2250985],[-8.5962126,41.2248768],[-8.5966992,41.2248112],[-8.5972704,41.2247879],[-8.5976804,41.2244753],[-8.597811,41.2244323],[-8.5979921,41.224443],[-8.5981154,41.2244108],[-8.5981252,41.2243685],[-8.5981059,41.2243328],[-8.598055,41.2242912],[-8.5979898,41.224245],[-8.597945,41.2241902],[-8.5979303,41.2241372],[-8.5979203,41.2240739],[-8.5979041,41.2240265],[-8.5978675,41.2239909],[-8.5977915,41.2239648],[-8.5977501,41.2239292],[-8.5977432,41.2238552],[-8.5977791,41.2237814],[-8.5978262,41.223731],[-8.5978732,41.2236845],[-8.5979138,41.2236258],[-8.5979296,41.2236032],[-8.5979242,41.2235137],[-8.5978796,41.2234672],[-8.5978731,41.2234362],[-8.5979106,41.2234003],[-8.5979468,41.2233693],[-8.5979704,41.2233287],[-8.5979682,41.2232907],[-8.5979379,41.2232481],[-8.5978902,41.2232195],[-8.5977984,41.2231889],[-8.5977657,41.2231627],[-8.5977305,41.2230888],[-8.5977064,41.2230532],[-8.5976854,41.2229922],[-8.5976719,41.2228695],[-8.5976662,41.222755],[-8.5976592,41.2226566],[-8.5976312,41.2226308],[-8.597574,41.2225627],[-8.5975014,41.2225005],[-8.5974074,41.2224162],[-8.5973884,41.2223805],[-8.5974035,41.2223053],[-8.5974215,41.222272],[-8.5974513,41.222232],[-8.5974344,41.2221949],[-8.5974009,41.2221658],[-8.5973578,41.2221479],[-8.5972971,41.2221156],[-8.5972337,41.2220731],[-8.5971915,41.2220198],[-8.5971646,41.2219326],[-8.5971505,41.2218097],[-8.5971291,41.2217603],[-8.5970891,41.2217266],[-8.597042,41.2217092],[-8.5969841,41.2216855],[-8.5969649,41.2216523],[-8.5969643,41.2215592],[-8.5969578,41.2213868],[-8.5969758,41.2213252],[-8.5970332,41.2212774],[-8.5970959,41.2212335],[-8.5971351,41.2212018],[-8.5971322,41.2211462],[-8.5971053,41.221061],[-8.5970521,41.2209641],[-8.5969927,41.2208459],[-8.5969419,41.2207192],[-8.5969122,41.2206042],[-8.5968986,41.2205191],[-8.5968582,41.2204142],[-8.5967193,41.2201232],[-8.5966036,41.219973],[-8.5965514,41.2199079],[-8.5965103,41.2198532],[-8.5964913,41.219829],[-8.5964344,41.2197584],[-8.5963942,41.2197261],[-8.5963114,41.2195928],[-8.5962953,41.2195673],[-8.596267,41.2195125],[-8.5961505,41.2194582],[-8.5958751,41.2193205],[-8.5957831,41.219304],[-8.5957072,41.2192779],[-8.5956714,41.2192572],[-8.5956315,41.219234],[-8.5955552,41.2191614],[-8.5955427,41.219135],[-8.595542,41.2190391],[-8.59554,41.2189794],[-8.5955464,41.2189108],[-8.5955568,41.2187852],[-8.5955632,41.2187244],[-8.5955743,41.21868],[-8.5955583,41.2186106],[-8.5955437,41.218522],[-8.5955585,41.2184578],[-8.5955508,41.2183524],[-8.5955347,41.2183324],[-8.5955254,41.2183206],[-8.5954876,41.2183134],[-8.595394,41.2183265],[-8.5953131,41.2183575],[-8.5952447,41.2183662],[-8.5951926,41.2183391],[-8.5951572,41.2182887],[-8.5951498,41.2182],[-8.5951954,41.2181292],[-8.5952746,41.2180732],[-8.5953652,41.2180264],[-8.5954614,41.2179807],[-8.5955466,41.2179131],[-8.5955532,41.2178582],[-8.5954688,41.2177752],[-8.5954697,41.2177257],[-8.5955001,41.2176896],[-8.5955645,41.2176693],[-8.5956663,41.2176563],[-8.5957883,41.2176209],[-8.5959697,41.2175599],[-8.596052,41.2175616],[-8.5961165,41.21759],[-8.5961657,41.2176202],[-8.5961967,41.217655],[-8.5962546,41.2176938],[-8.5963159,41.2177063],[-8.5963633,41.2176976],[-8.5963954,41.2176753],[-8.5964008,41.2176353],[-8.5963808,41.2175729],[-8.5963468,41.2174988],[-8.596363,41.2174247],[-8.596442,41.2173054],[-8.5964766,41.2172419],[-8.5965069,41.2171754],[-8.5965245,41.2171277],[-8.5965735,41.2170392],[-8.5966179,41.217001],[-8.5966889,41.2169659],[-8.5967739,41.2169318],[-8.5968687,41.2168902],[-8.5970401,41.2168209],[-8.5971281,41.2167902],[-8.5971706,41.2167776],[-8.5971825,41.2167739],[-8.5971983,41.2167663],[-8.5972188,41.2167561],[-8.5972436,41.2167394],[-8.5972712,41.2167145],[-8.5973335,41.2166757],[-8.5973741,41.2166162],[-8.5973778,41.2166102],[-8.5974115,41.2165575],[-8.5974299,41.2165282],[-8.5974461,41.2164934],[-8.5974704,41.2164588],[-8.5975426,41.2164113],[-8.5976095,41.2163702],[-8.597693,41.2163226],[-8.5977716,41.216284],[-8.5978403,41.2162266],[-8.5979122,41.2161757],[-8.5979727,41.2161445],[-8.5980338,41.2161209],[-8.5981189,41.2160859],[-8.5982059,41.2160569],[-8.5982944,41.2160194],[-8.5983567,41.2159918],[-8.5983859,41.215952],[-8.5984003,41.2159098],[-8.5983936,41.2158701],[-8.5983536,41.2158098],[-8.5982924,41.215738],[-8.5982242,41.2156491],[-8.5981891,41.2155665],[-8.5981491,41.2154899],[-8.5980976,41.2154529],[-8.5979344,41.2153767],[-8.5978339,41.2153211],[-8.5977343,41.2152827],[-8.5975182,41.2152129],[-8.5974988,41.2152069],[-8.5974658,41.2152073],[-8.5974085,41.2152083],[-8.5973213,41.2152051],[-8.5972159,41.2151844],[-8.5971203,41.2151549],[-8.597015,41.2151131],[-8.5969408,41.2150738],[-8.5968733,41.2150282],[-8.5968231,41.2149879],[-8.5967405,41.2149336],[-8.5966678,41.2148942],[-8.5965835,41.2148389],[-8.5965371,41.2147761],[-8.5964937,41.2146758],[-8.5964602,41.2145853],[-8.5964681,41.214504],[-8.5964754,41.2143872],[-8.596495,41.214355],[-8.5964905,41.2141926],[-8.5965126,41.2140859],[-8.5965832,41.2140006],[-8.5966596,41.2138948],[-8.5967198,41.2138276],[-8.5967921,41.2137942],[-8.5969103,41.2137825],[-8.5970564,41.2137931],[-8.5971896,41.2138374],[-8.5972772,41.2138875],[-8.5973805,41.2139639],[-8.597458,41.2140058],[-8.5975947,41.2140486],[-8.5977116,41.2140828],[-8.5978004,41.2141024],[-8.5978595,41.2140697],[-8.5978919,41.2140176],[-8.5978997,41.2139655],[-8.5978714,41.2138939],[-8.5978642,41.2138107],[-8.5979067,41.213766],[-8.5979819,41.2137309],[-8.5980904,41.2137048],[-8.5981495,41.2136784],[-8.5981607,41.2136263],[-8.5981109,41.2135621],[-8.5980429,41.2134917],[-8.5980211,41.2134051],[-8.598022,41.2133072],[-8.5980195,41.2131783],[-8.5980219,41.2130571],[-8.5980382,41.213021],[-8.5981068,41.2129512],[-8.5981738,41.2128989],[-8.5982407,41.2128527],[-8.5983228,41.2128499],[-8.5984131,41.212836],[-8.5985099,41.2127985],[-8.5986976,41.2127415],[-8.5988567,41.2127011],[-8.5989928,41.212662],[-8.5990419,41.2126508],[-8.599137,41.2126181],[-8.5992388,41.2125903],[-8.5993321,41.2125554],[-8.5994314,41.2125372],[-8.5996434,41.2125339],[-8.5997288,41.2125273],[-8.5998141,41.2125048],[-8.5998829,41.2124871],[-8.5999468,41.2124656],[-8.599953,41.2123928],[-8.599997,41.2123358],[-8.600031,41.2122749],[-8.5999958,41.2121745],[-8.5999768,41.2120493],[-8.5999846,41.211984],[-8.6000236,41.2119235],[-8.6000648,41.2117112],[-8.6000554,41.2116555],[-8.6000259,41.2114592],[-8.6000201,41.2114283],[-8.6000194,41.2113703],[-8.6000224,41.2113048],[-8.5999914,41.2112171],[-8.599944,41.2111551],[-8.5998829,41.2111081],[-8.5998299,41.2110577],[-8.5998031,41.2110057],[-8.59977,41.210956],[-8.5996626,41.2108656],[-8.5996326,41.2108176],[-8.599629,41.210801],[-8.5996225,41.2107729],[-8.5996157,41.2107344],[-8.5996269,41.2106862],[-8.5996531,41.210649],[-8.5996988,41.2106041],[-8.5997641,41.210547],[-8.5998163,41.210491],[-8.5998536,41.2104261],[-8.5998794,41.2103692],[-8.5998987,41.2102996],[-8.5999387,41.2101286],[-8.5999757,41.2099996],[-8.6000353,41.2098494],[-8.6000967,41.2097152],[-8.6001474,41.2096112],[-8.6002076,41.2095316],[-8.6002911,41.2094966],[-8.6003748,41.2094713],[-8.600468,41.2094214],[-8.6005515,41.209369],[-8.6006135,41.2093203],[-8.6006741,41.2092743],[-8.6007131,41.2092297],[-8.6007045,41.2091726],[-8.6006799,41.2091257],[-8.600668,41.2090798],[-8.6007135,41.209008],[-8.6007936,41.2089444],[-8.6008476,41.2089106],[-8.6009066,41.2089017],[-8.6009835,41.2089306],[-8.6010171,41.2089434],[-8.6010595,41.2089046],[-8.6010576,41.2088701],[-8.6009931,41.2088208],[-8.6009534,41.2087751],[-8.6009361,41.2087648],[-8.6008676,41.2087245],[-8.6007969,41.208715],[-8.6007212,41.2087018],[-8.600639,41.2086894],[-8.6005766,41.208672],[-8.6004359,41.2085853],[-8.6004389,41.2085383],[-8.6004632,41.2084971],[-8.6005287,41.2084586],[-8.600645,41.2084108],[-8.6007729,41.2083707],[-8.6009295,41.2083413],[-8.6010607,41.2083146],[-8.6011312,41.2083143],[-8.6011887,41.208297],[-8.6012329,41.2082731],[-8.6012523,41.2082247],[-8.6012632,41.2081402],[-8.6012789,41.2080411],[-8.6013034,41.2079965],[-8.6013524,41.2079519],[-8.6014045,41.2078959],[-8.6014289,41.2078413],[-8.6015143,41.2076101],[-8.6015731,41.2075472],[-8.6016663,41.2074787],[-8.6017065,41.2073719],[-8.6017423,41.2073146],[-8.6017828,41.2072289],[-8.6017939,41.2071622],[-8.6018096,41.207074],[-8.6018235,41.2069538],[-8.6018583,41.2067667],[-8.6018948,41.2065895],[-8.6019045,41.2065524],[-8.6019221,41.2065003],[-8.6019331,41.2064282],[-8.6019554,41.2063461],[-8.6019649,41.2062817],[-8.6019382,41.2062163],[-8.6019075,41.2061449],[-8.6018596,41.2060967],[-8.6017955,41.2060894],[-8.6017183,41.2061072],[-8.6016118,41.2061399],[-8.6015347,41.2061588],[-8.6014543,41.2061676],[-8.6013835,41.2061471],[-8.6013418,41.2060814],[-8.6012702,41.2059466],[-8.6012058,41.2058912],[-8.6010706,41.205816],[-8.6010537,41.2057595]]]}},{"type":"Feature","properties":{"nome":"Moreira","municipio":"Maia","municipio_short":"MAI","dicofre":"130609","area_km2":8.67,"area_ha":867.27,"populacao":13005,"populacao_fonte":"estimated","densidade":1500,"num_escolas":5,"num_parques":2,"area_verde_m2":104040,"comboios_ativos":3,"camara_nome":"Câmara Municipal da Maia","camara_email":"geral@cm-maia.pt","camara_url":"https://www.cm-maia.pt","escudo_url":null,"cor_principal":"#3D5C4A","centroide":[-8.651138775619833,41.23975015165289],"_todo":["Replace estimated populacao with real INE 2021 BGRI","Add real num_escolas (Censo + DGEEC)","Add real area_verde_m2 (Câmara dataset)","Add real comboios_ativos (Bicis Sapiens registry)","Add escudo_url (Wikimedia Commons SVG)","Verify cor_principal against actual heraldic blazon"]},"geometry":{"type":"Polygon","coordinates":[[[-8.6516728,41.2252301],[-8.6516431,41.2252562],[-8.6515327,41.2253262],[-8.6513986,41.2254],[-8.6513349,41.2254247],[-8.6512803,41.2254361],[-8.6510286,41.2255075],[-8.6509238,41.2255407],[-8.6505748,41.2256413],[-8.6503117,41.2256985],[-8.650136,41.2257413],[-8.6500688,41.2257416],[-8.6499799,41.2257224],[-8.649842,41.2256691],[-8.6497644,41.2256469],[-8.6495664,41.2255934],[-8.6494395,41.2255736],[-8.6494092,41.2255761],[-8.6493475,41.2255699],[-8.6493118,41.2255832],[-8.6492666,41.2256152],[-8.6492117,41.2256556],[-8.6491731,41.2256974],[-8.649155,41.2257466],[-8.6491707,41.225807],[-8.6491808,41.2258642],[-8.6491823,41.2259109],[-8.6491667,41.2259952],[-8.6491155,41.2260976],[-8.649045,41.2262083],[-8.6489404,41.2263335],[-8.6488875,41.2263559],[-8.6488445,41.2263896],[-8.648638,41.2265128],[-8.648435,41.2265808],[-8.6482702,41.2266601],[-8.6481347,41.2267611],[-8.6480306,41.2269468],[-8.6477858,41.2271832],[-8.6477417,41.2272453],[-8.6477558,41.2273121],[-8.6478145,41.2273967],[-8.6480003,41.227543],[-8.648053,41.2276424],[-8.6480422,41.2277636],[-8.6479119,41.2280884],[-8.6477356,41.2284159],[-8.6476353,41.2286479],[-8.6476324,41.2287239],[-8.6476671,41.2287957],[-8.6477496,41.2288995],[-8.6478646,41.2290297],[-8.6478613,41.2292327],[-8.6477448,41.229684],[-8.6477287,41.2298101],[-8.6477267,41.2298985],[-8.6477664,41.2299732],[-8.6478275,41.2300534],[-8.6478508,41.2301456],[-8.6478631,41.2302737],[-8.6478307,41.2305418],[-8.6478322,41.2306565],[-8.6478799,41.2307647],[-8.6479301,41.2308774],[-8.6479967,41.2310035],[-8.6480432,41.2311621],[-8.6480686,41.2312269],[-8.6481248,41.2313352],[-8.6481803,41.231414],[-8.6482065,41.2314377],[-8.6482797,41.2315442],[-8.6483231,41.2315833],[-8.6483777,41.2316309],[-8.6485485,41.2317771],[-8.6488463,41.2320613],[-8.6491956,41.232513],[-8.6492086,41.2326672],[-8.6491395,41.2327766],[-8.6489915,41.2329161],[-8.6487644,41.2330973],[-8.6483887,41.2333561],[-8.6481544,41.2335744],[-8.6480457,41.2338145],[-8.6480103,41.2340154],[-8.6479614,41.2344758],[-8.6479394,41.2347325],[-8.6479974,41.2350077],[-8.6480044,41.2350802],[-8.6479471,41.2351819],[-8.6477298,41.2353448],[-8.6473424,41.2355675],[-8.6470715,41.235828],[-8.6469535,41.2359595],[-8.6465726,41.2361746],[-8.6462895,41.2364316],[-8.6461322,41.2365515],[-8.6459414,41.2366111],[-8.6456998,41.2366218],[-8.6451693,41.2365342],[-8.6446867,41.2364138],[-8.6445617,41.2363997],[-8.6443564,41.2364038],[-8.6442021,41.2363803],[-8.6438667,41.2362556],[-8.6434147,41.2362395],[-8.6430414,41.2362562],[-8.6427208,41.2361193],[-8.6420592,41.2357773],[-8.641214,41.2354251],[-8.6409389,41.2357598],[-8.6407019,41.2358661],[-8.6403029,41.2360547],[-8.6394507,41.2365544],[-8.638667,41.2369927],[-8.6386247,41.2370164],[-8.638783,41.2373621],[-8.6388434,41.2374935],[-8.6389531,41.2378088],[-8.6391037,41.238139],[-8.6392279,41.2383368],[-8.6391068,41.2384032],[-8.6386249,41.2385522],[-8.6384151,41.2386352],[-8.638304,41.2388355],[-8.6382394,41.2390415],[-8.6381874,41.239249],[-8.6381998,41.2393353],[-8.6382217,41.2394127],[-8.6382462,41.2394637],[-8.6382483,41.2394688],[-8.6382651,41.2395033],[-8.6383,41.2395932],[-8.638278,41.2396842],[-8.6382731,41.2397293],[-8.6382841,41.239817],[-8.6382717,41.2398877],[-8.6382515,41.2399365],[-8.638218,41.2399659],[-8.638062,41.2400259],[-8.637757,41.2401151],[-8.6376847,41.2401486],[-8.6375614,41.2403115],[-8.6372241,41.2405826],[-8.6370933,41.240625],[-8.6370292,41.2406042],[-8.6367407,41.2407619],[-8.6364141,41.2409391],[-8.6362075,41.241056],[-8.6360007,41.2411747],[-8.6358789,41.2410602],[-8.6355544,41.241318],[-8.635438,41.2413739],[-8.6353019,41.2414499],[-8.6352423,41.2414854],[-8.6351835,41.2415219],[-8.6351256,41.241559],[-8.6350685,41.2415967],[-8.6350464,41.2416117],[-8.6349638,41.241695],[-8.6348049,41.2418365],[-8.6347081,41.2419435],[-8.6345864,41.2420462],[-8.6345248,41.2421095],[-8.633857,41.242631],[-8.6337169,41.2428021],[-8.6332028,41.2432468],[-8.6330585,41.2433685],[-8.6329414,41.2434633],[-8.6329001,41.2434961],[-8.6327942,41.2436037],[-8.6327565,41.2436402],[-8.6326874,41.243706],[-8.6326415,41.2437485],[-8.6325343,41.2438705],[-8.6324646,41.2439462],[-8.6324415,41.2439707],[-8.6323496,41.2440796],[-8.6322583,41.2441688],[-8.6320862,41.2442638],[-8.632014,41.244301],[-8.6319482,41.244334],[-8.6318181,41.2444417],[-8.631694,41.2445494],[-8.6315638,41.244664],[-8.6314752,41.244794],[-8.6313503,41.2448931],[-8.6311528,41.2450192],[-8.6308236,41.2452178],[-8.6306245,41.2453211],[-8.6305123,41.245399],[-8.630367,41.2455096],[-8.6301556,41.2456728],[-8.62995,41.245847],[-8.6297804,41.2459705],[-8.6295654,41.2461318],[-8.62948,41.2461977],[-8.6289031,41.2466448],[-8.6284135,41.2469986],[-8.6284677,41.2470785],[-8.6285681,41.2472439],[-8.6287122,41.247465],[-8.6287764,41.2475663],[-8.6288232,41.2477332],[-8.6289638,41.2479438],[-8.6290571,41.2479823],[-8.6294983,41.2484145],[-8.6296205,41.2487677],[-8.6296561,41.2488663],[-8.6297022,41.2490074],[-8.630056,41.2489338],[-8.6302401,41.248922],[-8.63038,41.2489324],[-8.6304911,41.2489985],[-8.6306264,41.249359],[-8.6310509,41.2505628],[-8.6310576,41.2505802],[-8.6316306,41.2521084],[-8.6334685,41.2571535],[-8.6340539,41.2587209],[-8.6341831,41.2589696],[-8.6343296,41.2591572],[-8.6345002,41.2593014],[-8.6346668,41.2594107],[-8.6349119,41.2595292],[-8.6351595,41.2596283],[-8.6352713,41.2596646],[-8.635341,41.259946],[-8.6353445,41.2599592],[-8.635549,41.2603489],[-8.6356452,41.2604095],[-8.635745,41.260489],[-8.6359122,41.2607263],[-8.6360482,41.2608785],[-8.636118,41.2609452],[-8.6361844,41.2610082],[-8.636247,41.2610335],[-8.636738,41.2602553],[-8.636935,41.2599967],[-8.6372031,41.2597007],[-8.6374406,41.2596861],[-8.640189,41.2598191],[-8.6429681,41.2599718],[-8.6436178,41.2599804],[-8.6439149,41.2600074],[-8.6447359,41.2600828],[-8.6449887,41.2601062],[-8.6459238,41.2601685],[-8.6464381,41.260196],[-8.6466341,41.2602016],[-8.6467315,41.2602064],[-8.6468258,41.2602114],[-8.6477125,41.2595564],[-8.6478432,41.2594604],[-8.6479767,41.2593608],[-8.6482047,41.2591909],[-8.6485331,41.258659],[-8.6486523,41.2585685],[-8.648731,41.2584767],[-8.648876,41.2584811],[-8.6491538,41.2583718],[-8.649308,41.2583826],[-8.6497701,41.2582982],[-8.6499475,41.2583542],[-8.6502722,41.2584267],[-8.6507459,41.2583706],[-8.6510868,41.2583181],[-8.65188,41.2582549],[-8.6519296,41.2583227],[-8.6521051,41.2586283],[-8.6522474,41.2589146],[-8.6522944,41.2589153],[-8.652615,41.2588784],[-8.65255,41.2587304],[-8.6528183,41.2586299],[-8.6534339,41.2584428],[-8.6554188,41.2577785],[-8.6563948,41.2573742],[-8.6564102,41.2573202],[-8.6564424,41.2572471],[-8.657624,41.2560467],[-8.6577949,41.25619],[-8.6578423,41.2562582],[-8.657875,41.2563427],[-8.6580002,41.2568013],[-8.658043,41.2568822],[-8.6580849,41.2569372],[-8.6581054,41.2568968],[-8.6581491,41.2567753],[-8.6590735,41.2550725],[-8.6594919,41.2542701],[-8.6598491,41.2533555],[-8.6601866,41.2527324],[-8.6605258,41.2524159],[-8.6605991,41.2523421],[-8.6606498,41.2523023],[-8.6608117,41.252174],[-8.6610666,41.2520077],[-8.6611283,41.2519756],[-8.661284,41.2519062],[-8.6612277,41.2518534],[-8.6613482,41.2517999],[-8.6615473,41.2517266],[-8.6615254,41.2516305],[-8.6615052,41.2515535],[-8.6617316,41.2514461],[-8.6617959,41.2515322],[-8.6618328,41.2515827],[-8.6621442,41.2514518],[-8.6617599,41.2508043],[-8.6620057,41.2506334],[-8.6619114,41.2505588],[-8.661841,41.250509],[-8.6620111,41.2503689],[-8.6620351,41.2503384],[-8.6619444,41.2500229],[-8.6619256,41.2499925],[-8.6621043,41.2498721],[-8.6624737,41.2496974],[-8.6628425,41.2496135],[-8.6624556,41.2491077],[-8.6630707,41.2488136],[-8.6630176,41.2485281],[-8.6630111,41.2485109],[-8.662963,41.2483308],[-8.6633443,41.2481464],[-8.6633727,41.2481308],[-8.663289,41.2480336],[-8.6632888,41.2480013],[-8.6635217,41.2478764],[-8.6634258,41.2477774],[-8.6632186,41.2475725],[-8.6636624,41.2472955],[-8.6639989,41.2470244],[-8.6642499,41.2468358],[-8.6643735,41.2467112],[-8.6646017,41.2462141],[-8.6646403,41.2461968],[-8.6650033,41.2462475],[-8.665049,41.2460449],[-8.6649998,41.2460283],[-8.6651257,41.2457159],[-8.6651978,41.2455412],[-8.6652592,41.2455547],[-8.6654754,41.2450938],[-8.6654755,41.2448645],[-8.6653648,41.2447682],[-8.6653999,41.24472],[-8.6654362,41.244672],[-8.6654736,41.2446248],[-8.6655121,41.2445779],[-8.6655504,41.244533],[-8.6657065,41.244205],[-8.6661056,41.2441849],[-8.6662081,41.2439498],[-8.6665011,41.2439284],[-8.6663567,41.2436821],[-8.6662739,41.2436938],[-8.6662615,41.2434637],[-8.6666452,41.2433282],[-8.666669,41.2432558],[-8.6669559,41.2431383],[-8.6670913,41.2430119],[-8.6670814,41.2427851],[-8.6671276,41.2426889],[-8.6671463,41.242645],[-8.6671659,41.2425926],[-8.667182,41.2425435],[-8.6672554,41.2424374],[-8.6673131,41.2423555],[-8.6674482,41.2420755],[-8.6675155,41.241962],[-8.667535,41.2418643],[-8.6675545,41.2417407],[-8.6675336,41.2416893],[-8.6675806,41.2416015],[-8.6676422,41.2415252],[-8.6677358,41.2414107],[-8.66781,41.2413332],[-8.6680674,41.2411314],[-8.668397,41.2410205],[-8.6684923,41.2414227],[-8.6685615,41.241566],[-8.6686578,41.2416787],[-8.6688018,41.2417861],[-8.6688897,41.2418262],[-8.6712004,41.240137],[-8.672382,41.239286],[-8.6699382,41.2341253],[-8.6696959,41.2341706],[-8.6694015,41.2339245],[-8.6688408,41.2333919],[-8.6679211,41.2328362],[-8.668409,41.2323161],[-8.6692252,41.2318865],[-8.6688083,41.23103],[-8.6689472,41.2309831],[-8.6689621,41.2309062],[-8.6687492,41.2306418],[-8.6685558,41.2304061],[-8.6683168,41.2294274],[-8.6682364,41.2285915],[-8.6681523,41.2281218],[-8.6680297,41.2279381],[-8.6680057,41.2277913],[-8.6680463,41.2274025],[-8.6679741,41.2270846],[-8.6679233,41.2268277],[-8.6678461,41.2264738],[-8.6677385,41.2261267],[-8.667886,41.2252354],[-8.66798,41.2249433],[-8.667991,41.2248015],[-8.6679186,41.2247185],[-8.6678125,41.2246738],[-8.6675367,41.2246319],[-8.6673596,41.2246117],[-8.6672654,41.2245966],[-8.6671564,41.2244944],[-8.6665609,41.223688],[-8.6665518,41.2236502],[-8.6665453,41.2230316],[-8.6665259,41.2230084],[-8.6664003,41.2229334],[-8.6662645,41.2228652],[-8.6660252,41.2227353],[-8.6659619,41.2227222],[-8.6658443,41.2227394],[-8.6657437,41.2227651],[-8.6655737,41.2230425],[-8.6654714,41.2231588],[-8.6652002,41.2235366],[-8.6651625,41.2236078],[-8.6650971,41.2237148],[-8.6645016,41.2235298],[-8.6642529,41.2239496],[-8.6641877,41.2240381],[-8.664065,41.2241358],[-8.6639951,41.224187],[-8.6639222,41.2242484],[-8.6638302,41.2243382],[-8.663741,41.2244131],[-8.6637016,41.2244578],[-8.6635921,41.2245122],[-8.6634406,41.2245366],[-8.6633394,41.2245603],[-8.663296,41.2245766],[-8.6632707,41.2246034],[-8.6632622,41.2246444],[-8.6632616,41.2246912],[-8.6632195,41.2248317],[-8.6631398,41.2249633],[-8.6630289,41.2253086],[-8.6628666,41.2254298],[-8.6626465,41.2255381],[-8.6625231,41.2256047],[-8.6623782,41.2257211],[-8.662059,41.2261535],[-8.6614337,41.2265179],[-8.661063,41.2265188],[-8.6609314,41.2264726],[-8.660672,41.2264159],[-8.6604348,41.2263895],[-8.6604194,41.2263949],[-8.6592431,41.2261897],[-8.6590904,41.2261583],[-8.6589185,41.226145],[-8.6587691,41.2261598],[-8.6583102,41.2262296],[-8.6582246,41.2262666],[-8.657802,41.2262093],[-8.65784,41.2262938],[-8.6578519,41.2263868],[-8.6578473,41.2264669],[-8.6553949,41.2263507],[-8.654607,41.2262188],[-8.6541638,41.226246],[-8.6534767,41.2262161],[-8.6525243,41.2258571],[-8.6524501,41.2257784],[-8.6523597,41.2257065],[-8.6523068,41.2256671],[-8.6522379,41.2256211],[-8.6521542,41.2255719],[-8.652053,41.2255182],[-8.6516728,41.2252301]]]}},{"type":"Feature","properties":{"nome":"Nogueira e Silva Escura","municipio":"Maia","municipio_short":"MAI","dicofre":"130620","area_km2":8.86,"area_ha":886.49,"populacao":13290,"populacao_fonte":"estimated","densidade":1500,"num_escolas":5,"num_parques":2,"area_verde_m2":66450,"comboios_ativos":1,"camara_nome":"Câmara Municipal da Maia","camara_email":"geral@cm-maia.pt","camara_url":"https://www.cm-maia.pt","escudo_url":null,"cor_principal":"#6B3F58","centroide":[-8.591087665501528,41.23943573145898],"_todo":["Replace estimated populacao with real INE 2021 BGRI","Add real num_escolas (Censo + DGEEC)","Add real area_verde_m2 (Câmara dataset)","Add real comboios_ativos (Bicis Sapiens registry)","Add escudo_url (Wikimedia Commons SVG)","Verify cor_principal against actual heraldic blazon"]},"geometry":{"type":"Polygon","coordinates":[[[-8.5703813,41.2401229],[-8.5705011,41.2402158],[-8.5707273,41.2403908],[-8.5704318,41.2402999],[-8.569998,41.2400106],[-8.5698167,41.239955],[-8.5695044,41.2398184],[-8.5693288,41.2398294],[-8.5690168,41.2397285],[-8.5688415,41.2397804],[-8.56862,41.2400412],[-8.5682012,41.2401451],[-8.568005,41.2401408],[-8.567835,41.2400958],[-8.5675095,41.2413281],[-8.5671744,41.2426557],[-8.5674171,41.2429711],[-8.5676223,41.2432472],[-8.5680226,41.2440078],[-8.5681607,41.2443951],[-8.5682485,41.2448838],[-8.5682423,41.2456291],[-8.568048,41.2461408],[-8.567965,41.2464383],[-8.5667391,41.2463791],[-8.5666622,41.24678],[-8.5669933,41.2473451],[-8.5673502,41.247987],[-8.5674513,41.2481886],[-8.5675896,41.2484878],[-8.5679516,41.2494105],[-8.5682131,41.2503086],[-8.5683671,41.2510346],[-8.5684462,41.2516001],[-8.5685058,41.25237],[-8.5685074,41.2523922],[-8.5685121,41.2530905],[-8.5684661,41.2536982],[-8.5672407,41.2539403],[-8.5670023,41.2557698],[-8.5679735,41.2560332],[-8.5676347,41.2569551],[-8.5674833,41.2572632],[-8.5677212,41.2573318],[-8.5678842,41.2573815],[-8.5686736,41.2576492],[-8.569313,41.2582479],[-8.569644,41.2585579],[-8.5696691,41.2586015],[-8.5696387,41.2586994],[-8.5695985,41.2588285],[-8.5698522,41.2588779],[-8.5703334,41.2591006],[-8.570404,41.2591276],[-8.5704716,41.2592292],[-8.5705317,41.259421],[-8.5711674,41.2594365],[-8.5717951,41.2594518],[-8.5725171,41.259481],[-8.5737724,41.259477],[-8.5737712,41.259186],[-8.5737688,41.2589318],[-8.5751519,41.2589944],[-8.5750376,41.2592259],[-8.5750202,41.2593313],[-8.574966,41.2595442],[-8.5749138,41.2598741],[-8.5748647,41.2602991],[-8.5748422,41.2604271],[-8.5753577,41.2604229],[-8.5761238,41.2604202],[-8.5761161,41.2606106],[-8.5761682,41.2608343],[-8.5761751,41.2612511],[-8.5762049,41.2616813],[-8.5761975,41.2620013],[-8.5763369,41.2621619],[-8.5764937,41.2623501],[-8.5765351,41.2625865],[-8.5765261,41.2627714],[-8.5765255,41.2628811],[-8.576542,41.263055],[-8.5763293,41.2631132],[-8.5761683,41.2632428],[-8.5760292,41.2639773],[-8.5761124,41.2647796],[-8.5765599,41.2657557],[-8.5766799,41.2658574],[-8.5768452,41.2661468],[-8.5768401,41.2664982],[-8.5769309,41.2667036],[-8.5769822,41.2667944],[-8.5770505,41.2668913],[-8.5771094,41.266961],[-8.5771942,41.2670463],[-8.5772369,41.2671073],[-8.5787651,41.2657498],[-8.5788153,41.2658992],[-8.5788014,41.2662466],[-8.5789451,41.2663119],[-8.5791932,41.2665214],[-8.5792973,41.2666129],[-8.5795536,41.266863],[-8.5796459,41.266956],[-8.5799044,41.267333],[-8.5801513,41.267693],[-8.5801951,41.2676748],[-8.5804252,41.267579],[-8.5809021,41.2673507],[-8.5810554,41.2673672],[-8.5812858,41.267114],[-8.5831994,41.2661566],[-8.5839299,41.2660316],[-8.5843305,41.2660373],[-8.5844003,41.2660385],[-8.5848159,41.2658243],[-8.5851484,41.2655794],[-8.5857544,41.2653235],[-8.5862707,41.2646209],[-8.5869294,41.2639033],[-8.5871607,41.263753],[-8.5881929,41.2626823],[-8.5885078,41.2626847],[-8.5903685,41.2626992],[-8.5910031,41.2627265],[-8.5915075,41.262716],[-8.5917171,41.2626896],[-8.5918915,41.2625606],[-8.5918557,41.2623132],[-8.5919056,41.2621548],[-8.5923683,41.2618882],[-8.5925721,41.2618916],[-8.5928403,41.2619015],[-8.5928963,41.2617741],[-8.5934064,41.2606098],[-8.5934216,41.2604603],[-8.5933267,41.260042],[-8.5933812,41.259811],[-8.5931842,41.2596312],[-8.5932067,41.2594113],[-8.5931541,41.2593685],[-8.5930688,41.259131],[-8.5931318,41.2590225],[-8.5936288,41.2587105],[-8.5946916,41.2582124],[-8.5948375,41.2580489],[-8.594868,41.2579868],[-8.5950873,41.2578358],[-8.5957682,41.257663],[-8.5969171,41.2572431],[-8.5971735,41.2572136],[-8.5973365,41.2572507],[-8.5972837,41.2568733],[-8.5970286,41.2561665],[-8.5970347,41.2561211],[-8.5970381,41.2561105],[-8.5970979,41.2551101],[-8.5971089,41.2549757],[-8.5971244,41.254728],[-8.5971348,41.2544586],[-8.5971384,41.2542107],[-8.5971363,41.2539632],[-8.5972893,41.2535436],[-8.5973636,41.2530259],[-8.5980431,41.2529246],[-8.5981475,41.2529093],[-8.598171,41.2526169],[-8.5983877,41.2524427],[-8.5982316,41.2519312],[-8.5978083,41.2518228],[-8.5973964,41.2517169],[-8.5964316,41.2514844],[-8.5964543,41.2508974],[-8.5966789,41.2507054],[-8.5968519,41.250793],[-8.5967017,41.2506631],[-8.5961821,41.249823],[-8.5958633,41.2494999],[-8.5955094,41.2492582],[-8.5954784,41.2492414],[-8.595328,41.2491382],[-8.5950568,41.2488434],[-8.594864,41.2485642],[-8.594589,41.2481976],[-8.5944381,41.2479801],[-8.5940603,41.2475579],[-8.5939386,41.2473583],[-8.5938343,41.2471026],[-8.5937971,41.2468476],[-8.5937981,41.2464742],[-8.5938196,41.2460077],[-8.5938113,41.2458459],[-8.5938459,41.2457256],[-8.5939592,41.2457386],[-8.5942949,41.2457267],[-8.5946342,41.245696],[-8.594927,41.2456093],[-8.5950583,41.2455384],[-8.5949668,41.2452937],[-8.5949127,41.2451777],[-8.5954237,41.2451551],[-8.5954752,41.2451532],[-8.595499,41.2451503],[-8.5956234,41.2451346],[-8.5958655,41.2450621],[-8.5959481,41.2450126],[-8.5961775,41.244766],[-8.596236,41.2446808],[-8.5963655,41.2445418],[-8.5963877,41.2443409],[-8.5963234,41.243812],[-8.5964144,41.243683],[-8.5963165,41.2435477],[-8.5963368,41.2433803],[-8.5963046,41.2428146],[-8.5963157,41.2425087],[-8.5963114,41.2424102],[-8.5963138,41.2422444],[-8.5963027,41.2421331],[-8.5963342,41.2420938],[-8.5963331,41.2420769],[-8.5963018,41.241994],[-8.596303,41.241745],[-8.5963146,41.2416552],[-8.5963147,41.2416369],[-8.5963153,41.2416153],[-8.5963165,41.2415936],[-8.5963182,41.2415716],[-8.5963202,41.24155],[-8.5963229,41.2415283],[-8.5963528,41.2414314],[-8.5963611,41.2413898],[-8.5963904,41.2413168],[-8.5964489,41.2411981],[-8.59648,41.2411594],[-8.5964896,41.241042],[-8.5964857,41.2409639],[-8.5964861,41.2409416],[-8.5964863,41.2408819],[-8.596485,41.2408226],[-8.5964825,41.2407629],[-8.5964891,41.240656],[-8.5965147,41.2405884],[-8.5965887,41.2405093],[-8.5966591,41.2404527],[-8.5967039,41.2404385],[-8.5967411,41.2404158],[-8.5968004,41.2403927],[-8.5968829,41.2403618],[-8.5969659,41.2403319],[-8.5970328,41.2403215],[-8.5971117,41.2403386],[-8.5971622,41.2403508],[-8.5972127,41.2403632],[-8.5973531,41.2403854],[-8.5974126,41.2403787],[-8.5975156,41.2403378],[-8.5976304,41.2402808],[-8.5977557,41.2402297],[-8.5978703,41.2401605],[-8.5979426,41.2401259],[-8.5980542,41.2400182],[-8.5980592,41.2400073],[-8.5980671,41.2399895],[-8.5980755,41.239972],[-8.5980844,41.2399545],[-8.5980936,41.239937],[-8.5981031,41.2399199],[-8.5981132,41.2399026],[-8.5981235,41.2398857],[-8.5981345,41.239869],[-8.5981441,41.2397641],[-8.598095,41.2396511],[-8.5979524,41.2395628],[-8.5976451,41.2392973],[-8.59754,41.2392209],[-8.5974032,41.2390958],[-8.5972592,41.2389683],[-8.5972314,41.238837],[-8.5972604,41.2387742],[-8.5973008,41.2387177],[-8.5973178,41.2386909],[-8.5973636,41.2386179],[-8.5973992,41.2385505],[-8.5974421,41.2385033],[-8.5974744,41.2384494],[-8.5975152,41.2383997],[-8.5975785,41.2383556],[-8.5977887,41.2382838],[-8.5978674,41.2382524],[-8.5979384,41.2381871],[-8.5980507,41.2380532],[-8.5980765,41.2379878],[-8.5980757,41.2379141],[-8.5980333,41.2377809],[-8.5980176,41.2376631],[-8.5980055,41.2375494],[-8.5980236,41.2374472],[-8.5980755,41.2373392],[-8.598135,41.2372624],[-8.5982208,41.2372233],[-8.5982885,41.2371937],[-8.5983565,41.237165],[-8.59848,41.2371249],[-8.5985701,41.2370876],[-8.5986336,41.2370362],[-8.5986482,41.2369044],[-8.5986807,41.2367142],[-8.5987321,41.2365409],[-8.5987875,41.236396],[-8.5988393,41.2362878],[-8.5985962,41.2361441],[-8.5985881,41.2360353],[-8.5985066,41.2359811],[-8.5984408,41.2359067],[-8.5984328,41.2358716],[-8.5984309,41.2358311],[-8.5984302,41.2357999],[-8.5984302,41.2357689],[-8.5984309,41.235738],[-8.5984324,41.2357068],[-8.5984403,41.2355955],[-8.5984764,41.2354038],[-8.5985308,41.2353273],[-8.5985736,41.235252],[-8.5985963,41.2351886],[-8.5986101,41.2351191],[-8.5986096,41.235047],[-8.5985685,41.2349644],[-8.5985017,41.2348885],[-8.5984174,41.2348233],[-8.5983276,41.234778],[-8.5982435,41.2347609],[-8.5981246,41.2347299],[-8.5980057,41.234689],[-8.5978551,41.2346199],[-8.597826,41.2346222],[-8.5977974,41.2346243],[-8.5977314,41.2346879],[-8.5977004,41.2347074],[-8.5976689,41.2347281],[-8.5976377,41.2347493],[-8.5976071,41.2347708],[-8.597577,41.2347926],[-8.5975474,41.234815],[-8.5974582,41.2348612],[-8.5973978,41.2348919],[-8.5973243,41.2348939],[-8.5972606,41.2348702],[-8.597214,41.2348138],[-8.5971934,41.2347616],[-8.5971555,41.2347051],[-8.5971087,41.2346859],[-8.5969786,41.2346403],[-8.5969553,41.234599],[-8.5970238,41.2344789],[-8.5970403,41.2343699],[-8.5970399,41.2343111],[-8.5970461,41.2342686],[-8.5970514,41.234225],[-8.5970558,41.2341813],[-8.597059,41.2341346],[-8.5970596,41.2341137],[-8.5970594,41.2340929],[-8.5970589,41.2340724],[-8.597058,41.2340516],[-8.5970566,41.2340309],[-8.5970546,41.2340104],[-8.597052,41.2339898],[-8.5970469,41.2339552],[-8.5970434,41.2339274],[-8.5970403,41.2338995],[-8.5970381,41.2338717],[-8.5970366,41.2338438],[-8.5970131,41.2336838],[-8.5970006,41.2336383],[-8.5969664,41.2335872],[-8.5969162,41.2335224],[-8.5967674,41.2333651],[-8.5967617,41.2333604],[-8.5967511,41.2333574],[-8.5966561,41.233329],[-8.5966151,41.2332924],[-8.5966,41.2332539],[-8.596591,41.2332114],[-8.596581,41.233169],[-8.5965701,41.2331268],[-8.5965582,41.2330846],[-8.5965008,41.2329214],[-8.5964448,41.2327733],[-8.596433,41.2327087],[-8.5964119,41.2325819],[-8.5963936,41.232455],[-8.5963363,41.2322293],[-8.5963483,41.2320787],[-8.5963217,41.2319987],[-8.5963132,41.2319896],[-8.5962886,41.2319639],[-8.596263,41.2319384],[-8.5962372,41.2319131],[-8.5962111,41.2318882],[-8.5961839,41.2318638],[-8.5961563,41.2318395],[-8.5960987,41.2317733],[-8.59607,41.2317189],[-8.5960401,41.2313844],[-8.5960305,41.2312115],[-8.5960378,41.2310983],[-8.5960795,41.2309986],[-8.5961478,41.2309251],[-8.5961876,41.2308859],[-8.5962265,41.2308463],[-8.5962645,41.2308062],[-8.5962903,41.2307667],[-8.5962998,41.2307273],[-8.5962912,41.2306659],[-8.5962499,41.2305885],[-8.5961726,41.2304917],[-8.5961817,41.230407],[-8.5962109,41.2303753],[-8.5962888,41.2303244],[-8.5963437,41.2302665],[-8.5963711,41.2302086],[-8.5963689,41.2301263],[-8.5963185,41.2299354],[-8.5963134,41.2299284],[-8.5962959,41.2299032],[-8.5962876,41.2298902],[-8.5962719,41.2298644],[-8.5962646,41.2298515],[-8.5962577,41.2298383],[-8.5962442,41.2297916],[-8.5962282,41.2297394],[-8.5962109,41.2296871],[-8.5962633,41.2296267],[-8.5964514,41.2295693],[-8.5965482,41.2295481],[-8.596575,41.2295424],[-8.59672,41.2294889],[-8.5968311,41.2294412],[-8.5969455,41.2293684],[-8.5970017,41.2293049],[-8.5970835,41.2292632],[-8.5971617,41.2292837],[-8.5972145,41.229273],[-8.5972334,41.2291906],[-8.5972289,41.2291168],[-8.5972147,41.2290347],[-8.5972371,41.2290069],[-8.5972521,41.2289888],[-8.5973387,41.2289597],[-8.5974485,41.2289377],[-8.5975271,41.2289011],[-8.5975324,41.2288906],[-8.5975458,41.2288663],[-8.5975603,41.2288427],[-8.5975681,41.2288308],[-8.597576,41.2288192],[-8.5975841,41.2288076],[-8.5975927,41.2287961],[-8.5976001,41.2287518],[-8.5975941,41.228721],[-8.5975509,41.2286947],[-8.5974555,41.2286691],[-8.5973463,41.228664],[-8.5973157,41.2286627],[-8.5972128,41.2286656],[-8.5971072,41.2286787],[-8.5970117,41.2286673],[-8.5969684,41.2285952],[-8.5969281,41.2284569],[-8.5968958,41.228378],[-8.5968767,41.2283508],[-8.5968563,41.2283229],[-8.596835,41.2282952],[-8.5968132,41.228268],[-8.5968038,41.2282568],[-8.5967908,41.2282408],[-8.5967677,41.2282142],[-8.596744,41.2281878],[-8.5967221,41.2281206],[-8.5967996,41.228032],[-8.5968967,41.227952],[-8.5969778,41.2278399],[-8.5969947,41.2278145],[-8.5970203,41.2277722],[-8.5970322,41.2277511],[-8.597044,41.2277296],[-8.597055,41.2277082],[-8.5970657,41.2276862],[-8.5970778,41.2276066],[-8.5970596,41.2275475],[-8.5970148,41.2274543],[-8.59702,41.2273662],[-8.5970618,41.2272751],[-8.5970557,41.2271643],[-8.5970766,41.2271214],[-8.5971508,41.2271054],[-8.5971651,41.2271076],[-8.5971985,41.2271136],[-8.5972479,41.2271244],[-8.5972802,41.2271327],[-8.5973637,41.2271459],[-8.5974255,41.2271296],[-8.597469,41.2270827],[-8.5975324,41.2270262],[-8.5976364,41.2269872],[-8.5976712,41.2269702],[-8.5976974,41.2269433],[-8.597748,41.2268748],[-8.5977629,41.2268435],[-8.5977771,41.2268122],[-8.5977905,41.2267809],[-8.5978034,41.226749],[-8.5978155,41.2267172],[-8.5978293,41.2266626],[-8.5978252,41.2266437],[-8.5978181,41.2266156],[-8.597814,41.2266015],[-8.5978096,41.2265875],[-8.5978051,41.2265737],[-8.5978001,41.2265598],[-8.5977996,41.2264818],[-8.5977831,41.226411],[-8.5977916,41.226355],[-8.5978688,41.2262866],[-8.5978984,41.2262721],[-8.5979556,41.2262435],[-8.598012,41.2262137],[-8.5980677,41.2261833],[-8.5981228,41.2261524],[-8.5981772,41.2261207],[-8.5982308,41.2260881],[-8.5982784,41.2260373],[-8.5983062,41.2259955],[-8.5982758,41.2259518],[-8.5982423,41.2259201],[-8.5982054,41.2258839],[-8.5981691,41.2258472],[-8.5981338,41.2258099],[-8.598112,41.2257434],[-8.5981294,41.2256873],[-8.5982058,41.2256462],[-8.5982775,41.225625],[-8.5983159,41.2256187],[-8.5983543,41.2256118],[-8.5983925,41.2256047],[-8.5984306,41.2255966],[-8.5984684,41.2255883],[-8.5985429,41.2255883],[-8.5985732,41.2256],[-8.5985885,41.2256055],[-8.5986193,41.2256161],[-8.598635,41.2256211],[-8.5986507,41.2256258],[-8.598697,41.2256355],[-8.5987399,41.2256303],[-8.5987645,41.2256197],[-8.5987945,41.2255861],[-8.598796,41.2255515],[-8.5987815,41.2255181],[-8.5987494,41.2254782],[-8.5986567,41.2253838],[-8.5985857,41.2253346],[-8.5985691,41.2253197],[-8.5985455,41.225299],[-8.5985214,41.2252786],[-8.5984968,41.2252584],[-8.5984718,41.2252385],[-8.5984525,41.2252321],[-8.5984151,41.2252194],[-8.5983781,41.2252063],[-8.5983413,41.2251923],[-8.5983048,41.2251781],[-8.5982609,41.2251643],[-8.5982354,41.2251567],[-8.5982098,41.2251495],[-8.5981839,41.2251426],[-8.5981577,41.2251362],[-8.598122,41.2250936],[-8.598128,41.2250646],[-8.5981393,41.2249087],[-8.5980999,41.2248278],[-8.5980138,41.2247035],[-8.5979313,41.2245876],[-8.5979364,41.2245251],[-8.5979885,41.2244726],[-8.5981154,41.2244108],[-8.5979921,41.224443],[-8.597811,41.2244323],[-8.5976804,41.2244753],[-8.5972704,41.2247879],[-8.5966992,41.2248112],[-8.5962126,41.2248768],[-8.5955958,41.2250985],[-8.595306,41.2251703],[-8.59526,41.2252692],[-8.5938263,41.2256301],[-8.5935813,41.2256462],[-8.593163,41.2256404],[-8.5928268,41.2257188],[-8.5924503,41.2258587],[-8.5922979,41.2259519],[-8.5916785,41.2263778],[-8.5909439,41.2264117],[-8.5909521,41.226119],[-8.5907635,41.226086],[-8.59048,41.2260646],[-8.5890305,41.225939],[-8.5890031,41.2259445],[-8.5834488,41.2270374],[-8.5831705,41.2270988],[-8.582913,41.2271995],[-8.5826659,41.2272998],[-8.5823105,41.227436],[-8.582298,41.2275474],[-8.5822806,41.2276389],[-8.5814129,41.2278595],[-8.5810458,41.2279201],[-8.5809538,41.2279187],[-8.5806719,41.2279244],[-8.5803182,41.2278705],[-8.5800164,41.2278945],[-8.579709,41.2279191],[-8.5792714,41.2280769],[-8.5792112,41.2282114],[-8.5788417,41.2285655],[-8.5784278,41.2286677],[-8.5785774,41.2290169],[-8.5781517,41.2291344],[-8.5779134,41.2292192],[-8.5777345,41.2293094],[-8.5773693,41.2294853],[-8.5769566,41.2296985],[-8.5767744,41.22979],[-8.5765232,41.2299201],[-8.5763633,41.2300083],[-8.5761937,41.230151],[-8.5760156,41.2303279],[-8.5758105,41.2305116],[-8.5756667,41.2306612],[-8.5756265,41.2308257],[-8.575863,41.2310806],[-8.5757294,41.231549],[-8.5750473,41.2321087],[-8.5746069,41.2325856],[-8.5745555,41.2329415],[-8.5744873,41.2331238],[-8.5711503,41.2368653],[-8.5711064,41.2370939],[-8.5710838,41.2372246],[-8.5709705,41.2377548],[-8.5709629,41.237866],[-8.5710005,41.2388433],[-8.5708049,41.2389889],[-8.5710145,41.2390075],[-8.5707581,41.2397471],[-8.5707255,41.2399825],[-8.5703813,41.2401229]]]}},{"type":"Feature","properties":{"nome":"Pedrouços","municipio":"Maia","municipio_short":"MAI","dicofre":"130617","area_km2":2.54,"area_ha":254.09,"populacao":3810,"populacao_fonte":"estimated","densidade":1500,"num_escolas":1,"num_parques":0,"area_verde_m2":45720,"comboios_ativos":4,"camara_nome":"Câmara Municipal da Maia","camara_email":"geral@cm-maia.pt","camara_url":"https://www.cm-maia.pt","escudo_url":null,"cor_principal":"#5C7A52","centroide":[-8.589075127547165,41.19150128716983],"_todo":["Replace estimated populacao with real INE 2021 BGRI","Add real num_escolas (Censo + DGEEC)","Add real area_verde_m2 (Câmara dataset)","Add real comboios_ativos (Bicis Sapiens registry)","Add escudo_url (Wikimedia Commons SVG)","Verify cor_principal against actual heraldic blazon"]},"geometry":{"type":"Polygon","coordinates":[[[-8.5968829,41.1837524],[-8.5968299,41.1835081],[-8.5965967,41.1830387],[-8.5964118,41.182659],[-8.5963601,41.1824983],[-8.5962294,41.182241],[-8.5961077,41.1820257],[-8.5960591,41.1819393],[-8.595934,41.181906],[-8.5954958,41.1817752],[-8.5944092,41.1814194],[-8.5931071,41.1808929],[-8.5930158,41.1808558],[-8.5911795,41.1800926],[-8.5902759,41.1798753],[-8.5898422,41.179805],[-8.58962,41.1797847],[-8.5896113,41.179783],[-8.5895212,41.1797638],[-8.5891178,41.1797358],[-8.5888556,41.1796994],[-8.5885088,41.179662],[-8.5881518,41.1796465],[-8.5880767,41.1796437],[-8.5878073,41.1796321],[-8.5875355,41.1796498],[-8.587185,41.1796852],[-8.5871512,41.1796954],[-8.586623,41.1798517],[-8.5864161,41.1799659],[-8.5863557,41.1799884],[-8.586164,41.1801205],[-8.585959,41.1802592],[-8.5855401,41.1804871],[-8.5853126,41.1806303],[-8.5851048,41.1807761],[-8.5848958,41.1809089],[-8.5847221,41.1810201],[-8.5845368,41.1811346],[-8.5844186,41.1812223],[-8.5844114,41.1812279],[-8.584265,41.1813132],[-8.5841105,41.1813613],[-8.5841066,41.1815162],[-8.5839896,41.1815166],[-8.5838978,41.1814964],[-8.5838347,41.1816604],[-8.5837973,41.1817507],[-8.5837066,41.182069],[-8.5836634,41.1821322],[-8.5835351,41.182103],[-8.5834821,41.1822388],[-8.5832359,41.1827993],[-8.5830169,41.1834051],[-8.5827288,41.1839887],[-8.582807,41.1841007],[-8.5825893,41.1844809],[-8.5823717,41.1848507],[-8.5824348,41.1848696],[-8.5823179,41.1851958],[-8.5822944,41.1852666],[-8.5822223,41.1854428],[-8.5820444,41.1859552],[-8.5818998,41.1862687],[-8.5816653,41.1867162],[-8.5816065,41.1869543],[-8.5815184,41.1874226],[-8.5809778,41.1873073],[-8.5809776,41.1878973],[-8.5809955,41.1881151],[-8.5810055,41.1883041],[-8.5809901,41.188591],[-8.5806973,41.1885951],[-8.5806663,41.1885955],[-8.5806774,41.1889605],[-8.5806411,41.189329],[-8.5806008,41.1895451],[-8.5804195,41.1903919],[-8.5802252,41.1911284],[-8.5800559,41.1916408],[-8.5799498,41.1919117],[-8.5795316,41.1927738],[-8.5793216,41.1931112],[-8.5791717,41.1932574],[-8.5784068,41.1938579],[-8.5777664,41.1945016],[-8.5773467,41.1950149],[-8.5765875,41.1960764],[-8.5763759,41.1964925],[-8.5763231,41.1964817],[-8.5758761,41.1963621],[-8.575673,41.1965626],[-8.5756935,41.1967281],[-8.5756974,41.1967599],[-8.5755768,41.1967004],[-8.5752448,41.1965368],[-8.5750726,41.1964333],[-8.5750043,41.1964652],[-8.5747506,41.1964638],[-8.5744633,41.1964685],[-8.5742599,41.1964896],[-8.5741647,41.1965303],[-8.5740674,41.1966023],[-8.5740619,41.196669],[-8.57403,41.197059],[-8.57403,41.197059],[-8.5740741,41.1970707],[-8.5750756,41.1971985],[-8.5760161,41.1972371],[-8.5761104,41.1972378],[-8.5761184,41.1972381],[-8.5765571,41.1972423],[-8.578161,41.1971866],[-8.5791768,41.1970513],[-8.5800104,41.1967852],[-8.580552,41.1964989],[-8.5812242,41.1960022],[-8.5814664,41.1957539],[-8.5820765,41.1953363],[-8.5825135,41.1950979],[-8.5828956,41.1949489],[-8.5831321,41.1949272],[-8.583411,41.1949469],[-8.5835365,41.1949676],[-8.583613,41.1949568],[-8.5837726,41.1948929],[-8.5839326,41.1948608],[-8.5843914,41.1947379],[-8.5845099,41.1947585],[-8.5846489,41.1947054],[-8.5847674,41.1947049],[-8.5851098,41.1948876],[-8.5858147,41.1940802],[-8.5861761,41.1939946],[-8.5865737,41.1939331],[-8.5867328,41.1939083],[-8.5869362,41.1938774],[-8.5871219,41.1938736],[-8.5872775,41.1941062],[-8.5873171,41.1946027],[-8.587248,41.1950953],[-8.5872866,41.1954061],[-8.5871578,41.1957757],[-8.5871514,41.1957865],[-8.5869708,41.1960846],[-8.5874928,41.1966158],[-8.5877277,41.1968543],[-8.5884017,41.1975395],[-8.5902046,41.199373],[-8.5916533,41.2008458],[-8.5920902,41.2005706],[-8.5921946,41.2005388],[-8.5923339,41.2005278],[-8.5925919,41.2005794],[-8.5929548,41.2006777],[-8.5932336,41.2006975],[-8.5933938,41.2006969],[-8.5935955,41.2006753],[-8.5939156,41.2006371],[-8.5942357,41.2005936],[-8.594535,41.2005609],[-8.5947159,41.200539],[-8.5948344,41.2005385],[-8.5951553,41.2006217],[-8.5952948,41.2006369],[-8.5953359,41.2005577],[-8.5954321,41.2003417],[-8.5956336,41.2002987],[-8.5960091,41.2001816],[-8.5966478,41.1998898],[-8.5968903,41.1997047],[-8.5970705,41.1995726],[-8.5972207,41.1991775],[-8.5973708,41.1982372],[-8.597349,41.1981018],[-8.5972958,41.1978259],[-8.597294,41.1977059],[-8.597344,41.1972965],[-8.5974042,41.1971869],[-8.5974426,41.197128],[-8.5974946,41.1970038],[-8.5975115,41.1968918],[-8.5975032,41.1968479],[-8.5974536,41.1968081],[-8.597395,41.1967763],[-8.5971952,41.1967024],[-8.5970588,41.196627],[-8.5969401,41.1965581],[-8.5968463,41.1965185],[-8.5967474,41.1964896],[-8.596673,41.1964539],[-8.596578,41.1963703],[-8.5965121,41.1962972],[-8.5964854,41.1962627],[-8.5964604,41.1962148],[-8.5964087,41.196143],[-8.5963446,41.1960632],[-8.5963056,41.1960181],[-8.5963018,41.1959888],[-8.5963052,41.1959647],[-8.5963415,41.1959055],[-8.5963416,41.1958845],[-8.5963543,41.1958603],[-8.5963611,41.1957911],[-8.5963519,41.1957262],[-8.5963291,41.1955921],[-8.5963478,41.1955513],[-8.5963767,41.1955193],[-8.596427,41.1954366],[-8.596447,41.1953848],[-8.5964665,41.1952648],[-8.5965327,41.195158],[-8.5965559,41.1951368],[-8.5965409,41.1950819],[-8.596482,41.1949743],[-8.596462,41.1948806],[-8.5965017,41.1948775],[-8.596378,41.1945556],[-8.5963666,41.1943124],[-8.5964012,41.1942575],[-8.5964411,41.1941253],[-8.5963013,41.1935945],[-8.5962548,41.1933121],[-8.5962308,41.193229],[-8.5961512,41.1931005],[-8.5961258,41.1928449],[-8.5961353,41.1927042],[-8.596161,41.1926326],[-8.5962415,41.1925254],[-8.5962778,41.1924658],[-8.5962878,41.1923983],[-8.5962768,41.192329],[-8.5962944,41.1922199],[-8.5963318,41.1921306],[-8.5963563,41.1920381],[-8.5963645,41.1919383],[-8.5963636,41.1917995],[-8.5963419,41.1916965],[-8.5963173,41.1916454],[-8.5962913,41.1915937],[-8.5962244,41.1915365],[-8.5961145,41.1914339],[-8.5960169,41.191351],[-8.5957893,41.1912449],[-8.5957525,41.1911719],[-8.5956368,41.1910523],[-8.5954607,41.1905074],[-8.5954479,41.1902991],[-8.5956118,41.189495],[-8.5956687,41.1892296],[-8.5956909,41.1887996],[-8.595977,41.1887525],[-8.5959503,41.1884958],[-8.5960446,41.1884129],[-8.5962388,41.1883136],[-8.5963375,41.1881671],[-8.5964636,41.1880819],[-8.59663,41.1881984],[-8.5966826,41.1881006],[-8.5966944,41.1878365],[-8.5967154,41.1874848],[-8.5968163,41.1870802],[-8.5968601,41.1866973],[-8.5969347,41.1852017],[-8.5969446,41.1842344],[-8.5968829,41.1837524]]]}},{"type":"Feature","properties":{"nome":"São Pedro Fins","municipio":"Maia","municipio_short":"MAI","dicofre":"130613","area_km2":4.71,"area_ha":470.68,"populacao":7065,"populacao_fonte":"estimated","densidade":1500,"num_escolas":2,"num_parques":1,"area_verde_m2":70650,"comboios_ativos":1,"camara_nome":"Câmara Municipal da Maia","camara_email":"geral@cm-maia.pt","camara_url":"https://www.cm-maia.pt","escudo_url":null,"cor_principal":"#6B3F58","centroide":[-8.55152428776596,41.2487462473404],"_todo":["Replace estimated populacao with real INE 2021 BGRI","Add real num_escolas (Censo + DGEEC)","Add real area_verde_m2 (Câmara dataset)","Add real comboios_ativos (Bicis Sapiens registry)","Add escudo_url (Wikimedia Commons SVG)","Verify cor_principal against actual heraldic blazon"]},"geometry":{"type":"Polygon","coordinates":[[[-8.5531693,41.2337032],[-8.5527399,41.2338204],[-8.5525336,41.2341985],[-8.5525563,41.2342587],[-8.5527444,41.2348173],[-8.5517248,41.2348835],[-8.551209,41.234918],[-8.5513858,41.2354609],[-8.5509417,41.2355326],[-8.5509331,41.2355338],[-8.5502294,41.235712],[-8.5495975,41.2359557],[-8.5491315,41.2368625],[-8.5488475,41.2382723],[-8.5482299,41.2387878],[-8.548128,41.2387687],[-8.5476787,41.238684],[-8.5477308,41.2389007],[-8.5471288,41.2398007],[-8.5467533,41.2405458],[-8.545994,41.2418229],[-8.5453876,41.2427808],[-8.5456447,41.2428541],[-8.545145,41.2440712],[-8.5451802,41.2442008],[-8.5453917,41.2449842],[-8.5450336,41.2452863],[-8.5446125,41.2456412],[-8.5449266,41.2457366],[-8.5452451,41.2461856],[-8.5451104,41.2472617],[-8.5459127,41.2473387],[-8.5466557,41.2473718],[-8.5472333,41.2473697],[-8.5476693,41.247297],[-8.5479878,41.2473136],[-8.548354,41.2474278],[-8.5484489,41.2474987],[-8.5493571,41.2475042],[-8.5493737,41.2475044],[-8.5497021,41.2476832],[-8.5498114,41.2481628],[-8.5501346,41.2484645],[-8.5501396,41.2484689],[-8.5510676,41.2486577],[-8.5511943,41.2486845],[-8.5514863,41.2487102],[-8.551194,41.249253],[-8.5511289,41.2493623],[-8.5510143,41.249522],[-8.5507544,41.2497808],[-8.5504109,41.250433],[-8.5501026,41.2509912],[-8.548889,41.2507267],[-8.5483526,41.2508715],[-8.5483317,41.2508764],[-8.5482435,41.2508503],[-8.5481138,41.2508254],[-8.547789,41.2507095],[-8.5474989,41.2506237],[-8.5471531,41.2505273],[-8.5465856,41.2504351],[-8.5457609,41.2504082],[-8.545589,41.2504612],[-8.5452483,41.250582],[-8.545023,41.2503177],[-8.5448307,41.2500913],[-8.5446173,41.2503842],[-8.5443458,41.2504675],[-8.5438495,41.2504913],[-8.5433965,41.2504057],[-8.543118,41.2507193],[-8.5426507,41.2506771],[-8.5416182,41.2508611],[-8.5413185,41.2509458],[-8.5403265,41.2514405],[-8.5403153,41.2514453],[-8.5399714,41.2515982],[-8.5387672,41.252078],[-8.5380908,41.252353],[-8.5350485,41.2528784],[-8.5343584,41.2529979],[-8.5327756,41.2532723],[-8.5328846,41.2538592],[-8.5328458,41.2540661],[-8.5322737,41.2549773],[-8.5323108,41.2553467],[-8.5326664,41.255906],[-8.5327011,41.2559881],[-8.5328651,41.2563733],[-8.533787,41.2576163],[-8.5342538,41.2580871],[-8.5345226,41.2585028],[-8.5357318,41.2582676],[-8.5366791,41.2581165],[-8.5376753,41.2579411],[-8.538532,41.2579583],[-8.5390634,41.2578599],[-8.5399815,41.2574557],[-8.5404812,41.2573856],[-8.5409476,41.2574197],[-8.5418416,41.2576939],[-8.5423641,41.257815],[-8.5435084,41.2577532],[-8.5441051,41.2574419],[-8.5447488,41.2573734],[-8.5454923,41.2573732],[-8.5457554,41.2574435],[-8.5461088,41.2575208],[-8.5461767,41.2575238],[-8.5463454,41.257532],[-8.5470145,41.2574632],[-8.5472991,41.2573432],[-8.5477971,41.2571993],[-8.5485183,41.2571013],[-8.5496935,41.2569924],[-8.5498065,41.2573437],[-8.5498348,41.2574328],[-8.5509054,41.2573977],[-8.5511224,41.2573789],[-8.5515577,41.25755],[-8.5522279,41.257702],[-8.5529314,41.2573585],[-8.5532316,41.2571573],[-8.5533212,41.2571645],[-8.5579415,41.2575307],[-8.5579496,41.2567795],[-8.5579261,41.2561766],[-8.5581795,41.2560975],[-8.5592879,41.2559395],[-8.5594717,41.2558825],[-8.5597395,41.255769],[-8.5598346,41.2556326],[-8.560807,41.2550195],[-8.5610262,41.2549796],[-8.5611238,41.2549622],[-8.5618618,41.2547016],[-8.5624014,41.2544978],[-8.5628551,41.2544541],[-8.5637683,41.2543147],[-8.5641604,41.2542621],[-8.5650768,41.2541387],[-8.5654188,41.2541326],[-8.5668184,41.2539858],[-8.5672269,41.2539432],[-8.5672407,41.2539403],[-8.5684661,41.2536982],[-8.5685121,41.2530905],[-8.5685074,41.2523922],[-8.5685058,41.25237],[-8.5684462,41.2516001],[-8.5683671,41.2510346],[-8.5682131,41.2503086],[-8.5679516,41.2494105],[-8.5675896,41.2484878],[-8.5674513,41.2481886],[-8.5673502,41.247987],[-8.5669933,41.2473451],[-8.5666622,41.24678],[-8.5667391,41.2463791],[-8.567965,41.2464383],[-8.568048,41.2461408],[-8.5682423,41.2456291],[-8.5682485,41.2448838],[-8.5681607,41.2443951],[-8.5680226,41.2440078],[-8.5676223,41.2432472],[-8.5674171,41.2429711],[-8.5671744,41.2426557],[-8.5675095,41.2413281],[-8.567835,41.2400958],[-8.5677915,41.2400842],[-8.5675357,41.2394797],[-8.5671879,41.2394017],[-8.5666348,41.2387026],[-8.5666646,41.2384487],[-8.5660928,41.2377468],[-8.5627887,41.2358403],[-8.5583352,41.2348514],[-8.5544692,41.2339722],[-8.554189,41.2338986],[-8.5539931,41.2338318],[-8.5537977,41.2337957],[-8.5535984,41.2337765],[-8.553474,41.233753],[-8.5533935,41.2337376],[-8.5532353,41.2337145],[-8.5531819,41.2337068],[-8.5531693,41.2337032]]]}},{"type":"Feature","properties":{"nome":"Vila Nova da Telha","municipio":"Maia","municipio_short":"MAI","dicofre":"130616","area_km2":5.94,"area_ha":594.31,"populacao":8910,"populacao_fonte":"estimated","densidade":1500,"num_escolas":3,"num_parques":1,"area_verde_m2":44550,"comboios_ativos":2,"camara_nome":"Câmara Municipal da Maia","camara_email":"geral@cm-maia.pt","camara_url":"https://www.cm-maia.pt","escudo_url":null,"cor_principal":"#8B2A2A","centroide":[-8.677517153658544,41.24840582404182],"_todo":["Replace estimated populacao with real INE 2021 BGRI","Add real num_escolas (Censo + DGEEC)","Add real area_verde_m2 (Câmara dataset)","Add real comboios_ativos (Bicis Sapiens registry)","Add escudo_url (Wikimedia Commons SVG)","Verify cor_principal against actual heraldic blazon"]},"geometry":{"type":"Polygon","coordinates":[[[-8.6931498,41.2380137],[-8.6926,41.2375085],[-8.6924453,41.2371827],[-8.6921997,41.2370802],[-8.6914994,41.2367539],[-8.6913082,41.2365736],[-8.6911956,41.2365979],[-8.6907465,41.2364841],[-8.6906669,41.2366022],[-8.6905281,41.2366123],[-8.689634,41.236571],[-8.6885685,41.23652],[-8.6879673,41.2365063],[-8.6873316,41.2364898],[-8.6867293,41.2364884],[-8.6865771,41.236465],[-8.6863478,41.2364288],[-8.6855864,41.2364449],[-8.6855886,41.2364264],[-8.6699382,41.2341253],[-8.672382,41.239286],[-8.6712004,41.240137],[-8.6688897,41.2418262],[-8.6688018,41.2417861],[-8.6686578,41.2416787],[-8.6685615,41.241566],[-8.6684923,41.2414227],[-8.668397,41.2410205],[-8.6680674,41.2411314],[-8.66781,41.2413332],[-8.6677358,41.2414107],[-8.6676422,41.2415252],[-8.6675806,41.2416015],[-8.6675336,41.2416893],[-8.6675545,41.2417407],[-8.667535,41.2418643],[-8.6675155,41.241962],[-8.6674482,41.2420755],[-8.6673131,41.2423555],[-8.6672554,41.2424374],[-8.667182,41.2425435],[-8.6671659,41.2425926],[-8.6671463,41.242645],[-8.6671276,41.2426889],[-8.6670814,41.2427851],[-8.6670913,41.2430119],[-8.6669559,41.2431383],[-8.666669,41.2432558],[-8.6666452,41.2433282],[-8.6662615,41.2434637],[-8.6662739,41.2436938],[-8.6663567,41.2436821],[-8.6665011,41.2439284],[-8.6662081,41.2439498],[-8.6661056,41.2441849],[-8.6657065,41.244205],[-8.6655504,41.244533],[-8.6655121,41.2445779],[-8.6654736,41.2446248],[-8.6654362,41.244672],[-8.6653999,41.24472],[-8.6653648,41.2447682],[-8.6654755,41.2448645],[-8.6654754,41.2450938],[-8.6652592,41.2455547],[-8.6651978,41.2455412],[-8.6651257,41.2457159],[-8.6649998,41.2460283],[-8.665049,41.2460449],[-8.6650033,41.2462475],[-8.6646403,41.2461968],[-8.6646017,41.2462141],[-8.6643735,41.2467112],[-8.6642499,41.2468358],[-8.6639989,41.2470244],[-8.6636624,41.2472955],[-8.6632186,41.2475725],[-8.6634258,41.2477774],[-8.6635217,41.2478764],[-8.6632888,41.2480013],[-8.663289,41.2480336],[-8.6633727,41.2481308],[-8.6633443,41.2481464],[-8.662963,41.2483308],[-8.6630111,41.2485109],[-8.6630176,41.2485281],[-8.6630707,41.2488136],[-8.6624556,41.2491077],[-8.6628425,41.2496135],[-8.6624737,41.2496974],[-8.6621043,41.2498721],[-8.6619256,41.2499925],[-8.6619444,41.2500229],[-8.6620351,41.2503384],[-8.6620111,41.2503689],[-8.661841,41.250509],[-8.6619114,41.2505588],[-8.6620057,41.2506334],[-8.6617599,41.2508043],[-8.6621442,41.2514518],[-8.6618328,41.2515827],[-8.6617959,41.2515322],[-8.6617316,41.2514461],[-8.6615052,41.2515535],[-8.6615254,41.2516305],[-8.6615473,41.2517266],[-8.6613482,41.2517999],[-8.6612277,41.2518534],[-8.661284,41.2519062],[-8.6611283,41.2519756],[-8.6610666,41.2520077],[-8.6608117,41.252174],[-8.6606498,41.2523023],[-8.6605991,41.2523421],[-8.6605258,41.2524159],[-8.6601866,41.2527324],[-8.6598491,41.2533555],[-8.6594919,41.2542701],[-8.6590735,41.2550725],[-8.6581491,41.2567753],[-8.6581054,41.2568968],[-8.6580849,41.2569372],[-8.6581727,41.2570158],[-8.6582749,41.2570821],[-8.6583609,41.2571328],[-8.6598736,41.2578516],[-8.661112,41.2584475],[-8.6617543,41.2587929],[-8.6620531,41.2589878],[-8.6621779,41.259079],[-8.6623222,41.2591919],[-8.6624945,41.2594278],[-8.6627785,41.2597931],[-8.6630631,41.260188],[-8.663568,41.2609654],[-8.6635999,41.2610296],[-8.6637157,41.2612644],[-8.6638356,41.2614728],[-8.6640136,41.2617332],[-8.6641894,41.2618979],[-8.6644323,41.2620246],[-8.664551,41.2620637],[-8.6648414,41.2622351],[-8.6658536,41.2624358],[-8.6662033,41.2624319],[-8.6668957,41.2624245],[-8.667299,41.2623677],[-8.6676933,41.2623434],[-8.6681209,41.2623083],[-8.6684931,41.2621481],[-8.6749631,41.2613082],[-8.6754617,41.2613571],[-8.6759579,41.2614746],[-8.6764363,41.2615903],[-8.6766944,41.2616017],[-8.6770159,41.2616478],[-8.6776783,41.2615889],[-8.6823173,41.2613217],[-8.6823297,41.2613211],[-8.6827735,41.2612953],[-8.6868414,41.2586539],[-8.687075,41.2580297],[-8.6871463,41.2576756],[-8.6873259,41.2573507],[-8.6877123,41.2567734],[-8.6878557,41.2566114],[-8.6880135,41.2564058],[-8.6880999,41.2560882],[-8.6881318,41.255802],[-8.6877279,41.2556426],[-8.6873498,41.2553809],[-8.6870956,41.2551765],[-8.6869237,41.2549825],[-8.686804,41.2547516],[-8.686708,41.2543953],[-8.6866372,41.2540229],[-8.6864611,41.2538503],[-8.6851253,41.2531278],[-8.6848604,41.253014],[-8.6848737,41.2528086],[-8.6848546,41.2524953],[-8.6848583,41.2522327],[-8.6848353,41.2521062],[-8.6848132,41.2518086],[-8.6848272,41.2516233],[-8.6848289,41.2515112],[-8.6849128,41.2512093],[-8.6849155,41.2509996],[-8.6849188,41.2507849],[-8.6849298,41.2504843],[-8.6849067,41.2502724],[-8.6848542,41.2500331],[-8.6847824,41.2497834],[-8.684789,41.2496898],[-8.6849135,41.2495895],[-8.6850317,41.2495151],[-8.6851716,41.2495272],[-8.6853627,41.249511],[-8.6855089,41.2494557],[-8.68563,41.2493261],[-8.685694,41.2492042],[-8.6856729,41.2491029],[-8.6857489,41.2489382],[-8.6858945,41.2489233],[-8.6860686,41.2489393],[-8.6862256,41.2489716],[-8.6864445,41.2490131],[-8.686506,41.2490178],[-8.6866203,41.2489594],[-8.6866911,41.2488948],[-8.6867714,41.2487903],[-8.6868106,41.2487535],[-8.6870935,41.2485256],[-8.6873,41.2483641],[-8.6875068,41.2481964],[-8.6875542,41.2481628],[-8.6876661,41.2481073],[-8.6880687,41.2479609],[-8.6883087,41.2478525],[-8.6884548,41.2478226],[-8.6885666,41.2477716],[-8.6885846,41.2477348],[-8.6892114,41.2473477],[-8.6892801,41.247243],[-8.6893463,41.2472085],[-8.6894082,41.2471581],[-8.6894929,41.2471155],[-8.6895043,41.2470936],[-8.6895363,41.2470521],[-8.6895839,41.2470238],[-8.6895994,41.2469625],[-8.6895963,41.2469295],[-8.6895945,41.2468702],[-8.6896034,41.246817],[-8.6898664,41.2466481],[-8.6908079,41.2465644],[-8.6910635,41.2465503],[-8.6916054,41.2464554],[-8.6917767,41.2464192],[-8.6919246,41.2463471],[-8.6921808,41.2461479],[-8.6923687,41.2461232],[-8.6925489,41.2460741],[-8.692726,41.245891],[-8.6929447,41.2456856],[-8.6931496,41.2455563],[-8.6933424,41.2454331],[-8.6934451,41.2452997],[-8.6934943,41.2451938],[-8.6934706,41.2451224],[-8.6933259,41.2450352],[-8.693176,41.2449747],[-8.6931225,41.2448811],[-8.6930572,41.2446286],[-8.6929363,41.2445657],[-8.6928935,41.2445164],[-8.6929731,41.2443036],[-8.6930346,41.2441613],[-8.6932007,41.2439534],[-8.6932845,41.2438074],[-8.6933684,41.2437434],[-8.6934862,41.2437409],[-8.6936583,41.2437702],[-8.6937395,41.2437387],[-8.6938574,41.2435489],[-8.6938865,41.243443],[-8.6939838,41.2433092],[-8.6939387,41.2432088],[-8.6936654,41.2430691],[-8.6934788,41.2429584],[-8.6932372,41.2427907],[-8.6929691,41.2426038],[-8.692686,41.2424172],[-8.6924673,41.2422201],[-8.6924259,41.2420807],[-8.6924562,41.241854],[-8.6924534,41.2416992],[-8.6924784,41.2414867],[-8.6924684,41.2411224],[-8.6924469,41.2407636],[-8.6924571,41.2407251],[-8.6926326,41.2405952],[-8.6928708,41.24037],[-8.6930805,41.2400956],[-8.693294,41.2398582],[-8.6933877,41.2397899],[-8.6932269,41.2380878],[-8.6931498,41.2380137]]]}},{"type":"Feature","properties":{"nome":"Baguim do Monte (Rio Tinto)","municipio":"Gondomar","municipio_short":"GDM","dicofre":"130412","area_km2":5.46,"area_ha":545.68,"populacao":6552,"populacao_fonte":"estimated","densidade":1200,"num_escolas":3,"num_parques":1,"area_verde_m2":72072,"comboios_ativos":2,"camara_nome":"Câmara Municipal de Gondomar","camara_email":"geral@cm-gondomar.pt","camara_url":"https://www.cm-gondomar.pt","escudo_url":null,"cor_principal":"#7A4F2A","centroide":[-8.537471950234742,41.18854890469482],"_todo":["Replace estimated populacao with real INE 2021 BGRI","Add real num_escolas (Censo + DGEEC)","Add real area_verde_m2 (Câmara dataset)","Add real comboios_ativos (Bicis Sapiens registry)","Add escudo_url (Wikimedia Commons SVG)","Verify cor_principal against actual heraldic blazon"]},"geometry":{"type":"Polygon","coordinates":[[[-8.5272638,41.2032032],[-8.5272656,41.2032052],[-8.5273223,41.2032676],[-8.5283874,41.2033179],[-8.5296416,41.2032058],[-8.5311442,41.2027606],[-8.5309164,41.2032138],[-8.5400527,41.2027587],[-8.5402201,41.2027241],[-8.5406326,41.2028214],[-8.5409304,41.2027979],[-8.5411264,41.2027254],[-8.5413093,41.2025631],[-8.5415369,41.2024815],[-8.5419169,41.2024442],[-8.5424031,41.2021418],[-8.5427125,41.2019521],[-8.5430721,41.2016904],[-8.5434963,41.2014131],[-8.5448395,41.200535],[-8.5454562,41.2002195],[-8.5484103,41.200856],[-8.5485268,41.2003286],[-8.5488026,41.1998473],[-8.5489861,41.1997927],[-8.5493392,41.1994997],[-8.5498857,41.198766],[-8.5504185,41.1978393],[-8.5510045,41.1973569],[-8.551857,41.1968747],[-8.5513981,41.1921045],[-8.552007,41.1913633],[-8.5520037,41.1914089],[-8.5521352,41.191369],[-8.5522112,41.1913524],[-8.5523545,41.1912922],[-8.5533758,41.1905504],[-8.5534431,41.1904723],[-8.553478,41.1904291],[-8.5535008,41.1903901],[-8.5535456,41.1903466],[-8.5535969,41.1902995],[-8.5536399,41.190244],[-8.5536911,41.1901946],[-8.5537423,41.1901268],[-8.5537828,41.1900856],[-8.5538366,41.190026],[-8.5539561,41.1899032],[-8.5539948,41.1898327],[-8.5540311,41.1897741],[-8.5540538,41.1897326],[-8.5540621,41.1896749],[-8.5540699,41.1896048],[-8.5540783,41.1894689],[-8.554092,41.1891886],[-8.5541057,41.1890698],[-8.5540972,41.1889347],[-8.5540957,41.188877],[-8.5541021,41.18885],[-8.5541152,41.1888013],[-8.5527678,41.1888679],[-8.5525665,41.1888813],[-8.5520625,41.1888009],[-8.5515429,41.1886455],[-8.5516482,41.1882889],[-8.5518353,41.1873966],[-8.551816,41.1868827],[-8.5517161,41.1868869],[-8.5515358,41.1869248],[-8.5513377,41.1869718],[-8.5511031,41.1870045],[-8.5508433,41.1870378],[-8.5501567,41.1870539],[-8.5497691,41.1869903],[-8.5495256,41.1869721],[-8.5492307,41.1868988],[-8.5491558,41.1868656],[-8.54908,41.1868279],[-8.548979,41.1867714],[-8.5488612,41.1867336],[-8.5487264,41.1866581],[-8.5484765,41.1865664],[-8.5484066,41.1865245],[-8.5483303,41.1864743],[-8.548264,41.186425],[-8.548192,41.1863488],[-8.5481393,41.1862778],[-8.547975,41.1861667],[-8.5474511,41.1857834],[-8.5474722,41.1857067],[-8.5474614,41.1856328],[-8.5474105,41.1855457],[-8.5473286,41.1854541],[-8.5472167,41.1854023],[-8.5469644,41.1852764],[-8.5469219,41.1851815],[-8.5469296,41.1850736],[-8.5469289,41.1849659],[-8.5469033,41.18489],[-8.546903,41.1848456],[-8.5468603,41.1847379],[-8.5468094,41.1846559],[-8.546767,41.1845672],[-8.5466993,41.1844788],[-8.5466651,41.1843839],[-8.546572,41.1842384],[-8.5465036,41.184055],[-8.5408902,41.1809786],[-8.5380309,41.1794116],[-8.5357323,41.1783699],[-8.5348096,41.1779517],[-8.5333781,41.1773101],[-8.5332529,41.177714],[-8.5331987,41.1779584],[-8.5332067,41.1781137],[-8.5331952,41.1784572],[-8.5331621,41.1784543],[-8.5329223,41.1787658],[-8.5325902,41.1792607],[-8.5325277,41.1793768],[-8.5318676,41.1806181],[-8.5317923,41.1806313],[-8.5317137,41.1806471],[-8.5316248,41.1806631],[-8.5315083,41.1806969],[-8.5313376,41.180783],[-8.5302771,41.1812856],[-8.5302328,41.1813057],[-8.530133,41.1813508],[-8.5300103,41.1814202],[-8.5299408,41.1814568],[-8.529934,41.1814581],[-8.5298928,41.1814853],[-8.5298402,41.1815382],[-8.5296957,41.1816556],[-8.5295785,41.181725],[-8.5294384,41.1817683],[-8.529349,41.181851],[-8.5292803,41.1820009],[-8.529265,41.1821183],[-8.5292285,41.1823127],[-8.5292405,41.1824946],[-8.5292234,41.1825144],[-8.5292294,41.1825847],[-8.5293904,41.1828757],[-8.5287657,41.1830303],[-8.5286321,41.183063],[-8.5284487,41.1831054],[-8.5284981,41.1833399],[-8.5283926,41.1833565],[-8.5282593,41.1833947],[-8.5281695,41.1834006],[-8.5281471,41.1834308],[-8.5281824,41.1835058],[-8.5280626,41.183468],[-8.5277085,41.1845595],[-8.527626,41.1847596],[-8.527588,41.1848912],[-8.5275112,41.1849837],[-8.5273899,41.1850815],[-8.5276749,41.1855582],[-8.5277042,41.185602],[-8.5272345,41.1858996],[-8.5271368,41.1859416],[-8.5272356,41.1860847],[-8.5271317,41.1861313],[-8.5270403,41.1861825],[-8.5269428,41.1862709],[-8.5266989,41.1864566],[-8.5265709,41.1865867],[-8.526492,41.1866887],[-8.526425,41.1867583],[-8.5260113,41.1872226],[-8.5260118,41.1873012],[-8.5259998,41.1873383],[-8.5258576,41.1875695],[-8.5259039,41.1876874],[-8.5260712,41.1877874],[-8.5257891,41.1884887],[-8.5257031,41.1884519],[-8.5256067,41.1884362],[-8.5255335,41.1884878],[-8.5252283,41.1887039],[-8.5251032,41.1889978],[-8.5248354,41.1892168],[-8.5245863,41.1893629],[-8.5242701,41.1894768],[-8.5242604,41.1894801],[-8.52374,41.1894408],[-8.5236647,41.1895255],[-8.5232415,41.1900447],[-8.5224593,41.1904882],[-8.52121,41.1905068],[-8.5210039,41.190492],[-8.520633,41.1904651],[-8.5195751,41.1903525],[-8.5189969,41.1902728],[-8.5191011,41.1902221],[-8.5189816,41.1899333],[-8.5185017,41.1894236],[-8.5170431,41.1895796],[-8.5167706,41.1896086],[-8.5166342,41.1896234],[-8.5163693,41.189646],[-8.5156812,41.1896916],[-8.5154804,41.1897213],[-8.5150858,41.1897329],[-8.5175895,41.1942519],[-8.5180681,41.1945725],[-8.5200539,41.1960293],[-8.5203126,41.1963785],[-8.5235815,41.200596],[-8.5270988,41.2030213],[-8.5272638,41.2032032]]]}},{"type":"Feature","properties":{"nome":"Lomba","municipio":"Gondomar","municipio_short":"GDM","dicofre":"130405","area_km2":13.7,"area_ha":1369.66,"populacao":16440,"populacao_fonte":"estimated","densidade":1200,"num_escolas":8,"num_parques":3,"area_verde_m2":131520,"comboios_ativos":1,"camara_nome":"Câmara Municipal de Gondomar","camara_email":"geral@cm-gondomar.pt","camara_url":"https://www.cm-gondomar.pt","escudo_url":null,"cor_principal":"#8B2A2A","centroide":[-8.404707127431694,41.02513542852459],"_todo":["Replace estimated populacao with real INE 2021 BGRI","Add real num_escolas (Censo + DGEEC)","Add real area_verde_m2 (Câmara dataset)","Add real comboios_ativos (Bicis Sapiens registry)","Add escudo_url (Wikimedia Commons SVG)","Verify cor_principal against actual heraldic blazon"]},"geometry":{"type":"Polygon","coordinates":[[[-8.3841858,41.003653],[-8.3839767,41.0041015],[-8.3839668,41.0043196],[-8.3839249,41.0045364],[-8.3839129,41.0047548],[-8.3839136,41.0049871],[-8.3839287,41.0050532],[-8.3840663,41.0052834],[-8.3842599,41.0054856],[-8.3844636,41.00567],[-8.3846829,41.0058386],[-8.3848779,41.006011],[-8.3849503,41.0061099],[-8.3850075,41.0063202],[-8.3850166,41.0065402],[-8.3850225,41.0067526],[-8.3850759,41.0069799],[-8.3851213,41.0072004],[-8.3852391,41.0074382],[-8.385373,41.0076577],[-8.3853793,41.0076875],[-8.3854136,41.0079088],[-8.3854201,41.0081379],[-8.3854197,41.0083725],[-8.3854485,41.0086004],[-8.3854524,41.0088322],[-8.385453,41.0090629],[-8.3854529,41.0091184],[-8.3853305,41.0091696],[-8.3853012,41.0091913],[-8.3852806,41.0092124],[-8.3852706,41.0092347],[-8.38527,41.0094993],[-8.3852739,41.0096652],[-8.385315,41.0098239],[-8.3853239,41.010065],[-8.3853109,41.0102215],[-8.3852565,41.0103263],[-8.385231,41.0103474],[-8.3850359,41.0105248],[-8.3850084,41.0105742],[-8.3849981,41.0106315],[-8.3850082,41.0108595],[-8.3850268,41.0108946],[-8.3850553,41.0109289],[-8.3850941,41.0109614],[-8.3852814,41.0110854],[-8.3853342,41.0111415],[-8.3854369,41.0113037],[-8.3854756,41.0114204],[-8.3855774,41.0116298],[-8.3855943,41.0116481],[-8.3856313,41.0116834],[-8.3858327,41.0118552],[-8.3860628,41.012013],[-8.3862775,41.0121763],[-8.386523,41.0123224],[-8.3867733,41.0124634],[-8.3870498,41.0125905],[-8.3873023,41.0127408],[-8.387524,41.0129161],[-8.3877802,41.0130757],[-8.3878004,41.0131026],[-8.3878099,41.0131322],[-8.3878099,41.0131626],[-8.3878055,41.0133823],[-8.3877894,41.0134344],[-8.3877734,41.0134597],[-8.3877511,41.0134854],[-8.3877283,41.013504],[-8.387653,41.0135709],[-8.3876255,41.0136199],[-8.3875981,41.0136462],[-8.3873871,41.0138242],[-8.3873141,41.0139004],[-8.3871782,41.0141232],[-8.387131,41.014212],[-8.3871124,41.0142303],[-8.3868643,41.0143938],[-8.3863627,41.0146651],[-8.3863015,41.0147071],[-8.3862787,41.0147316],[-8.3861005,41.0149709],[-8.3859079,41.0151539],[-8.3856936,41.0153251],[-8.3854952,41.0155164],[-8.385432,41.0155885],[-8.3853997,41.0163621],[-8.3857746,41.0167938],[-8.3857848,41.0168194],[-8.3857886,41.016845],[-8.3857939,41.017098],[-8.3857878,41.0172426],[-8.3857756,41.0172756],[-8.385752,41.0173023],[-8.3857175,41.0173263],[-8.3856753,41.0173472],[-8.3856238,41.017362],[-8.3855664,41.0173726],[-8.3852818,41.0173841],[-8.3852578,41.0173991],[-8.3852417,41.0174214],[-8.3852341,41.0174507],[-8.3852327,41.0174824],[-8.3852439,41.0175967],[-8.3852566,41.017618],[-8.3854483,41.0178309],[-8.3856389,41.0180364],[-8.3857681,41.0181844],[-8.3859381,41.018329],[-8.3859518,41.0183535],[-8.3860122,41.0185129],[-8.3860283,41.0187375],[-8.3860306,41.0189863],[-8.3860257,41.0192016],[-8.3859506,41.0194198],[-8.3858079,41.0196349],[-8.3856442,41.0197897],[-8.3856093,41.0198077],[-8.3853136,41.0199182],[-8.3850308,41.0199953],[-8.3847554,41.0200798],[-8.384485,41.0201808],[-8.3842261,41.0203134],[-8.3839835,41.0204608],[-8.3837383,41.0205995],[-8.3834496,41.0206969],[-8.3833277,41.0207414],[-8.3831949,41.0208317],[-8.3831736,41.0208599],[-8.3831591,41.0208895],[-8.383154,41.0209216],[-8.3831542,41.0209564],[-8.3831583,41.0211838],[-8.3832275,41.0214178],[-8.3833694,41.0216378],[-8.3835241,41.0218256],[-8.383536,41.021856],[-8.3835606,41.02198],[-8.3835553,41.0220737],[-8.3835433,41.0221047],[-8.3835249,41.0221354],[-8.3835003,41.0221662],[-8.3833179,41.0223542],[-8.383261,41.0224503],[-8.3832613,41.0224849],[-8.3832733,41.0225556],[-8.3833186,41.0227974],[-8.3833247,41.0230239],[-8.3833372,41.0231511],[-8.3834112,41.0233989],[-8.3834292,41.0234579],[-8.3834804,41.0235388],[-8.3836909,41.0237286],[-8.3838004,41.0237891],[-8.3839971,41.0238756],[-8.3840177,41.0239071],[-8.3840347,41.0239436],[-8.3841597,41.0241715],[-8.3842454,41.0242733],[-8.3842724,41.0242903],[-8.3843629,41.0243378],[-8.3843965,41.0243478],[-8.3844274,41.0243539],[-8.3844619,41.0243572],[-8.384762,41.0243582],[-8.3853976,41.0243548],[-8.3854796,41.0243606],[-8.385557,41.024377],[-8.3858664,41.0244776],[-8.3861496,41.0245245],[-8.3864276,41.0245181],[-8.3867306,41.0244374],[-8.386764,41.0244318],[-8.3867984,41.0244292],[-8.3868333,41.0244287],[-8.3870199,41.0244137],[-8.3870675,41.0244164],[-8.3871127,41.024438],[-8.3871467,41.0244655],[-8.387171,41.0244942],[-8.387178,41.0245268],[-8.3871784,41.0245625],[-8.3871952,41.024719],[-8.3872147,41.0247898],[-8.3872392,41.024821],[-8.3872844,41.0248437],[-8.387314,41.0248498],[-8.3873477,41.0248537],[-8.3876581,41.0248541],[-8.3879849,41.0248863],[-8.3880146,41.0248995],[-8.3880401,41.0249152],[-8.3880632,41.0249334],[-8.388242,41.0251007],[-8.3882557,41.0251232],[-8.3882743,41.0251693],[-8.3882745,41.0251938],[-8.3883189,41.0254199],[-8.3883458,41.025437],[-8.3883803,41.0254522],[-8.3886544,41.0255432],[-8.3888392,41.0256033],[-8.3890546,41.0257896],[-8.3892075,41.0260071],[-8.3892806,41.0261217],[-8.3893043,41.0261419],[-8.3893339,41.026159],[-8.3893691,41.0261741],[-8.3896614,41.0262604],[-8.3898433,41.0263267],[-8.3898998,41.0263305],[-8.3899556,41.0263304],[-8.3900023,41.0263255],[-8.390007,41.0263131],[-8.3900314,41.026261],[-8.3900634,41.0261855],[-8.3901025,41.0259881],[-8.3902154,41.0257651],[-8.3903811,41.025558],[-8.390625,41.0253979],[-8.3906801,41.0253778],[-8.3907103,41.0253723],[-8.39077,41.0253671],[-8.3910776,41.025374],[-8.3913882,41.025426],[-8.3916197,41.0255057],[-8.3918472,41.0256655],[-8.3921054,41.0258188],[-8.3921369,41.0258278],[-8.3922298,41.0258495],[-8.3922615,41.0258517],[-8.3925851,41.0258549],[-8.3927091,41.0258707],[-8.3929844,41.0259761],[-8.3930376,41.0260111],[-8.3932368,41.0262054],[-8.393401,41.0263816],[-8.393433,41.0263982],[-8.3934658,41.0264114],[-8.3937568,41.026487],[-8.3937957,41.0264885],[-8.3941296,41.0264898],[-8.3944254,41.0264587],[-8.3947292,41.0263553],[-8.3950022,41.026249],[-8.3951391,41.0262141],[-8.3951753,41.0262123],[-8.3954798,41.0262136],[-8.3956331,41.0262217],[-8.3956653,41.0262306],[-8.3956939,41.0262448],[-8.3957193,41.0262616],[-8.395742,41.0262822],[-8.3957634,41.0263055],[-8.3957818,41.026331],[-8.3958905,41.0265485],[-8.3959562,41.0267672],[-8.3959685,41.0270047],[-8.3959797,41.0271465],[-8.3959941,41.0271741],[-8.3960292,41.0272275],[-8.3960532,41.0272524],[-8.3960804,41.0272754],[-8.3963219,41.0274415],[-8.3965972,41.0275739],[-8.3966895,41.0276261],[-8.396922,41.0278065],[-8.3971372,41.0279976],[-8.3973665,41.0281626],[-8.3976081,41.0283114],[-8.3978321,41.0284845],[-8.3980312,41.0286841],[-8.3981703,41.0289046],[-8.3982584,41.029145],[-8.3983162,41.029376],[-8.3983647,41.0296091],[-8.3983772,41.0298584],[-8.3983738,41.0303235],[-8.3983765,41.0304157],[-8.3983856,41.0304402],[-8.3983982,41.0304646],[-8.3984141,41.030488],[-8.3984334,41.0305104],[-8.3984794,41.0305517],[-8.3987054,41.0306977],[-8.3989553,41.0308421],[-8.3992145,41.0309836],[-8.3994734,41.0311273],[-8.3997399,41.0312671],[-8.3999877,41.0313946],[-8.4001566,41.0314876],[-8.400206,41.0315299],[-8.4002232,41.031553],[-8.4002378,41.0315775],[-8.400336,41.0317944],[-8.4004289,41.0320067],[-8.4004648,41.0320567],[-8.4006055,41.0322573],[-8.4006669,41.0323792],[-8.40067,41.0324037],[-8.400682,41.0326311],[-8.4006801,41.0328677],[-8.4006903,41.0329454],[-8.400701,41.0329712],[-8.4007175,41.0329979],[-8.4007587,41.0330493],[-8.4009228,41.033244],[-8.4009226,41.033283],[-8.4009181,41.0335419],[-8.4008969,41.0337687],[-8.4008524,41.0339947],[-8.4008045,41.034218],[-8.4007204,41.0344455],[-8.4006551,41.0346708],[-8.4006353,41.0349092],[-8.4006337,41.0351351],[-8.4005904,41.0353621],[-8.4005565,41.0355943],[-8.4005495,41.0358268],[-8.4005477,41.0360674],[-8.4005425,41.0362471],[-8.400535,41.0362714],[-8.4004784,41.0363891],[-8.4003114,41.0365848],[-8.4002881,41.0366299],[-8.4002183,41.0368484],[-8.4001737,41.0370825],[-8.4001384,41.0373246],[-8.4001218,41.0375697],[-8.4001087,41.037821],[-8.400076,41.0380625],[-8.3999837,41.0383023],[-8.3998596,41.0385079],[-8.3997245,41.038719],[-8.3996057,41.0389334],[-8.3994226,41.039128],[-8.3992575,41.0393338],[-8.3992378,41.039351],[-8.3992143,41.0393677],[-8.3990484,41.0395063],[-8.3990026,41.0395309],[-8.3988123,41.0396174],[-8.3987504,41.0396305],[-8.3987176,41.0396334],[-8.3986847,41.0396337],[-8.3983823,41.0396324],[-8.3982958,41.0396391],[-8.3982447,41.039649],[-8.398205,41.0396661],[-8.3981981,41.0396962],[-8.3981991,41.0397372],[-8.3982051,41.0397601],[-8.3982249,41.0398053],[-8.3982408,41.0398283],[-8.3984271,41.0400239],[-8.3984898,41.0400826],[-8.3985163,41.0401202],[-8.3986161,41.0403201],[-8.3986158,41.0403429],[-8.3986597,41.0405867],[-8.3987365,41.040808],[-8.3988207,41.0410338],[-8.3989423,41.0412656],[-8.3989636,41.0413171],[-8.398968,41.0413424],[-8.398969,41.0415751],[-8.3989673,41.0418137],[-8.3989622,41.0420417],[-8.3989436,41.0421126],[-8.3989218,41.0421583],[-8.3988015,41.0423855],[-8.3987079,41.042612],[-8.3986761,41.0426535],[-8.3984878,41.0428281],[-8.398307,41.0429867],[-8.3982935,41.0430089],[-8.3982831,41.0430317],[-8.3982802,41.0430557],[-8.3982786,41.0432963],[-8.3982815,41.0433631],[-8.3983135,41.043376],[-8.3983456,41.0434004],[-8.3985628,41.0435603],[-8.3988269,41.043706],[-8.3990884,41.0438314],[-8.3990804,41.0438667],[-8.3963444,41.0460563],[-8.3965161,41.0461237],[-8.396666,41.0462267],[-8.3968434,41.0464159],[-8.397016,41.0466053],[-8.3971638,41.0468011],[-8.3973116,41.0470048],[-8.3974707,41.0472062],[-8.397635,41.0474064],[-8.3977916,41.0476044],[-8.397944,41.0477952],[-8.3980083,41.0478943],[-8.3985666,41.0486429],[-8.3990737,41.0498095],[-8.399111,41.0507436],[-8.3989795,41.051426],[-8.3992861,41.0516056],[-8.4002768,41.0522741],[-8.401379,41.0531126],[-8.4018734,41.0536038],[-8.4026658,41.0543738],[-8.4032446,41.0548324],[-8.4039489,41.0553531],[-8.404805,41.056445],[-8.4055078,41.0575148],[-8.406095,41.0588613],[-8.4064853,41.0601013],[-8.4067894,41.0616358],[-8.4068432,41.0622189],[-8.4068086,41.0628774],[-8.4066497,41.0637791],[-8.4062878,41.0640788],[-8.4062825,41.0644237],[-8.4063074,41.0647667],[-8.4063026,41.0653565],[-8.4061984,41.0658348],[-8.4060918,41.0665545],[-8.406059,41.0666779],[-8.4060537,41.0670651],[-8.4059314,41.0675174],[-8.4059117,41.0680406],[-8.4058826,41.068526],[-8.4059046,41.0690077],[-8.4060739,41.0693991],[-8.4064242,41.0698898],[-8.4065722,41.0700928],[-8.4068674,41.0702616],[-8.4073313,41.0704945],[-8.4078314,41.0707545],[-8.4082746,41.0710369],[-8.4089615,41.071436],[-8.4094497,41.0717509],[-8.4102991,41.072054],[-8.4106694,41.0721359],[-8.4109674,41.0721785],[-8.411437,41.0722008],[-8.4121321,41.0722117],[-8.4127068,41.0722058],[-8.4132063,41.0721711],[-8.4136094,41.0720216],[-8.4141623,41.0717422],[-8.4147087,41.0712707],[-8.414976,41.0709524],[-8.4152219,41.0705834],[-8.4154826,41.0702153],[-8.4156499,41.0696549],[-8.4158105,41.0688298],[-8.4160095,41.0678648],[-8.4160946,41.0667897],[-8.4161261,41.0661205],[-8.4163289,41.0653923],[-8.4165229,41.0647751],[-8.4168464,41.0641206],[-8.41692,41.0637541],[-8.4168785,41.063176],[-8.4171647,41.0621994],[-8.4174161,41.0603411],[-8.4177162,41.0584422],[-8.4181085,41.0559481],[-8.4181961,41.0556902],[-8.4185904,41.0545268],[-8.4195014,41.0518548],[-8.4199394,41.0511146],[-8.4204008,41.0501662],[-8.4207954,41.0488192],[-8.421067,41.0475038],[-8.4214542,41.0453076],[-8.4214918,41.0435308],[-8.4215025,41.0424658],[-8.4214989,41.0410747],[-8.4215032,41.0398086],[-8.4214759,41.0384221],[-8.4214594,41.0378296],[-8.421543,41.0373963],[-8.4219307,41.0368081],[-8.4225045,41.0364555],[-8.4229091,41.0361954],[-8.4232977,41.0360204],[-8.4240773,41.0357385],[-8.4246597,41.0356425],[-8.4254682,41.0356494],[-8.426339,41.0357102],[-8.4270547,41.035948],[-8.4277844,41.0362956],[-8.4283754,41.0365939],[-8.4285228,41.0356109],[-8.4285766,41.0353284],[-8.4286255,41.0348738],[-8.4286544,41.0347449],[-8.4287714,41.0346621],[-8.4289564,41.0346238],[-8.4290119,41.0344768],[-8.4290098,41.0341097],[-8.4291895,41.0333207],[-8.4292173,41.0331632],[-8.4293424,41.0330232],[-8.4294839,41.0327754],[-8.4296677,41.032648],[-8.4300944,41.0324628],[-8.4303541,41.0324114],[-8.4304261,41.0323839],[-8.430753,41.0322139],[-8.4310519,41.0318538],[-8.4311302,41.0316031],[-8.4310949,41.0313858],[-8.4309628,41.0312046],[-8.4307285,41.0310186],[-8.4310186,41.0308979],[-8.4313132,41.0308039],[-8.4316672,41.0307226],[-8.4316984,41.030712],[-8.4318075,41.0306738],[-8.4318642,41.0306238],[-8.431914,41.0305362],[-8.4319429,41.0305062],[-8.4320937,41.0303784],[-8.4321445,41.0303378],[-8.4322545,41.0302811],[-8.4323281,41.0302441],[-8.432549,41.0300787],[-8.4328227,41.0298603],[-8.4328392,41.0296954],[-8.4329628,41.0294513],[-8.4330092,41.0292616],[-8.4330095,41.0292267],[-8.4330025,41.0291985],[-8.4329166,41.0289934],[-8.4328488,41.0288171],[-8.4327711,41.0286504],[-8.432701,41.028546],[-8.4325929,41.0284492],[-8.4324348,41.0283635],[-8.4323942,41.0283085],[-8.432332,41.028237],[-8.4322822,41.0281776],[-8.4322674,41.0281609],[-8.4322407,41.0281304],[-8.4321962,41.0280619],[-8.432087,41.0278697],[-8.4319804,41.0277062],[-8.4318823,41.027611],[-8.4318338,41.0275586],[-8.4318093,41.027497],[-8.4317804,41.0274183],[-8.4317349,41.0272855],[-8.4316381,41.0270216],[-8.4314883,41.0265848],[-8.4314308,41.0264859],[-8.4313651,41.0263536],[-8.4313227,41.026233],[-8.4312429,41.0261055],[-8.4312376,41.0260954],[-8.4312291,41.0260816],[-8.4312169,41.0260703],[-8.4310178,41.0258956],[-8.4308019,41.0256958],[-8.4306665,41.0255407],[-8.4303942,41.0253407],[-8.430296,41.0252751],[-8.4301266,41.0251743],[-8.429955,41.0250782],[-8.4298874,41.0250227],[-8.4298306,41.0249783],[-8.4297715,41.0249236],[-8.4296986,41.0248433],[-8.4296338,41.0247673],[-8.4296192,41.0247148],[-8.4296072,41.0246381],[-8.4296035,41.0244629],[-8.4295707,41.0242198],[-8.4295326,41.0241104],[-8.4294742,41.0239922],[-8.429323,41.0238589],[-8.4291953,41.0237956],[-8.4290472,41.0237259],[-8.4287859,41.0235666],[-8.4286586,41.0234791],[-8.4286271,41.0233462],[-8.4286084,41.0232743],[-8.4286676,41.0231842],[-8.4287978,41.0230802],[-8.429,41.022991],[-8.4292339,41.0229363],[-8.429428,41.0228758],[-8.4295158,41.0227687],[-8.429552,41.0227388],[-8.4296035,41.0227155],[-8.4296932,41.0226753],[-8.4298666,41.0225534],[-8.4299862,41.0224565],[-8.4298376,41.0224077],[-8.4291753,41.0220679],[-8.4288568,41.0219039],[-8.4284005,41.0216424],[-8.4281411,41.0215171],[-8.4279122,41.0214259],[-8.4274317,41.0212154],[-8.4270687,41.0209325],[-8.42699,41.0209007],[-8.4267694,41.0207956],[-8.4267157,41.0207589],[-8.4266746,41.0207248],[-8.4266094,41.0207113],[-8.4264793,41.0207059],[-8.4263493,41.0206947],[-8.426049,41.0206746],[-8.4259833,41.0206713],[-8.4259094,41.0206597],[-8.4258548,41.0206398],[-8.4258329,41.0206311],[-8.4257027,41.0205701],[-8.4256341,41.0205352],[-8.4255357,41.0204972],[-8.4254361,41.0204729],[-8.4252578,41.0204433],[-8.4252437,41.0204511],[-8.4250129,41.0204747],[-8.4248274,41.0205065],[-8.4247868,41.0205072],[-8.4247171,41.0204941],[-8.4246847,41.0204825],[-8.4245552,41.0204516],[-8.4243095,41.0203947],[-8.4242498,41.0203909],[-8.4238793,41.0203289],[-8.4235272,41.0202707],[-8.4235109,41.020278],[-8.4234665,41.0202343],[-8.4234482,41.0202205],[-8.4233763,41.020177],[-8.4233339,41.0201473],[-8.4233128,41.0201304],[-8.4232437,41.0200689],[-8.4231993,41.0200279],[-8.4231353,41.0199736],[-8.4230781,41.0199306],[-8.4230153,41.0198866],[-8.4228764,41.01978],[-8.4228069,41.0197298],[-8.4227715,41.0197031],[-8.4227403,41.0196889],[-8.4226369,41.0196305],[-8.4225646,41.0195835],[-8.4225143,41.0195456],[-8.4224733,41.0195055],[-8.4224433,41.0194666],[-8.4224131,41.0194173],[-8.4223913,41.0193783],[-8.4223628,41.0193403],[-8.4222836,41.0192521],[-8.4221854,41.0191444],[-8.422109,41.0190736],[-8.4220872,41.0190593],[-8.4220397,41.0190409],[-8.4220069,41.0190317],[-8.4219567,41.0190216],[-8.4219441,41.0190206],[-8.4219084,41.0190143],[-8.4218819,41.0190199],[-8.4218386,41.019026],[-8.4218046,41.0190322],[-8.4217695,41.0190447],[-8.4216746,41.0190769],[-8.4215891,41.0191038],[-8.4215051,41.0191246],[-8.421422,41.0191443],[-8.4213625,41.0191578],[-8.421277,41.0191693],[-8.4212342,41.0191736],[-8.4211453,41.019183],[-8.4211128,41.0191882],[-8.4210763,41.0191955],[-8.4210125,41.0192091],[-8.4209745,41.0192102],[-8.4209296,41.0192021],[-8.4208875,41.0191919],[-8.4208413,41.0191766],[-8.420757,41.0191418],[-8.420678,41.0191082],[-8.420625,41.0190795],[-8.4205391,41.0190314],[-8.4204829,41.0190006],[-8.4203963,41.0189474],[-8.4203576,41.0189202],[-8.4202704,41.0188455],[-8.4202186,41.0187998],[-8.4201614,41.0187522],[-8.420136,41.0187317],[-8.4200871,41.0186912],[-8.4200589,41.018671],[-8.4200094,41.0186486],[-8.4199606,41.0186189],[-8.4199188,41.0185831],[-8.4198864,41.0185622],[-8.4198424,41.018557],[-8.4198066,41.0185571],[-8.4196887,41.0185697],[-8.4195846,41.0185796],[-8.4195142,41.0185851],[-8.4194679,41.0185861],[-8.4194286,41.0185827],[-8.4193533,41.0185653],[-8.4192723,41.0185367],[-8.419007,41.018427],[-8.4189316,41.0183826],[-8.4188805,41.0183372],[-8.4188448,41.0183011],[-8.4188595,41.0182897],[-8.4188623,41.0182686],[-8.4181923,41.0175769],[-8.4180291,41.0174811],[-8.4179154,41.017425],[-8.4177648,41.017331],[-8.4173602,41.0170644],[-8.4170914,41.0166964],[-8.4167244,41.0163122],[-8.4166968,41.0163319],[-8.4166824,41.0163418],[-8.4166526,41.0163134],[-8.416563,41.0162348],[-8.4163322,41.0160401],[-8.4162399,41.0159657],[-8.4161606,41.0158987],[-8.416101,41.0158455],[-8.4160745,41.0158132],[-8.4160398,41.0157486],[-8.4159968,41.0156655],[-8.4159669,41.0156083],[-8.4159487,41.0155723],[-8.4159155,41.0155201],[-8.4159056,41.0155065],[-8.4158577,41.0154434],[-8.4158114,41.0153801],[-8.4157784,41.0153391],[-8.4157322,41.0152908],[-8.4156709,41.0152298],[-8.4156041,41.0152606],[-8.4153406,41.015129],[-8.4152159,41.015069],[-8.4143792,41.014859],[-8.4143532,41.0148516],[-8.4143479,41.0148358],[-8.414299,41.0148442],[-8.4142384,41.0148462],[-8.4141816,41.0148416],[-8.4141323,41.014836],[-8.4140982,41.0148342],[-8.4140161,41.0148181],[-8.4139453,41.014803],[-8.4138582,41.014786],[-8.4138063,41.0147718],[-8.4137419,41.0147567],[-8.4136521,41.0147339],[-8.4136079,41.0147216],[-8.4135358,41.0147019],[-8.4134787,41.0146877],[-8.4134081,41.0146707],[-8.4133474,41.0146584],[-8.4132678,41.0146472],[-8.4132123,41.0146377],[-8.4131554,41.0146264],[-8.4130947,41.0146083],[-8.4130618,41.0145865],[-8.4129898,41.0145675],[-8.4129064,41.0145515],[-8.4128255,41.0145412],[-8.4127472,41.0145271],[-8.4127237,41.014521],[-8.4126209,41.0144978],[-8.4125626,41.0144807],[-8.4124691,41.0144542],[-8.4123743,41.0144248],[-8.4122947,41.014401],[-8.412196,41.0143688],[-8.4121396,41.0143495],[-8.4120725,41.0143347],[-8.4119587,41.0143063],[-8.4118614,41.0142846],[-8.4117502,41.014259],[-8.4116579,41.0142363],[-8.4115544,41.0142118],[-8.4114683,41.0141919],[-8.4113824,41.0141739],[-8.4112767,41.0141503],[-8.411187,41.0141277],[-8.4110908,41.0140992],[-8.4109826,41.0140631],[-8.410975,41.0140795],[-8.4108521,41.014036],[-8.4106495,41.013974],[-8.4103411,41.0138832],[-8.4101908,41.0138387],[-8.4100346,41.013793],[-8.4097548,41.0137224],[-8.4094289,41.0136395],[-8.4091286,41.0135659],[-8.408893,41.0135028],[-8.4085711,41.0134051],[-8.4082861,41.0133307],[-8.4080777,41.0133263],[-8.4074701,41.0133066],[-8.4071027,41.0132968],[-8.4065164,41.0132828],[-8.406212,41.0132782],[-8.4059744,41.0132808],[-8.4058592,41.0132819],[-8.405578,41.0132683],[-8.4052771,41.0132955],[-8.4051051,41.013294],[-8.4047635,41.0132793],[-8.4044586,41.0132597],[-8.4042522,41.0132505],[-8.4038651,41.0132241],[-8.4034603,41.0132047],[-8.4033391,41.0131922],[-8.403265,41.0131814],[-8.4032119,41.0131756],[-8.4030341,41.0130637],[-8.4025534,41.0127827],[-8.402196,41.0125845],[-8.4019672,41.0124816],[-8.4019368,41.0124674],[-8.4011284,41.0121604],[-8.4010828,41.0121336],[-8.4010204,41.0121318],[-8.4009296,41.0121384],[-8.4006976,41.0121777],[-8.40037,41.0122843],[-8.3993439,41.0122129],[-8.3985596,41.0121894],[-8.3983331,41.0122162],[-8.3974356,41.0123259],[-8.3967659,41.0124479],[-8.3964227,41.0119197],[-8.3959966,41.0113616],[-8.3952693,41.010893],[-8.3946852,41.0100416],[-8.3946632,41.0100637],[-8.3943582,41.0103728],[-8.3941028,41.009721],[-8.3939795,41.0093828],[-8.3939015,41.0091647],[-8.3936807,41.0085545],[-8.3935599,41.0082107],[-8.3933501,41.0080818],[-8.3930824,41.0079189],[-8.3930276,41.0078737],[-8.3929423,41.0078103],[-8.3928702,41.007756],[-8.3928034,41.0077045],[-8.3927689,41.0076742],[-8.3927445,41.0076502],[-8.3927239,41.0076294],[-8.3927172,41.0076206],[-8.3927013,41.0076008],[-8.3926938,41.0075888],[-8.3926815,41.0075655],[-8.3926627,41.0075331],[-8.3926372,41.0074957],[-8.3925463,41.0073856],[-8.3924759,41.0073097],[-8.3924103,41.0072436],[-8.3923595,41.0071956],[-8.3923234,41.0071644],[-8.3922665,41.0071215],[-8.3922282,41.0070953],[-8.3921826,41.0070646],[-8.3921155,41.0070148],[-8.3920555,41.006963],[-8.3920133,41.0069277],[-8.3919111,41.0068384],[-8.3918665,41.0067982],[-8.3918322,41.006766],[-8.391783,41.0067211],[-8.3917038,41.0066458],[-8.3915915,41.0065318],[-8.3915202,41.0064569],[-8.3914667,41.0063975],[-8.3914259,41.0063528],[-8.3913223,41.0062359],[-8.3912622,41.0061691],[-8.3912173,41.0061236],[-8.3912073,41.0061126],[-8.3911593,41.0061209],[-8.3901069,41.0054188],[-8.3901077,41.0050861],[-8.3898999,41.0050921],[-8.3897875,41.0050945],[-8.3897502,41.0050957],[-8.3894411,41.0051232],[-8.3892983,41.0049496],[-8.3891434,41.004767],[-8.3888524,41.0045301],[-8.3904095,41.002101],[-8.3904223,41.0020904],[-8.390236,41.00195],[-8.3901085,41.0018617],[-8.3897716,41.001698],[-8.3894502,41.0015454],[-8.3892193,41.0013801],[-8.3875824,41.0019277],[-8.3875424,41.0019619],[-8.3873108,41.0020793],[-8.387046,41.0022102],[-8.3867901,41.0023523],[-8.3865493,41.0024905],[-8.3862893,41.0026306],[-8.386035,41.0027784],[-8.3841858,41.003653]]]}},{"type":"Feature","properties":{"nome":"Rio Tinto","municipio":"Gondomar","municipio_short":"GDM","dicofre":"130408","area_km2":9.44,"area_ha":943.86,"populacao":11328,"populacao_fonte":"estimated","densidade":1200,"num_escolas":5,"num_parques":2,"area_verde_m2":147264,"comboios_ativos":4,"camara_nome":"Câmara Municipal de Gondomar","camara_email":"geral@cm-gondomar.pt","camara_url":"https://www.cm-gondomar.pt","escudo_url":null,"cor_principal":"#5C7A52","centroide":[-8.563471970763489,41.18295821117317],"_todo":["Replace estimated populacao with real INE 2021 BGRI","Add real num_escolas (Censo + DGEEC)","Add real area_verde_m2 (Câmara dataset)","Add real comboios_ativos (Bicis Sapiens registry)","Add escudo_url (Wikimedia Commons SVG)","Verify cor_principal against actual heraldic blazon"]},"geometry":{"type":"Polygon","coordinates":[[[-8.5357323,41.1783699],[-8.5380309,41.1794116],[-8.5408902,41.1809786],[-8.5465036,41.184055],[-8.546572,41.1842384],[-8.5466651,41.1843839],[-8.5466993,41.1844788],[-8.546767,41.1845672],[-8.5468094,41.1846559],[-8.5468603,41.1847379],[-8.546903,41.1848456],[-8.5469033,41.18489],[-8.5469289,41.1849659],[-8.5469296,41.1850736],[-8.5469219,41.1851815],[-8.5469644,41.1852764],[-8.5472167,41.1854023],[-8.5473286,41.1854541],[-8.5474105,41.1855457],[-8.5474614,41.1856328],[-8.5474722,41.1857067],[-8.5474511,41.1857834],[-8.547975,41.1861667],[-8.5481393,41.1862778],[-8.548192,41.1863488],[-8.548264,41.186425],[-8.5483303,41.1864743],[-8.5484066,41.1865245],[-8.5484765,41.1865664],[-8.5487264,41.1866581],[-8.5488612,41.1867336],[-8.548979,41.1867714],[-8.54908,41.1868279],[-8.5491558,41.1868656],[-8.5492307,41.1868988],[-8.5495256,41.1869721],[-8.5497691,41.1869903],[-8.5501567,41.1870539],[-8.5508433,41.1870378],[-8.5511031,41.1870045],[-8.5513377,41.1869718],[-8.5515358,41.1869248],[-8.5517161,41.1868869],[-8.551816,41.1868827],[-8.5518353,41.1873966],[-8.5516482,41.1882889],[-8.5515429,41.1886455],[-8.5520625,41.1888009],[-8.5525665,41.1888813],[-8.5527678,41.1888679],[-8.5541152,41.1888013],[-8.5541021,41.18885],[-8.5540957,41.188877],[-8.5540972,41.1889347],[-8.5541057,41.1890698],[-8.554092,41.1891886],[-8.5540783,41.1894689],[-8.5540699,41.1896048],[-8.5540621,41.1896749],[-8.5540538,41.1897326],[-8.5540311,41.1897741],[-8.5539948,41.1898327],[-8.5539561,41.1899032],[-8.5538366,41.190026],[-8.5537828,41.1900856],[-8.5537423,41.1901268],[-8.5536911,41.1901946],[-8.5536399,41.190244],[-8.5535969,41.1902995],[-8.5535456,41.1903466],[-8.5535008,41.1903901],[-8.553478,41.1904291],[-8.5534431,41.1904723],[-8.5533758,41.1905504],[-8.5523545,41.1912922],[-8.5522112,41.1913524],[-8.5521352,41.191369],[-8.5520037,41.1914089],[-8.552007,41.1913633],[-8.5513981,41.1921045],[-8.551857,41.1968747],[-8.5532797,41.1963459],[-8.55354,41.1962649],[-8.5539926,41.196319],[-8.5542342,41.1964417],[-8.5544533,41.1965019],[-8.5546156,41.1965013],[-8.5548347,41.1965893],[-8.5550546,41.1967382],[-8.5551093,41.1968303],[-8.555101,41.1970758],[-8.5550885,41.1974031],[-8.5551186,41.1975144],[-8.555195,41.1975473],[-8.5554066,41.1976009],[-8.55541,41.1976017],[-8.5554147,41.1975943],[-8.5554942,41.19758],[-8.5555388,41.1975742],[-8.5558107,41.1975389],[-8.5558569,41.1975451],[-8.5559205,41.1976076],[-8.5559482,41.1977857],[-8.5563474,41.1978244],[-8.5564572,41.1978315],[-8.5565836,41.1978551],[-8.5567375,41.1978608],[-8.5571112,41.1978077],[-8.5574057,41.1977756],[-8.5575132,41.1977078],[-8.5576262,41.197602],[-8.5578144,41.1975062],[-8.5579274,41.1974761],[-8.55813,41.1974543],[-8.5581849,41.1974549],[-8.5582591,41.1974918],[-8.5584327,41.19758],[-8.5586183,41.1976726],[-8.5586611,41.1976593],[-8.558706,41.1976409],[-8.558825,41.1975605],[-8.5589315,41.1974858],[-8.5590046,41.197458],[-8.5590104,41.197452],[-8.5590128,41.197425],[-8.5590121,41.1973476],[-8.559008,41.1972647],[-8.5590129,41.1972407],[-8.5590392,41.1971117],[-8.5591418,41.1971277],[-8.5593111,41.1971517],[-8.5593692,41.1971589],[-8.5593925,41.1971615],[-8.5594416,41.1971721],[-8.5601763,41.1971146],[-8.5602791,41.1973806],[-8.5603463,41.1969065],[-8.5605481,41.1969029],[-8.5606815,41.196887],[-8.5607368,41.1967688],[-8.5607676,41.196668],[-8.5608041,41.1965388],[-8.5608469,41.1964733],[-8.5609486,41.1963824],[-8.5610845,41.1962953],[-8.5612177,41.1962162],[-8.5613866,41.1961858],[-8.5615417,41.1961571],[-8.5616318,41.1961018],[-8.5616902,41.1960155],[-8.5617451,41.1959105],[-8.5617881,41.1958161],[-8.5618284,41.1957276],[-8.5619083,41.1956204],[-8.5620297,41.1955487],[-8.5621904,41.195471],[-8.5624814,41.1953443],[-8.5626095,41.1953064],[-8.5627698,41.1952601],[-8.5628419,41.1952138],[-8.5629628,41.1951337],[-8.5631055,41.1950279],[-8.5632541,41.1949146],[-8.5633503,41.1948193],[-8.5634394,41.1947422],[-8.5635221,41.1947974],[-8.5636031,41.1948519],[-8.5637148,41.1949317],[-8.5637827,41.1949682],[-8.5639234,41.1950515],[-8.5640458,41.195132],[-8.5640964,41.1951762],[-8.5641689,41.1952348],[-8.5642863,41.1953363],[-8.5644366,41.1954519],[-8.5645782,41.1955586],[-8.5646412,41.1955859],[-8.5649883,41.1958477],[-8.5650375,41.1958889],[-8.5650705,41.1958942],[-8.5651726,41.1960709],[-8.5652244,41.1961605],[-8.5652711,41.1962281],[-8.5653395,41.196213],[-8.5653665,41.1961172],[-8.5654357,41.196105],[-8.5654402,41.1960737],[-8.5654403,41.1960728],[-8.5654506,41.1960709],[-8.5659222,41.1959814],[-8.5660205,41.1959627],[-8.5662247,41.1959696],[-8.5664102,41.1959519],[-8.5665085,41.1959354],[-8.5665637,41.1959197],[-8.5665787,41.1959348],[-8.5666333,41.1959584],[-8.5667101,41.1958862],[-8.5668121,41.1958174],[-8.567,41.1959324],[-8.5670833,41.1959682],[-8.5671006,41.1959576],[-8.5674067,41.1960497],[-8.5674602,41.1960588],[-8.5675991,41.1959972],[-8.5683856,41.1960825],[-8.5684049,41.1959685],[-8.5696799,41.1960809],[-8.5709549,41.1961934],[-8.5712458,41.1962167],[-8.5713213,41.196215],[-8.5713631,41.1962001],[-8.571405,41.1961764],[-8.5714395,41.1961349],[-8.5714752,41.1960775],[-8.5714819,41.1960018],[-8.5714924,41.1958994],[-8.5714876,41.1957639],[-8.5714889,41.1956297],[-8.5714707,41.1955627],[-8.5714528,41.1955369],[-8.5712691,41.1952995],[-8.5715761,41.1951808],[-8.5717215,41.1954878],[-8.5718158,41.1956383],[-8.571966,41.1958473],[-8.5721686,41.1960646],[-8.5723457,41.1962355],[-8.5726496,41.1964746],[-8.5729141,41.1966378],[-8.5731233,41.1967472],[-8.573206,41.1967905],[-8.5735458,41.1969274],[-8.5738075,41.1970111],[-8.5740293,41.1970674],[-8.57403,41.197059],[-8.57403,41.197059],[-8.5740619,41.196669],[-8.5740674,41.1966023],[-8.5741647,41.1965303],[-8.5742599,41.1964896],[-8.5744633,41.1964685],[-8.5747506,41.1964638],[-8.5750043,41.1964652],[-8.5750726,41.1964333],[-8.5752448,41.1965368],[-8.5755768,41.1967004],[-8.5756974,41.1967599],[-8.5756935,41.1967281],[-8.575673,41.1965626],[-8.5758761,41.1963621],[-8.5763231,41.1964817],[-8.5763759,41.1964925],[-8.5765875,41.1960764],[-8.5773467,41.1950149],[-8.5777664,41.1945016],[-8.5784068,41.1938579],[-8.5791717,41.1932574],[-8.5793216,41.1931112],[-8.5795316,41.1927738],[-8.5799498,41.1919117],[-8.5800559,41.1916408],[-8.5802252,41.1911284],[-8.5804195,41.1903919],[-8.5806008,41.1895451],[-8.5806411,41.189329],[-8.5806774,41.1889605],[-8.5806663,41.1885955],[-8.5806973,41.1885951],[-8.5809901,41.188591],[-8.5810055,41.1883041],[-8.5809955,41.1881151],[-8.5809776,41.1878973],[-8.5809778,41.1873073],[-8.5815184,41.1874226],[-8.5816065,41.1869543],[-8.5816653,41.1867162],[-8.5818998,41.1862687],[-8.5820444,41.1859552],[-8.5822223,41.1854428],[-8.5822944,41.1852666],[-8.5823179,41.1851958],[-8.5824348,41.1848696],[-8.5823717,41.1848507],[-8.5825893,41.1844809],[-8.582807,41.1841007],[-8.5827288,41.1839887],[-8.5830169,41.1834051],[-8.5832359,41.1827993],[-8.5834821,41.1822388],[-8.5835351,41.182103],[-8.5836634,41.1821322],[-8.5837066,41.182069],[-8.5837973,41.1817507],[-8.5838347,41.1816604],[-8.5838978,41.1814964],[-8.5839896,41.1815166],[-8.5841066,41.1815162],[-8.5841105,41.1813613],[-8.5841103,41.1813613],[-8.5839085,41.1813594],[-8.5837228,41.1813055],[-8.5836836,41.1812882],[-8.5836632,41.181279],[-8.5833445,41.1811457],[-8.5832927,41.1811189],[-8.583223,41.181089],[-8.5831186,41.1810211],[-8.5829236,41.1809203],[-8.5826769,41.1808152],[-8.5824815,41.180704],[-8.5822929,41.1806214],[-8.5820414,41.1805101],[-8.5819383,41.1804892],[-8.5816429,41.1804287],[-8.5812821,41.1804658],[-8.581004,41.180517],[-8.5808511,41.1805173],[-8.5805997,41.180538],[-8.5802529,41.1806046],[-8.5798918,41.18063],[-8.5795355,41.1806564],[-8.5792403,41.1806913],[-8.5788953,41.1807272],[-8.5785536,41.1807558],[-8.5782488,41.1807838],[-8.5778893,41.1808246],[-8.5775573,41.1808677],[-8.5772276,41.1809019],[-8.5769905,41.1809098],[-8.5767664,41.1809217],[-8.5765636,41.180939],[-8.5764253,41.1809551],[-8.576384,41.18096],[-8.576182,41.1809535],[-8.5759609,41.180888],[-8.5757456,41.180781],[-8.5754656,41.1806516],[-8.5753969,41.1806378],[-8.5752117,41.1805664],[-8.5749538,41.1804431],[-8.5748683,41.1804007],[-8.5747085,41.1803217],[-8.5744988,41.1802085],[-8.5742733,41.180094],[-8.5740123,41.179979],[-8.5735336,41.1797547],[-8.5734733,41.1797181],[-8.5733353,41.1796617],[-8.5732036,41.1796082],[-8.5729165,41.179499],[-8.5726709,41.1794161],[-8.5724079,41.179333],[-8.5722105,41.1792676],[-8.5719969,41.179188],[-8.5718607,41.1791531],[-8.5717125,41.1791151],[-8.571575,41.1790036],[-8.5710749,41.1788404],[-8.5708352,41.1787838],[-8.5706181,41.1787006],[-8.570341,41.1786262],[-8.5700292,41.1785095],[-8.569741,41.1784374],[-8.5695432,41.1783596],[-8.5693653,41.1782962],[-8.5691881,41.1782338],[-8.5690029,41.1781107],[-8.5688382,41.1779923],[-8.5686374,41.1778608],[-8.5683812,41.1776821],[-8.568206,41.1775502],[-8.5678327,41.1772845],[-8.567544,41.1770521],[-8.5672642,41.1768453],[-8.5670108,41.1766524],[-8.5663019,41.1761404],[-8.5661926,41.176055],[-8.5661088,41.1759695],[-8.5660552,41.1758923],[-8.5660396,41.1758122],[-8.566043,41.1757551],[-8.5660765,41.1756891],[-8.5662873,41.1754823],[-8.566758,41.1750539],[-8.5674997,41.1743759],[-8.5677593,41.1741343],[-8.5678343,41.1740139],[-8.5678639,41.1739193],[-8.5678668,41.1737792],[-8.5678164,41.1736018],[-8.5675088,41.1728989],[-8.567455,41.1727818],[-8.5672011,41.1722188],[-8.5671166,41.1720189],[-8.5670776,41.1718589],[-8.5670767,41.1717301],[-8.5671097,41.1715699],[-8.567183,41.1714478],[-8.5672625,41.1713554],[-8.5673387,41.1712891],[-8.5674328,41.171213],[-8.5676089,41.1711276],[-8.5683638,41.1708243],[-8.5694687,41.1703799],[-8.569525,41.1703572],[-8.5695576,41.1703442],[-8.5701864,41.1700913],[-8.5702994,41.1700178],[-8.5703953,41.1699088],[-8.5704446,41.1698461],[-8.5704827,41.1697583],[-8.5704848,41.1697504],[-8.5705151,41.1696453],[-8.5707272,41.1682934],[-8.570751,41.1681388],[-8.5707336,41.1680175],[-8.5706997,41.1679071],[-8.5706133,41.1677946],[-8.5704965,41.1676906],[-8.5703496,41.1676118],[-8.5702277,41.1675665],[-8.5700836,41.1675208],[-8.5696275,41.1675145],[-8.5687627,41.1675258],[-8.5685497,41.1675078],[-8.5684113,41.1674794],[-8.5681812,41.1673899],[-8.5678571,41.1672643],[-8.5670152,41.1669419],[-8.5669166,41.166897],[-8.5668671,41.1668642],[-8.5665936,41.1664221],[-8.5662421,41.1659362],[-8.5660445,41.1656471],[-8.5660088,41.1655361],[-8.5659869,41.1653834],[-8.5659793,41.1652992],[-8.5657636,41.1642629],[-8.5657491,41.1641945],[-8.5657191,41.1638683],[-8.5656888,41.1634895],[-8.5656656,41.1631527],[-8.5656802,41.1627002],[-8.5656604,41.1624667],[-8.5656427,41.1622811],[-8.5656523,41.1620804],[-8.5657365,41.1618958],[-8.5659832,41.1614363],[-8.566013,41.1613791],[-8.5654655,41.161019],[-8.5647665,41.1606052],[-8.5641131,41.1601721],[-8.5640872,41.1601547],[-8.5629466,41.1591218],[-8.5627935,41.1589843],[-8.5623539,41.1586701],[-8.5617159,41.1581839],[-8.561273,41.1578465],[-8.5590589,41.1563758],[-8.5587344,41.1561437],[-8.5586906,41.1561974],[-8.5585115,41.156489],[-8.5585483,41.1567722],[-8.5585479,41.1570321],[-8.5581746,41.1575783],[-8.5579858,41.1578173],[-8.5577131,41.1580704],[-8.557666,41.1580945],[-8.5570767,41.1583946],[-8.5569233,41.1584729],[-8.5559903,41.1589203],[-8.5553555,41.1592184],[-8.5549438,41.1594906],[-8.5547356,41.1596231],[-8.5545048,41.1597106],[-8.5541369,41.1598278],[-8.5533793,41.1600579],[-8.552836,41.1602827],[-8.5521935,41.1604354],[-8.551171,41.1605544],[-8.5498116,41.1607327],[-8.5496302,41.1608648],[-8.5489852,41.1614029],[-8.5480817,41.1620817],[-8.5476634,41.1624003],[-8.547274,41.1628269],[-8.5472579,41.1629241],[-8.5471766,41.1630304],[-8.5471214,41.1634021],[-8.5471069,41.1635329],[-8.5470502,41.1636752],[-8.5469981,41.1639483],[-8.5469569,41.1641024],[-8.5469241,41.1641589],[-8.5468484,41.1643672],[-8.546769,41.1646619],[-8.5467419,41.1648518],[-8.5467293,41.1649454],[-8.5467401,41.1650755],[-8.546746,41.165183],[-8.5467726,41.1653627],[-8.5467854,41.1654029],[-8.54715,41.1665184],[-8.5467453,41.1663626],[-8.5467553,41.1663994],[-8.5468411,41.1667208],[-8.5468453,41.1668491],[-8.5468168,41.1670575],[-8.5467035,41.1674063],[-8.5464335,41.1681096],[-8.5463434,41.1681099],[-8.545697,41.1680911],[-8.5457934,41.1681665],[-8.5457481,41.1682263],[-8.5457363,41.1682629],[-8.5457669,41.1683109],[-8.5457945,41.1683407],[-8.5458131,41.1684025],[-8.5458134,41.1684483],[-8.5457954,41.1684805],[-8.5457624,41.1685473],[-8.5457779,41.1685977],[-8.5457477,41.1686208],[-8.5457632,41.1686711],[-8.5455388,41.1691947],[-8.5455698,41.1695038],[-8.5433482,41.1717303],[-8.5430611,41.1720097],[-8.5422148,41.1727677],[-8.5413521,41.1737775],[-8.541361,41.1740979],[-8.5406812,41.1748899],[-8.540255,41.1751455],[-8.5397999,41.1753004],[-8.5393768,41.1754443],[-8.5391817,41.1755187],[-8.5357323,41.1783699]]]}},{"type":"Feature","properties":{"nome":"União das freguesias de Fânzeres e São Pedro da Cova","municipio":"Gondomar","municipio_short":"GDM","dicofre":"130413","area_km2":21.96,"area_ha":2196.19,"populacao":26352,"populacao_fonte":"estimated","densidade":1200,"num_escolas":13,"num_parques":5,"area_verde_m2":158112,"comboios_ativos":1,"camara_nome":"Câmara Municipal de Gondomar","camara_email":"geral@cm-gondomar.pt","camara_url":"https://www.cm-gondomar.pt","escudo_url":null,"cor_principal":"#A88838","centroide":[-8.524390281861578,41.160523012887815],"_todo":["Replace estimated populacao with real INE 2021 BGRI","Add real num_escolas (Censo + DGEEC)","Add real area_verde_m2 (Câmara dataset)","Add real comboios_ativos (Bicis Sapiens registry)","Add escudo_url (Wikimedia Commons SVG)","Verify cor_principal against actual heraldic blazon"]},"geometry":{"type":"Polygon","coordinates":[[[-8.5533793,41.1600579],[-8.5532508,41.1588626],[-8.5526135,41.1582071],[-8.5531579,41.1581724],[-8.553948,41.1581417],[-8.5544042,41.1581107],[-8.5544575,41.157873],[-8.5544806,41.1576518],[-8.5546848,41.157482],[-8.5548517,41.1573184],[-8.5547453,41.1571284],[-8.5546492,41.1569456],[-8.5546733,41.1566947],[-8.5546733,41.1564108],[-8.5546343,41.1561473],[-8.554505,41.1558639],[-8.5544205,41.1555538],[-8.5543441,41.1552522],[-8.5543214,41.1549386],[-8.5544409,41.1546655],[-8.5546662,41.154477],[-8.5546798,41.1544365],[-8.554524,41.1544539],[-8.5543774,41.1544091],[-8.5542606,41.1543668],[-8.5541409,41.1543309],[-8.5539912,41.1542842],[-8.5538356,41.1542372],[-8.5537518,41.1542173],[-8.5536532,41.1541884],[-8.5535278,41.1541888],[-8.5533365,41.154176],[-8.5531392,41.1541495],[-8.5529027,41.1540761],[-8.5526092,41.1539393],[-8.5525194,41.1538946],[-8.5524087,41.153886],[-8.5523461,41.1539132],[-8.5521709,41.1542158],[-8.552098,41.1543519],[-8.552009,41.1544178],[-8.5518715,41.154416],[-8.5489813,41.1541826],[-8.5484736,41.1542123],[-8.548094,41.153878],[-8.5480026,41.1537534],[-8.5467644,41.1520434],[-8.542852,41.1549958],[-8.5424541,41.1552775],[-8.5414185,41.1563378],[-8.5412881,41.1562401],[-8.5411335,41.1560887],[-8.5408093,41.1558335],[-8.5404749,41.1557208],[-8.5399502,41.1556146],[-8.5393056,41.155419],[-8.5389717,41.1553302],[-8.5382947,41.1547866],[-8.5377801,41.1544035],[-8.5371483,41.1540641],[-8.5370424,41.1539059],[-8.5367752,41.1539341],[-8.5367293,41.15391],[-8.5365472,41.1536679],[-8.5362843,41.1534787],[-8.5360534,41.1534877],[-8.5357635,41.1535643],[-8.5356321,41.1536338],[-8.5355247,41.1537459],[-8.5354438,41.1538232],[-8.5353442,41.1539301],[-8.5351234,41.1539461],[-8.5350036,41.1539921],[-8.5348727,41.1540331],[-8.5347227,41.1540688],[-8.5344803,41.1540767],[-8.5339818,41.1540047],[-8.5338587,41.1539505],[-8.5323206,41.1540648],[-8.5319322,41.1540938],[-8.5317301,41.15407],[-8.5309398,41.1540617],[-8.5307341,41.1539834],[-8.5302202,41.154082],[-8.5256573,41.1548394],[-8.5245784,41.1551937],[-8.5228693,41.155558],[-8.5226909,41.1553732],[-8.5225118,41.1549275],[-8.5219146,41.1548651],[-8.5218481,41.1549249],[-8.5217457,41.1550865],[-8.5216431,41.155294],[-8.5215587,41.1554046],[-8.5214251,41.1554788],[-8.5212978,41.1555481],[-8.5208729,41.1557129],[-8.5208361,41.1557091],[-8.5204499,41.1557419],[-8.5191821,41.1558748],[-8.5181643,41.1560127],[-8.5180496,41.156068],[-8.5179805,41.1559355],[-8.5179004,41.1558045],[-8.5177993,41.15566],[-8.5177256,41.1555101],[-8.5174364,41.1550611],[-8.5173256,41.1547621],[-8.5172526,41.1545659],[-8.5171753,41.1542415],[-8.5171443,41.1540992],[-8.5171281,41.1538998],[-8.5169709,41.1533186],[-8.5169013,41.1530137],[-8.5168512,41.1528338],[-8.5167041,41.1524193],[-8.5166329,41.1522168],[-8.5165434,41.1519721],[-8.5164999,41.1517266],[-8.5164733,41.1515145],[-8.5164481,41.1510588],[-8.5164953,41.1508163],[-8.5165318,41.1504606],[-8.516458,41.1501927],[-8.5163589,41.1499595],[-8.5162439,41.1496295],[-8.5162196,41.1493674],[-8.5162706,41.1490312],[-8.5164048,41.1487857],[-8.5164469,41.1487113],[-8.5166366,41.148483],[-8.5168915,41.1482255],[-8.5171983,41.1479525],[-8.5173932,41.1476997],[-8.5175781,41.1474588],[-8.5176847,41.1471658],[-8.5177366,41.1468332],[-8.5178659,41.1459811],[-8.5180356,41.1453844],[-8.5182657,41.1448538],[-8.5186921,41.1442426],[-8.5188562,41.1439401],[-8.5189529,41.1437402],[-8.5190039,41.143421],[-8.5190019,41.1427962],[-8.5190082,41.1415921],[-8.5189547,41.1412574],[-8.5188468,41.1410361],[-8.5186453,41.1407596],[-8.51854,41.1401638],[-8.5184126,41.1393282],[-8.5183962,41.1391533],[-8.5183671,41.1388036],[-8.5183108,41.1383353],[-8.5182871,41.1381758],[-8.5182325,41.1378514],[-8.5181623,41.1374529],[-8.5181307,41.1372135],[-8.5181298,41.1370483],[-8.5180834,41.1368549],[-8.518021,41.1364904],[-8.5177215,41.1356701],[-8.5177004,41.1356026],[-8.5172282,41.1349434],[-8.5164542,41.1340343],[-8.5160919,41.1336311],[-8.5159056,41.1333132],[-8.5157241,41.1328969],[-8.5157228,41.1326977],[-8.5156627,41.1322983],[-8.5154255,41.1307785],[-8.5152704,41.1300326],[-8.5151718,41.1294119],[-8.5126007,41.1296725],[-8.5087573,41.1277496],[-8.5049542,41.1264621],[-8.5046293,41.126352],[-8.5042471,41.1262252],[-8.5038374,41.1261996],[-8.5031265,41.1261191],[-8.5024489,41.126033],[-8.5014922,41.1259435],[-8.5004052,41.1257497],[-8.5001422,41.125768],[-8.4985958,41.1257357],[-8.4968399,41.1257529],[-8.4962965,41.125758],[-8.496062,41.1258178],[-8.4957198,41.1258487],[-8.4947993,41.1257183],[-8.4939329,41.1256597],[-8.4915721,41.1254017],[-8.4886216,41.1264185],[-8.4882352,41.1266028],[-8.4880416,41.1266586],[-8.4804087,41.126462],[-8.4785672,41.1264493],[-8.4764636,41.12728],[-8.4706972,41.1296646],[-8.4707162,41.129709],[-8.4712958,41.130505],[-8.4717566,41.1313924],[-8.473022,41.1345475],[-8.473972,41.1360496],[-8.4709685,41.1407644],[-8.4741546,41.1420892],[-8.4758538,41.1429779],[-8.4765884,41.1434755],[-8.4771192,41.1438679],[-8.4778821,41.1445864],[-8.4779795,41.1450379],[-8.4781834,41.1451525],[-8.4784027,41.1456036],[-8.4791905,41.1458991],[-8.4795712,41.1460998],[-8.4800739,41.1463097],[-8.4806171,41.1464906],[-8.4811876,41.1466907],[-8.4817448,41.1469485],[-8.4820986,41.1471973],[-8.4823912,41.1474532],[-8.4833692,41.1467104],[-8.4843723,41.1462322],[-8.4860856,41.1459985],[-8.4878632,41.1457554],[-8.4889585,41.1456424],[-8.4897178,41.1454207],[-8.4906129,41.1454113],[-8.4920834,41.1453405],[-8.4943765,41.1457471],[-8.4944276,41.1461279],[-8.4943778,41.1464571],[-8.4942119,41.1467592],[-8.4944976,41.1471329],[-8.4946029,41.1475255],[-8.4946712,41.148229],[-8.4948557,41.1489504],[-8.4948716,41.1510727],[-8.4955992,41.1569325],[-8.4957229,41.1594222],[-8.4976469,41.1631772],[-8.4986455,41.1650416],[-8.5006842,41.1696261],[-8.5033686,41.1736813],[-8.5053867,41.1771061],[-8.5063322,41.1783773],[-8.5068766,41.1792714],[-8.5074682,41.1802825],[-8.5078925,41.1813494],[-8.5082307,41.1819674],[-8.5086146,41.1824273],[-8.5087469,41.1828023],[-8.5089447,41.1832495],[-8.5096461,41.1839783],[-8.5099654,41.1845371],[-8.5105645,41.1852399],[-8.5117134,41.1861583],[-8.5125545,41.1868867],[-8.5132265,41.1873389],[-8.5143003,41.1885308],[-8.5144598,41.188774],[-8.5146155,41.1891654],[-8.5150858,41.1897329],[-8.5154804,41.1897213],[-8.5156812,41.1896916],[-8.5163693,41.189646],[-8.5166342,41.1896234],[-8.5167706,41.1896086],[-8.5170431,41.1895796],[-8.5185017,41.1894236],[-8.5189816,41.1899333],[-8.5191011,41.1902221],[-8.5189969,41.1902728],[-8.5195751,41.1903525],[-8.520633,41.1904651],[-8.5210039,41.190492],[-8.52121,41.1905068],[-8.5224593,41.1904882],[-8.5232415,41.1900447],[-8.5236647,41.1895255],[-8.52374,41.1894408],[-8.5242604,41.1894801],[-8.5242701,41.1894768],[-8.5245863,41.1893629],[-8.5248354,41.1892168],[-8.5251032,41.1889978],[-8.5252283,41.1887039],[-8.5255335,41.1884878],[-8.5256067,41.1884362],[-8.5257031,41.1884519],[-8.5257891,41.1884887],[-8.5260712,41.1877874],[-8.5259039,41.1876874],[-8.5258576,41.1875695],[-8.5259998,41.1873383],[-8.5260118,41.1873012],[-8.5260113,41.1872226],[-8.526425,41.1867583],[-8.526492,41.1866887],[-8.5265709,41.1865867],[-8.5266989,41.1864566],[-8.5269428,41.1862709],[-8.5270403,41.1861825],[-8.5271317,41.1861313],[-8.5272356,41.1860847],[-8.5271368,41.1859416],[-8.5272345,41.1858996],[-8.5277042,41.185602],[-8.5276749,41.1855582],[-8.5273899,41.1850815],[-8.5275112,41.1849837],[-8.527588,41.1848912],[-8.527626,41.1847596],[-8.5277085,41.1845595],[-8.5280626,41.183468],[-8.5281824,41.1835058],[-8.5281471,41.1834308],[-8.5281695,41.1834006],[-8.5282593,41.1833947],[-8.5283926,41.1833565],[-8.5284981,41.1833399],[-8.5284487,41.1831054],[-8.5286321,41.183063],[-8.5287657,41.1830303],[-8.5293904,41.1828757],[-8.5292294,41.1825847],[-8.5292234,41.1825144],[-8.5292405,41.1824946],[-8.5292285,41.1823127],[-8.529265,41.1821183],[-8.5292803,41.1820009],[-8.529349,41.181851],[-8.5294384,41.1817683],[-8.5295785,41.181725],[-8.5296957,41.1816556],[-8.5298402,41.1815382],[-8.5298928,41.1814853],[-8.529934,41.1814581],[-8.5299408,41.1814568],[-8.5300103,41.1814202],[-8.530133,41.1813508],[-8.5302328,41.1813057],[-8.5302771,41.1812856],[-8.5313376,41.180783],[-8.5315083,41.1806969],[-8.5316248,41.1806631],[-8.5317137,41.1806471],[-8.5317923,41.1806313],[-8.5318676,41.1806181],[-8.5325277,41.1793768],[-8.5325902,41.1792607],[-8.5329223,41.1787658],[-8.5331621,41.1784543],[-8.5331952,41.1784572],[-8.5332067,41.1781137],[-8.5331987,41.1779584],[-8.5332529,41.177714],[-8.5333781,41.1773101],[-8.5348096,41.1779517],[-8.5357323,41.1783699],[-8.5391817,41.1755187],[-8.5393768,41.1754443],[-8.5397999,41.1753004],[-8.540255,41.1751455],[-8.5406812,41.1748899],[-8.541361,41.1740979],[-8.5413521,41.1737775],[-8.5422148,41.1727677],[-8.5430611,41.1720097],[-8.5433482,41.1717303],[-8.5455698,41.1695038],[-8.5455388,41.1691947],[-8.5457632,41.1686711],[-8.5457477,41.1686208],[-8.5457779,41.1685977],[-8.5457624,41.1685473],[-8.5457954,41.1684805],[-8.5458134,41.1684483],[-8.5458131,41.1684025],[-8.5457945,41.1683407],[-8.5457669,41.1683109],[-8.5457363,41.1682629],[-8.5457481,41.1682263],[-8.5457934,41.1681665],[-8.545697,41.1680911],[-8.5463434,41.1681099],[-8.5464335,41.1681096],[-8.5467035,41.1674063],[-8.5468168,41.1670575],[-8.5468453,41.1668491],[-8.5468411,41.1667208],[-8.5467553,41.1663994],[-8.5467453,41.1663626],[-8.54715,41.1665184],[-8.5467854,41.1654029],[-8.5467726,41.1653627],[-8.546746,41.165183],[-8.5467401,41.1650755],[-8.5467293,41.1649454],[-8.5467419,41.1648518],[-8.546769,41.1646619],[-8.5468484,41.1643672],[-8.5469241,41.1641589],[-8.5469569,41.1641024],[-8.5469981,41.1639483],[-8.5470502,41.1636752],[-8.5471069,41.1635329],[-8.5471214,41.1634021],[-8.5471766,41.1630304],[-8.5472579,41.1629241],[-8.547274,41.1628269],[-8.5476634,41.1624003],[-8.5480817,41.1620817],[-8.5489852,41.1614029],[-8.5496302,41.1608648],[-8.5498116,41.1607327],[-8.551171,41.1605544],[-8.5521935,41.1604354],[-8.552836,41.1602827],[-8.5533793,41.1600579]]]}},{"type":"Feature","properties":{"nome":"União das freguesias de Foz do Sousa e Covelo","municipio":"Gondomar","municipio_short":"GDM","dicofre":"130414","area_km2":30.24,"area_ha":3023.77,"populacao":36288,"populacao_fonte":"estimated","densidade":1200,"num_escolas":18,"num_parques":7,"area_verde_m2":254016,"comboios_ativos":2,"camara_nome":"Câmara Municipal de Gondomar","camara_email":"geral@cm-gondomar.pt","camara_url":"https://www.cm-gondomar.pt","escudo_url":null,"cor_principal":"#7A4F2A","centroide":[-8.47504255762712,41.09694941977397],"_todo":["Replace estimated populacao with real INE 2021 BGRI","Add real num_escolas (Censo + DGEEC)","Add real area_verde_m2 (Câmara dataset)","Add real comboios_ativos (Bicis Sapiens registry)","Add escudo_url (Wikimedia Commons SVG)","Verify cor_principal against actual heraldic blazon"]},"geometry":{"type":"Polygon","coordinates":[[[-8.5171259,41.0755295],[-8.5166137,41.0749739],[-8.5161028,41.0744372],[-8.5153775,41.073723],[-8.5138539,41.0726341],[-8.5135129,41.0724892],[-8.5112889,41.071617],[-8.5102302,41.0712574],[-8.5091934,41.0709809],[-8.5083053,41.0707874],[-8.5073957,41.0705807],[-8.5066135,41.0704283],[-8.5056659,41.0703413],[-8.5046102,41.070316],[-8.5040488,41.0702953],[-8.5033525,41.0703164],[-8.5029184,41.0703412],[-8.5000859,41.0704639],[-8.4992827,41.0704989],[-8.4961344,41.0708969],[-8.493056,41.0713704],[-8.4922521,41.0715318],[-8.4900903,41.0719666],[-8.4891335,41.0722433],[-8.4868336,41.0727636],[-8.4858557,41.0730478],[-8.485368,41.073168],[-8.485204,41.0732273],[-8.4847667,41.073386],[-8.4842378,41.0736245],[-8.4836762,41.0739196],[-8.4829852,41.0742611],[-8.4820078,41.0746206],[-8.4810538,41.074874],[-8.4798404,41.0751396],[-8.4792471,41.0753142],[-8.4788386,41.0754344],[-8.4775521,41.0756139],[-8.4765697,41.0757257],[-8.4755332,41.0758648],[-8.4745054,41.0759398],[-8.4737122,41.0759342],[-8.4725648,41.0757835],[-8.470453,41.0753109],[-8.470096,41.0751633],[-8.4695962,41.074909],[-8.4688758,41.0745411],[-8.4679458,41.0740073],[-8.4672124,41.0735698],[-8.4667815,41.0732219],[-8.465584,41.0716116],[-8.4645963,41.072216],[-8.464407,41.0723238],[-8.4640857,41.0724948],[-8.4636709,41.0726636],[-8.463486,41.0727244],[-8.4634681,41.07379],[-8.4634385,41.0741312],[-8.4634316,41.0742606],[-8.4635029,41.0745367],[-8.4631919,41.0745142],[-8.4629741,41.0744853],[-8.4627565,41.0744567],[-8.4627644,41.0744977],[-8.4628274,41.074668],[-8.4628593,41.0748385],[-8.4629222,41.0749678],[-8.462276,41.0760144],[-8.4621293,41.0761662],[-8.4620633,41.0762136],[-8.4620874,41.0763295],[-8.4618765,41.0764643],[-8.4618404,41.0763569],[-8.4616133,41.0765098],[-8.4613095,41.076634],[-8.4607833,41.0768128],[-8.4603947,41.0768878],[-8.4600229,41.0770296],[-8.4597179,41.0771863],[-8.4595758,41.0772462],[-8.4593343,41.0772845],[-8.4591142,41.0773658],[-8.4589861,41.0773876],[-8.4587796,41.0773344],[-8.4585519,41.0773351],[-8.4582104,41.0772876],[-8.4579542,41.0772613],[-8.4575988,41.0772893],[-8.4574142,41.077376],[-8.4572795,41.0774892],[-8.4571316,41.0777426],[-8.4569975,41.0779746],[-8.4568415,41.0780881],[-8.4566571,41.0781747],[-8.4563941,41.0782292],[-8.4560462,41.0781824],[-8.4560373,41.0781816],[-8.455789,41.0781288],[-8.4556383,41.0780744],[-8.4555283,41.07791],[-8.4553891,41.0778176],[-8.4552894,41.0777965],[-8.4544142,41.0777182],[-8.4537857,41.0776006],[-8.4535172,41.0775941],[-8.4532821,41.0776119],[-8.45312,41.0777539],[-8.4530279,41.0778889],[-8.4529438,41.0781312],[-8.4529164,41.0783522],[-8.452627,41.0787781],[-8.452068,41.0794041],[-8.4520055,41.0797271],[-8.4515583,41.0799006],[-8.4513234,41.0798956],[-8.4510948,41.0796703],[-8.4511366,41.0794874],[-8.4510767,41.0793936],[-8.4509582,41.0794201],[-8.450676,41.0791904],[-8.4502977,41.0794095],[-8.4491496,41.0795826],[-8.4483874,41.0796866],[-8.4476972,41.0797695],[-8.4472613,41.0798042],[-8.4445869,41.079336],[-8.4438768,41.0792115],[-8.442239,41.0796954],[-8.4419239,41.0797042],[-8.4414203,41.0797288],[-8.4410283,41.0797533],[-8.4407907,41.079828],[-8.4393269,41.0802427],[-8.4378863,41.0855192],[-8.4368112,41.0867135],[-8.4374287,41.0869296],[-8.4387205,41.0884743],[-8.4387773,41.0885467],[-8.4389875,41.0889432],[-8.4395189,41.0894046],[-8.4404418,41.0898769],[-8.440999,41.0903639],[-8.4418621,41.0910088],[-8.4425399,41.0916068],[-8.4428728,41.0919655],[-8.4432889,41.0924298],[-8.443616,41.0929415],[-8.4439947,41.0935309],[-8.4442903,41.0940203],[-8.4445824,41.094397],[-8.4451999,41.0952255],[-8.445901,41.0960271],[-8.4464796,41.0974958],[-8.4465103,41.0975852],[-8.4466158,41.0978908],[-8.447275,41.098448],[-8.4481934,41.0992502],[-8.4487076,41.0999379],[-8.4491053,41.1002675],[-8.4494141,41.1007664],[-8.4497349,41.1015564],[-8.4499181,41.1023601],[-8.4504599,41.1031376],[-8.4507222,41.103579],[-8.4509672,41.1041709],[-8.4515485,41.1048179],[-8.4520703,41.1054409],[-8.4527722,41.1066822],[-8.4537025,41.1078595],[-8.4545926,41.1089243],[-8.4552815,41.1096092],[-8.4559621,41.1116349],[-8.4564538,41.1131078],[-8.4568694,41.1140221],[-8.4574052,41.1149896],[-8.457363,41.1156179],[-8.4590798,41.116009],[-8.4611011,41.1156108],[-8.4611557,41.1156154],[-8.4612094,41.1156473],[-8.461514,41.115723],[-8.4618324,41.1157955],[-8.4621266,41.1158025],[-8.462321,41.1157902],[-8.4625459,41.1157631],[-8.4628327,41.1157307],[-8.4631089,41.1157302],[-8.4631408,41.1157321],[-8.4634387,41.1158187],[-8.4634676,41.1158299],[-8.4634989,41.1158346],[-8.4635625,41.1158305],[-8.4635918,41.1158259],[-8.4636222,41.1158278],[-8.4636743,41.1158561],[-8.4637003,41.1158732],[-8.4637255,41.1158872],[-8.4638779,41.1160377],[-8.4640546,41.1162333],[-8.464288,41.1163922],[-8.4645176,41.1165434],[-8.4647111,41.1167151],[-8.4648612,41.11693],[-8.4649918,41.1171381],[-8.4651101,41.117346],[-8.4652563,41.117554],[-8.4654203,41.1177441],[-8.4654722,41.1178348],[-8.4654788,41.1178576],[-8.465494,41.1180039],[-8.4655027,41.1180295],[-8.4655054,41.1180517],[-8.4655074,41.1180742],[-8.4655116,41.1180964],[-8.4655464,41.1181742],[-8.465563,41.1182004],[-8.4656687,41.1182904],[-8.4656949,41.1183133],[-8.4657672,41.1184164],[-8.4657842,41.1184426],[-8.4658315,41.1184852],[-8.465858,41.1185047],[-8.4658989,41.1185449],[-8.4660256,41.1187531],[-8.4661819,41.1189678],[-8.4663455,41.1191632],[-8.4665072,41.1193585],[-8.4668216,41.1197558],[-8.4669845,41.1199512],[-8.4671328,41.1201465],[-8.4672829,41.1203481],[-8.4674056,41.1205498],[-8.4674953,41.1207834],[-8.4675009,41.1208092],[-8.4674998,41.1208312],[-8.4674908,41.1210158],[-8.4674284,41.1212478],[-8.4674171,41.1212738],[-8.467407,41.1213253],[-8.4674065,41.1213512],[-8.4674838,41.1215328],[-8.4676292,41.1217346],[-8.4677364,41.1219681],[-8.4677451,41.1219942],[-8.4677694,41.1221236],[-8.4677776,41.1221494],[-8.4678737,41.1222797],[-8.4680452,41.122488],[-8.4682187,41.1226966],[-8.468238,41.1227226],[-8.4683385,41.1229044],[-8.4683981,41.1229794],[-8.468418,41.1230047],[-8.4685002,41.123238],[-8.4685898,41.1234715],[-8.4686735,41.1236916],[-8.4687419,41.1238414],[-8.4688476,41.1240749],[-8.4690169,41.12429],[-8.4692057,41.1244608],[-8.4694494,41.1246051],[-8.4695595,41.1246923],[-8.4695774,41.1247117],[-8.4696575,41.1249129],[-8.4697678,41.1251464],[-8.4698898,41.1253805],[-8.4700259,41.125608],[-8.4701008,41.1258155],[-8.470139,41.1259968],[-8.4701859,41.1261523],[-8.4702797,41.1263858],[-8.4705568,41.1274005],[-8.470446,41.1282396],[-8.4704155,41.1290067],[-8.4706972,41.1296646],[-8.4764636,41.12728],[-8.4785672,41.1264493],[-8.4804087,41.126462],[-8.4880416,41.1266586],[-8.4882352,41.1266028],[-8.4886216,41.1264185],[-8.4915721,41.1254017],[-8.4939329,41.1256597],[-8.4947993,41.1257183],[-8.4957198,41.1258487],[-8.496062,41.1258178],[-8.4962965,41.125758],[-8.4968399,41.1257529],[-8.4985958,41.1257357],[-8.5001422,41.125768],[-8.5004052,41.1257497],[-8.5014922,41.1259435],[-8.5024489,41.126033],[-8.5031265,41.1261191],[-8.5038374,41.1261996],[-8.5042471,41.1262252],[-8.5046293,41.126352],[-8.5049542,41.1264621],[-8.5049558,41.1262243],[-8.5046234,41.1154749],[-8.5046077,41.1152343],[-8.5046947,41.1145233],[-8.5045366,41.1134454],[-8.5044424,41.1128041],[-8.5028548,41.1072906],[-8.5017239,41.1038237],[-8.5035589,41.1032638],[-8.5045223,41.1030119],[-8.5058468,41.1026241],[-8.507405,41.1020752],[-8.5099005,41.1012034],[-8.5104676,41.1010054],[-8.5114814,41.1006599],[-8.5223824,41.0967174],[-8.5226686,41.0966328],[-8.5227784,41.0965493],[-8.5250674,41.0957071],[-8.5253802,41.0956042],[-8.5251299,41.0950301],[-8.5249187,41.0945434],[-8.5246461,41.0938543],[-8.524482,41.0933585],[-8.5243234,41.0929667],[-8.5241081,41.0923991],[-8.5238597,41.0918279],[-8.5236198,41.0913164],[-8.5234043,41.0908486],[-8.5232714,41.0904912],[-8.5232368,41.0903615],[-8.5231276,41.0899542],[-8.523001,41.0895179],[-8.5228269,41.089095],[-8.5224768,41.0885174],[-8.5220067,41.0876476],[-8.5218678,41.0872159],[-8.5217864,41.0868678],[-8.5217567,41.0864211],[-8.5217414,41.0859332],[-8.5217169,41.085314],[-8.5216601,41.0850817],[-8.5216176,41.0849626],[-8.5216338,41.0849557],[-8.5216138,41.0847366],[-8.5214949,41.0840868],[-8.5211486,41.0830534],[-8.5207338,41.0822075],[-8.5203491,41.0814507],[-8.519976,41.0805615],[-8.5195609,41.0795941],[-8.5191911,41.0787155],[-8.5188728,41.0779981],[-8.5183552,41.0771263],[-8.5177683,41.0762712],[-8.5171516,41.0755574],[-8.5171259,41.0755295]]]}},{"type":"Feature","properties":{"nome":"União das freguesias de Gondomar (São Cosme), Valbom e Jovim","municipio":"Gondomar","municipio_short":"GDM","dicofre":"130415","area_km2":23.32,"area_ha":2331.8,"populacao":27984,"populacao_fonte":"estimated","densidade":1200,"num_escolas":13,"num_parques":5,"area_verde_m2":251856,"comboios_ativos":4,"camara_nome":"Câmara Municipal de Gondomar","camara_email":"geral@cm-gondomar.pt","camara_url":"https://www.cm-gondomar.pt","escudo_url":null,"cor_principal":"#6B3F58","centroide":[-8.54546410234742,41.14034545140841],"_todo":["Replace estimated populacao with real INE 2021 BGRI","Add real num_escolas (Censo + DGEEC)","Add real area_verde_m2 (Câmara dataset)","Add real comboios_ativos (Bicis Sapiens registry)","Add escudo_url (Wikimedia Commons SVG)","Verify cor_principal against actual heraldic blazon"]},"geometry":{"type":"Polygon","coordinates":[[[-8.5049542,41.1264621],[-8.5087573,41.1277496],[-8.5126007,41.1296725],[-8.5151718,41.1294119],[-8.5152704,41.1300326],[-8.5154255,41.1307785],[-8.5156627,41.1322983],[-8.5157228,41.1326977],[-8.5157241,41.1328969],[-8.5159056,41.1333132],[-8.5160919,41.1336311],[-8.5164542,41.1340343],[-8.5172282,41.1349434],[-8.5177004,41.1356026],[-8.5177215,41.1356701],[-8.518021,41.1364904],[-8.5180834,41.1368549],[-8.5181298,41.1370483],[-8.5181307,41.1372135],[-8.5181623,41.1374529],[-8.5182325,41.1378514],[-8.5182871,41.1381758],[-8.5183108,41.1383353],[-8.5183671,41.1388036],[-8.5183962,41.1391533],[-8.5184126,41.1393282],[-8.51854,41.1401638],[-8.5186453,41.1407596],[-8.5188468,41.1410361],[-8.5189547,41.1412574],[-8.5190082,41.1415921],[-8.5190019,41.1427962],[-8.5190039,41.143421],[-8.5189529,41.1437402],[-8.5188562,41.1439401],[-8.5186921,41.1442426],[-8.5182657,41.1448538],[-8.5180356,41.1453844],[-8.5178659,41.1459811],[-8.5177366,41.1468332],[-8.5176847,41.1471658],[-8.5175781,41.1474588],[-8.5173932,41.1476997],[-8.5171983,41.1479525],[-8.5168915,41.1482255],[-8.5166366,41.148483],[-8.5164469,41.1487113],[-8.5164048,41.1487857],[-8.5162706,41.1490312],[-8.5162196,41.1493674],[-8.5162439,41.1496295],[-8.5163589,41.1499595],[-8.516458,41.1501927],[-8.5165318,41.1504606],[-8.5164953,41.1508163],[-8.5164481,41.1510588],[-8.5164733,41.1515145],[-8.5164999,41.1517266],[-8.5165434,41.1519721],[-8.5166329,41.1522168],[-8.5167041,41.1524193],[-8.5168512,41.1528338],[-8.5169013,41.1530137],[-8.5169709,41.1533186],[-8.5171281,41.1538998],[-8.5171443,41.1540992],[-8.5171753,41.1542415],[-8.5172526,41.1545659],[-8.5173256,41.1547621],[-8.5174364,41.1550611],[-8.5177256,41.1555101],[-8.5177993,41.15566],[-8.5179004,41.1558045],[-8.5179805,41.1559355],[-8.5180496,41.156068],[-8.5181643,41.1560127],[-8.5191821,41.1558748],[-8.5204499,41.1557419],[-8.5208361,41.1557091],[-8.5208729,41.1557129],[-8.5212978,41.1555481],[-8.5214251,41.1554788],[-8.5215587,41.1554046],[-8.5216431,41.155294],[-8.5217457,41.1550865],[-8.5218481,41.1549249],[-8.5219146,41.1548651],[-8.5225118,41.1549275],[-8.5226909,41.1553732],[-8.5228693,41.155558],[-8.5245784,41.1551937],[-8.5256573,41.1548394],[-8.5302202,41.154082],[-8.5307341,41.1539834],[-8.5309398,41.1540617],[-8.5317301,41.15407],[-8.5319322,41.1540938],[-8.5323206,41.1540648],[-8.5338587,41.1539505],[-8.5339818,41.1540047],[-8.5344803,41.1540767],[-8.5347227,41.1540688],[-8.5348727,41.1540331],[-8.5350036,41.1539921],[-8.5351234,41.1539461],[-8.5353442,41.1539301],[-8.5354438,41.1538232],[-8.5355247,41.1537459],[-8.5356321,41.1536338],[-8.5357635,41.1535643],[-8.5360534,41.1534877],[-8.5362843,41.1534787],[-8.5365472,41.1536679],[-8.5367293,41.15391],[-8.5367752,41.1539341],[-8.5370424,41.1539059],[-8.5371483,41.1540641],[-8.5377801,41.1544035],[-8.5382947,41.1547866],[-8.5389717,41.1553302],[-8.5393056,41.155419],[-8.5399502,41.1556146],[-8.5404749,41.1557208],[-8.5408093,41.1558335],[-8.5411335,41.1560887],[-8.5412881,41.1562401],[-8.5414185,41.1563378],[-8.5424541,41.1552775],[-8.542852,41.1549958],[-8.5467644,41.1520434],[-8.5480026,41.1537534],[-8.548094,41.153878],[-8.5484736,41.1542123],[-8.5489813,41.1541826],[-8.5518715,41.154416],[-8.552009,41.1544178],[-8.552098,41.1543519],[-8.5521709,41.1542158],[-8.5523461,41.1539132],[-8.5524087,41.153886],[-8.5525194,41.1538946],[-8.5526092,41.1539393],[-8.5529027,41.1540761],[-8.5531392,41.1541495],[-8.5533365,41.154176],[-8.5535278,41.1541888],[-8.5536532,41.1541884],[-8.5537518,41.1542173],[-8.5538356,41.1542372],[-8.5539912,41.1542842],[-8.5541409,41.1543309],[-8.5542606,41.1543668],[-8.5543774,41.1544091],[-8.554524,41.1544539],[-8.5546798,41.1544365],[-8.5546915,41.1535275],[-8.5547375,41.1532077],[-8.5547903,41.1531611],[-8.5549451,41.1529458],[-8.5552894,41.1530113],[-8.5553135,41.1530061],[-8.5559297,41.1528747],[-8.5559399,41.1528724],[-8.5560449,41.1528309],[-8.5561189,41.1528014],[-8.5563038,41.1526936],[-8.556421,41.1526603],[-8.5565879,41.1526081],[-8.556711,41.1525421],[-8.5568181,41.152437],[-8.5568634,41.1523933],[-8.5569407,41.1523268],[-8.5570555,41.1522558],[-8.5571426,41.1521575],[-8.5573384,41.1519809],[-8.5573838,41.1519219],[-8.5574607,41.1518136],[-8.5576905,41.1516456],[-8.5577576,41.1515838],[-8.5578882,41.1514781],[-8.5581283,41.1510756],[-8.5581618,41.1510333],[-8.558312,41.1508434],[-8.5584225,41.1507318],[-8.5585434,41.1506455],[-8.5586621,41.1505309],[-8.5587091,41.1504891],[-8.5589693,41.1503824],[-8.559041,41.1503717],[-8.5591902,41.1503681],[-8.5592659,41.1503703],[-8.5594129,41.1503582],[-8.5595004,41.1503412],[-8.5595115,41.1503379],[-8.5595977,41.1503108],[-8.5596809,41.1502669],[-8.5597561,41.1501974],[-8.5598373,41.1501205],[-8.5599083,41.1500725],[-8.5600454,41.1499949],[-8.5600928,41.1499587],[-8.5602707,41.1498105],[-8.5604987,41.1496518],[-8.5605819,41.149611],[-8.5606671,41.1495822],[-8.5607189,41.1495787],[-8.5608165,41.1495874],[-8.5608879,41.1496389],[-8.5612205,41.149758],[-8.5615409,41.1498246],[-8.5621595,41.149696],[-8.5623,41.1496304],[-8.5623632,41.1495571],[-8.5624089,41.1494584],[-8.5624326,41.1493062],[-8.562432,41.1492057],[-8.5624158,41.1490791],[-8.5623807,41.14892],[-8.5623708,41.148831],[-8.5624782,41.1486643],[-8.5624499,41.1486085],[-8.5624276,41.1485454],[-8.5624269,41.1484261],[-8.5624222,41.1481661],[-8.5624373,41.1481075],[-8.5624709,41.148037],[-8.5626674,41.147781],[-8.562732,41.1477409],[-8.56284,41.1476541],[-8.5628863,41.1476001],[-8.562972,41.1474547],[-8.5630305,41.1474004],[-8.5631197,41.1473111],[-8.5631534,41.1472547],[-8.5631652,41.1471517],[-8.5631862,41.147072],[-8.5632045,41.1470297],[-8.5632537,41.1469524],[-8.5633334,41.1468537],[-8.5633792,41.146732],[-8.563419,41.1466848],[-8.5636888,41.1463678],[-8.563823,41.1464728],[-8.563993,41.1465667],[-8.5641499,41.1466306],[-8.5643743,41.1467043],[-8.5647494,41.1468174],[-8.5656869,41.1470789],[-8.5655584,41.1469469],[-8.5652093,41.1467417],[-8.5654204,41.1464716],[-8.5656351,41.14643],[-8.5658458,41.146409],[-8.5661779,41.1463892],[-8.5662883,41.1463513],[-8.5664836,41.1462397],[-8.5665161,41.1462179],[-8.5666083,41.1462311],[-8.5666444,41.1462802],[-8.5666781,41.1464531],[-8.5667083,41.1465135],[-8.5668185,41.1465559],[-8.5670003,41.1466427],[-8.5671971,41.1467474],[-8.5673104,41.1467875],[-8.5675035,41.1468093],[-8.5675838,41.1468067],[-8.5677324,41.1468016],[-8.5677947,41.1468059],[-8.5679497,41.1468202],[-8.5680267,41.1468253],[-8.5681186,41.1468025],[-8.5682454,41.1467305],[-8.5683872,41.1470056],[-8.5684819,41.1471685],[-8.5686017,41.147338],[-8.5686779,41.1473836],[-8.5687693,41.1474131],[-8.56886,41.147404],[-8.5688848,41.1474014],[-8.5689576,41.1473643],[-8.5690211,41.1473133],[-8.5690629,41.1472215],[-8.5691646,41.1469477],[-8.5693773,41.1464941],[-8.5695873,41.1461027],[-8.5696502,41.1459601],[-8.5697404,41.1457966],[-8.5700325,41.1453981],[-8.5700625,41.1453198],[-8.5699878,41.1450466],[-8.5700023,41.1449765],[-8.5700263,41.1449064],[-8.5700775,41.144836],[-8.5702138,41.1447838],[-8.5703688,41.1447832],[-8.5705788,41.1448125],[-8.5707125,41.1448063],[-8.5708581,41.1447537],[-8.5709912,41.1446754],[-8.5711213,41.1445851],[-8.5714423,41.1443886],[-8.5715521,41.1443279],[-8.5718151,41.1442493],[-8.5721247,41.1441817],[-8.5724892,41.1441342],[-8.5728764,41.1441164],[-8.5733093,41.1440829],[-8.5735189,41.144065],[-8.5732679,41.1438003],[-8.5729628,41.1435206],[-8.5727053,41.1432681],[-8.5723295,41.1428855],[-8.5721146,41.142673],[-8.572354,41.1425002],[-8.5726146,41.142325],[-8.5727479,41.1422347],[-8.5728296,41.1422731],[-8.5729006,41.1422071],[-8.5730113,41.1420663],[-8.5732494,41.1417351],[-8.5733081,41.1417866],[-8.5734511,41.1419381],[-8.5736382,41.1421292],[-8.5737666,41.1422553],[-8.5738957,41.1423398],[-8.5743067,41.1417541],[-8.5757526,41.1399711],[-8.5757632,41.1399579],[-8.5750988,41.139199],[-8.5745169,41.1383644],[-8.5745101,41.1383537],[-8.5737582,41.1371411],[-8.5732312,41.1361074],[-8.5729599,41.1354616],[-8.5725743,41.1343907],[-8.5721632,41.1332584],[-8.5717208,41.1315006],[-8.5717036,41.131432],[-8.571211,41.1300676],[-8.5699631,41.1277653],[-8.5688324,41.1261925],[-8.5675272,41.1252391],[-8.5667613,41.1248213],[-8.5653862,41.1245215],[-8.5637723,41.1242929],[-8.5619583,41.1241185],[-8.5603031,41.1240923],[-8.5595618,41.1240891],[-8.5595514,41.1240889],[-8.5587357,41.1240855],[-8.5574037,41.1240668],[-8.5563871,41.1239931],[-8.5561888,41.1239989],[-8.5540919,41.1236848],[-8.5539033,41.1236407],[-8.5516713,41.1231182],[-8.5501411,41.1226917],[-8.5490136,41.1221355],[-8.5477202,41.1210557],[-8.5468096,41.119991],[-8.5456815,41.1187268],[-8.5447184,41.1176325],[-8.5431583,41.1159835],[-8.5421067,41.1147709],[-8.5419844,41.1146298],[-8.5402478,41.1123754],[-8.5392757,41.1108448],[-8.5391359,41.1103976],[-8.5390594,41.1102622],[-8.5389093,41.1100354],[-8.5386319,41.1096406],[-8.5383114,41.109039],[-8.5380202,41.1085208],[-8.5377812,41.1080949],[-8.5374251,41.1075097],[-8.5371474,41.1071352],[-8.536815,41.1067454],[-8.5364302,41.1063286],[-8.5359717,41.1059903],[-8.535559,41.1057695],[-8.5350633,41.1054904],[-8.5344541,41.1051478],[-8.5340197,41.1049512],[-8.5332158,41.1045165],[-8.5325133,41.1040969],[-8.531835,41.1036493],[-8.5317838,41.1036084],[-8.5309278,41.1029549],[-8.5302379,41.1024446],[-8.5298903,41.1021471],[-8.5297506,41.1020272],[-8.5292998,41.1016641],[-8.5288751,41.1013661],[-8.5284549,41.1009714],[-8.5280045,41.1005443],[-8.5276422,41.1001463],[-8.5273652,41.0998034],[-8.5271707,41.0994371],[-8.5269697,41.0990518],[-8.5267104,41.0985131],[-8.5264971,41.0979901],[-8.5262203,41.0973329],[-8.5258874,41.0967384],[-8.5256717,41.0962481],[-8.5253933,41.0956342],[-8.5253802,41.0956042],[-8.5250674,41.0957071],[-8.5227784,41.0965493],[-8.5226686,41.0966328],[-8.5223824,41.0967174],[-8.5114814,41.1006599],[-8.5104676,41.1010054],[-8.5099005,41.1012034],[-8.507405,41.1020752],[-8.5058468,41.1026241],[-8.5045223,41.1030119],[-8.5035589,41.1032638],[-8.5017239,41.1038237],[-8.5028548,41.1072906],[-8.5044424,41.1128041],[-8.5045366,41.1134454],[-8.5046947,41.1145233],[-8.5046077,41.1152343],[-8.5046234,41.1154749],[-8.5049558,41.1262243],[-8.5049542,41.1264621]]]}},{"type":"Feature","properties":{"nome":"União das freguesias de Melres e Medas","municipio":"Gondomar","municipio_short":"GDM","dicofre":"130416","area_km2":27.81,"area_ha":2780.8,"populacao":33372,"populacao_fonte":"estimated","densidade":1200,"num_escolas":16,"num_parques":6,"area_verde_m2":467208,"comboios_ativos":1,"camara_nome":"Câmara Municipal de Gondomar","camara_email":"geral@cm-gondomar.pt","camara_url":"https://www.cm-gondomar.pt","escudo_url":null,"cor_principal":"#2E4F8C","centroide":[-8.41085842948718,41.0765839033654],"_todo":["Replace estimated populacao with real INE 2021 BGRI","Add real num_escolas (Censo + DGEEC)","Add real area_verde_m2 (Câmara dataset)","Add real comboios_ativos (Bicis Sapiens registry)","Add escudo_url (Wikimedia Commons SVG)","Verify cor_principal against actual heraldic blazon"]},"geometry":{"type":"Polygon","coordinates":[[[-8.4283754,41.0365939],[-8.4277844,41.0362956],[-8.4270547,41.035948],[-8.426339,41.0357102],[-8.4254682,41.0356494],[-8.4246597,41.0356425],[-8.4240773,41.0357385],[-8.4232977,41.0360204],[-8.4229091,41.0361954],[-8.4225045,41.0364555],[-8.4219307,41.0368081],[-8.421543,41.0373963],[-8.4214594,41.0378296],[-8.4214759,41.0384221],[-8.4215032,41.0398086],[-8.4214989,41.0410747],[-8.4215025,41.0424658],[-8.4214918,41.0435308],[-8.4214542,41.0453076],[-8.421067,41.0475038],[-8.4207954,41.0488192],[-8.4204008,41.0501662],[-8.4199394,41.0511146],[-8.4195014,41.0518548],[-8.4185904,41.0545268],[-8.4181961,41.0556902],[-8.4181085,41.0559481],[-8.4177162,41.0584422],[-8.4174161,41.0603411],[-8.4171647,41.0621994],[-8.4168785,41.063176],[-8.41692,41.0637541],[-8.4168464,41.0641206],[-8.4165229,41.0647751],[-8.4163289,41.0653923],[-8.4161261,41.0661205],[-8.4160946,41.0667897],[-8.4160095,41.0678648],[-8.4158105,41.0688298],[-8.4156499,41.0696549],[-8.4154826,41.0702153],[-8.4152219,41.0705834],[-8.414976,41.0709524],[-8.4147087,41.0712707],[-8.4141623,41.0717422],[-8.4136094,41.0720216],[-8.4132063,41.0721711],[-8.4127068,41.0722058],[-8.4121321,41.0722117],[-8.411437,41.0722008],[-8.4109674,41.0721785],[-8.4106694,41.0721359],[-8.4102991,41.072054],[-8.4094497,41.0717509],[-8.4089615,41.071436],[-8.4082746,41.0710369],[-8.4078314,41.0707545],[-8.4073313,41.0704945],[-8.4068674,41.0702616],[-8.4065722,41.0700928],[-8.4064242,41.0698898],[-8.4060739,41.0693991],[-8.4059046,41.0690077],[-8.4058826,41.068526],[-8.4059117,41.0680406],[-8.4059314,41.0675174],[-8.4060537,41.0670651],[-8.406059,41.0666779],[-8.4060918,41.0665545],[-8.4061984,41.0658348],[-8.4063026,41.0653565],[-8.4063074,41.0647667],[-8.4062825,41.0644237],[-8.4062878,41.0640788],[-8.4066497,41.0637791],[-8.4068086,41.0628774],[-8.4068432,41.0622189],[-8.4067894,41.0616358],[-8.4064853,41.0601013],[-8.406095,41.0588613],[-8.4055078,41.0575148],[-8.404805,41.056445],[-8.4039489,41.0553531],[-8.4032446,41.0548324],[-8.4026658,41.0543738],[-8.4018734,41.0536038],[-8.401379,41.0531126],[-8.4002768,41.0522741],[-8.3992861,41.0516056],[-8.3989795,41.051426],[-8.3988978,41.0518502],[-8.3986654,41.0523671],[-8.394398,41.0507535],[-8.3896445,41.049941],[-8.3863933,41.0496617],[-8.3853153,41.0495693],[-8.3814092,41.0493187],[-8.3784313,41.0496302],[-8.3752272,41.0501226],[-8.3752957,41.0503313],[-8.3758751,41.0513382],[-8.3767927,41.0518467],[-8.3776861,41.0516718],[-8.3782165,41.0526571],[-8.3784983,41.0528198],[-8.3794249,41.0532193],[-8.3801123,41.0533444],[-8.3803057,41.0533798],[-8.3796817,41.0554664],[-8.3773495,41.0587256],[-8.3773563,41.0587788],[-8.377348,41.0588294],[-8.3773248,41.0588514],[-8.3771379,41.0590549],[-8.3770385,41.0592867],[-8.3769554,41.0595042],[-8.3769382,41.0595284],[-8.3767671,41.0597182],[-8.3767315,41.0597562],[-8.3766249,41.0598749],[-8.3763961,41.0600535],[-8.3761971,41.0602408],[-8.3760023,41.0604185],[-8.3757907,41.0605972],[-8.3756139,41.0607881],[-8.3756049,41.0608117],[-8.3755716,41.0609089],[-8.3755157,41.0610432],[-8.3755149,41.0610708],[-8.3755091,41.0611544],[-8.3754997,41.061182],[-8.3754697,41.0612639],[-8.3754067,41.061506],[-8.375348,41.0616725],[-8.3752114,41.0618886],[-8.3750132,41.0621237],[-8.3750053,41.0621454],[-8.375,41.0621693],[-8.374985,41.0622417],[-8.3749696,41.0622932],[-8.3748918,41.0625173],[-8.3748798,41.0625408],[-8.374804,41.0626782],[-8.3747872,41.0627001],[-8.3747749,41.0627213],[-8.3747474,41.0627627],[-8.3747161,41.0628087],[-8.3746593,41.0629593],[-8.3746584,41.0629863],[-8.3746543,41.0630356],[-8.3746397,41.0630598],[-8.3746119,41.0631029],[-8.3744989,41.0633294],[-8.3744804,41.0634929],[-8.3744542,41.063626],[-8.3743852,41.063719],[-8.3743717,41.0637444],[-8.3742555,41.063874],[-8.3741005,41.0640866],[-8.3739904,41.0642958],[-8.3739792,41.064322],[-8.3738457,41.0644521],[-8.3736326,41.0645932],[-8.3734324,41.0647934],[-8.3732494,41.0649795],[-8.373064,41.0651816],[-8.3730111,41.0652785],[-8.3729558,41.0653282],[-8.372944,41.065349],[-8.3728448,41.0655369],[-8.3727369,41.065679],[-8.3727796,41.0657788],[-8.3733669,41.067414],[-8.3725847,41.0708425],[-8.3725707,41.0709293],[-8.3726353,41.0709776],[-8.3728439,41.0711558],[-8.372879,41.0712041],[-8.3729021,41.0712564],[-8.3729618,41.0714132],[-8.3730536,41.0716433],[-8.3731224,41.0717846],[-8.3731353,41.0718063],[-8.3732974,41.0720218],[-8.3734556,41.0722142],[-8.3736078,41.0723953],[-8.3735871,41.0724171],[-8.3735457,41.0724515],[-8.3735134,41.0724625],[-8.3734581,41.0724869],[-8.3734353,41.0725063],[-8.3734339,41.0725426],[-8.3734618,41.0725586],[-8.3735491,41.0726077],[-8.3737992,41.0727693],[-8.3740726,41.0729144],[-8.3743365,41.0730627],[-8.3745661,41.0732375],[-8.3746379,41.0732993],[-8.3746538,41.0733195],[-8.3748104,41.0735161],[-8.3749747,41.0737312],[-8.3751327,41.0739222],[-8.3753091,41.0741349],[-8.3755349,41.0743184],[-8.375754,41.0744879],[-8.375938,41.0746349],[-8.3759479,41.0746406],[-8.3762553,41.0751732],[-8.3766023,41.0759068],[-8.3768655,41.0765538],[-8.3772645,41.0773345],[-8.3777869,41.07757],[-8.3784134,41.077782],[-8.3786538,41.0779157],[-8.378748,41.0780182],[-8.3786861,41.0782395],[-8.3788338,41.0786576],[-8.378908,41.078981],[-8.3789733,41.0796995],[-8.3790682,41.0799993],[-8.3793506,41.0802275],[-8.3797895,41.0804477],[-8.3807613,41.0809745],[-8.3817999,41.0816616],[-8.3841964,41.0842857],[-8.3866941,41.0854127],[-8.3898581,41.0859847],[-8.3899538,41.0860816],[-8.3900822,41.0862194],[-8.3903249,41.0863928],[-8.390545,41.086546],[-8.3906583,41.0866158],[-8.3906879,41.0866329],[-8.3907779,41.0866687],[-8.3908363,41.0866936],[-8.3908647,41.0867101],[-8.3908965,41.0867222],[-8.3909557,41.0867296],[-8.3909857,41.086729],[-8.3910191,41.086719],[-8.391319,41.0867201],[-8.3913546,41.0867225],[-8.3916039,41.0868047],[-8.3916344,41.0868196],[-8.3917241,41.0868489],[-8.3919531,41.0868579],[-8.3921082,41.0868429],[-8.3922242,41.0868401],[-8.3924767,41.0869063],[-8.392759,41.0869889],[-8.3932622,41.087355],[-8.3933872,41.08755],[-8.3935691,41.0877378],[-8.3936444,41.0877939],[-8.3938647,41.0879741],[-8.3939651,41.0881015],[-8.3941669,41.0882931],[-8.3943835,41.0884662],[-8.3945122,41.0885998],[-8.3947018,41.0887766],[-8.3949027,41.088961],[-8.3951308,41.0891347],[-8.3953617,41.0893044],[-8.3953861,41.0893229],[-8.3954075,41.0893595],[-8.3954545,41.0893402],[-8.3956136,41.0895756],[-8.3956854,41.0896672],[-8.395701,41.0896882],[-8.3958398,41.0897917],[-8.3960845,41.0899405],[-8.396224,41.0900101],[-8.3963942,41.0900862],[-8.396647,41.0902406],[-8.3969015,41.0903622],[-8.3969283,41.0903756],[-8.3970288,41.0904427],[-8.397054,41.0904572],[-8.3970875,41.0904726],[-8.3972003,41.0904929],[-8.3973757,41.0905012],[-8.3975554,41.0905278],[-8.3975906,41.0905347],[-8.3977121,41.0905784],[-8.3977834,41.0906013],[-8.3978975,41.0906171],[-8.3979742,41.090627],[-8.398087,41.0906349],[-8.3984259,41.0906336],[-8.3985009,41.0906221],[-8.3985386,41.0906141],[-8.3987103,41.0906095],[-8.3990123,41.0906122],[-8.3990427,41.0906127],[-8.399099,41.0906283],[-8.3991283,41.090635],[-8.3991891,41.0906332],[-8.3992192,41.0906308],[-8.3995539,41.0906337],[-8.3995869,41.0906311],[-8.3996183,41.0906258],[-8.3996545,41.0906225],[-8.3996841,41.0906165],[-8.3997917,41.0905696],[-8.3998175,41.0905586],[-8.3999005,41.0905173],[-8.4001726,41.0903914],[-8.4004374,41.0902858],[-8.4005224,41.0902573],[-8.4007642,41.0901342],[-8.4008179,41.0901046],[-8.4008434,41.090086],[-8.4008694,41.0900704],[-8.4009043,41.090056],[-8.4011859,41.0900588],[-8.4014943,41.090064],[-8.4015324,41.0900644],[-8.4015696,41.0900683],[-8.4016381,41.0900856],[-8.4016691,41.0900959],[-8.4016953,41.090108],[-8.4017214,41.0901231],[-8.4017937,41.0901704],[-8.4018618,41.0902217],[-8.4019025,41.0902563],[-8.401929,41.0902739],[-8.4019475,41.0902958],[-8.402023,41.0903789],[-8.4022156,41.0905673],[-8.4024061,41.0907475],[-8.4025943,41.0909412],[-8.4027838,41.0911397],[-8.4029499,41.0913461],[-8.4031227,41.0915381],[-8.403307,41.0917159],[-8.4034916,41.0918961],[-8.4036652,41.0920932],[-8.4038429,41.0922917],[-8.404043,41.0924908],[-8.4042203,41.0926721],[-8.4043885,41.0928566],[-8.4045385,41.0930482],[-8.4046917,41.0932644],[-8.4047063,41.0932881],[-8.4047224,41.0933099],[-8.404929,41.0934901],[-8.4049762,41.0935184],[-8.4052976,41.093729],[-8.4053228,41.0937475],[-8.4053484,41.0937643],[-8.4055754,41.093916],[-8.4058219,41.09406],[-8.4058936,41.0941026],[-8.4059576,41.0941505],[-8.4061269,41.0943302],[-8.4062541,41.0944692],[-8.4062737,41.0944882],[-8.4063823,41.0946157],[-8.4065587,41.0948072],[-8.4067898,41.0949784],[-8.4068379,41.0950111],[-8.4068594,41.0950293],[-8.4068826,41.0950442],[-8.4073606,41.0952564],[-8.4073865,41.0952681],[-8.4074107,41.0952821],[-8.4075078,41.0953166],[-8.4075434,41.0953271],[-8.4076448,41.0953593],[-8.407862,41.095455],[-8.4079178,41.095485],[-8.4079468,41.0955049],[-8.4081431,41.095586],[-8.4083129,41.0956736],[-8.4083437,41.0956882],[-8.4083707,41.095707],[-8.4083826,41.0957174],[-8.4084345,41.0957347],[-8.4087086,41.0958533],[-8.408982,41.0959694],[-8.4092236,41.0960848],[-8.4093029,41.0961234],[-8.4094778,41.0961923],[-8.4095033,41.0962018],[-8.4095723,41.0962396],[-8.4095922,41.0962519],[-8.409642,41.0962839],[-8.4096982,41.0963146],[-8.4097238,41.0963265],[-8.4097684,41.0963505],[-8.4097901,41.0963541],[-8.4099583,41.0964145],[-8.410233,41.0965312],[-8.4103346,41.0966004],[-8.4103429,41.0965894],[-8.4103659,41.0965649],[-8.4103925,41.0965423],[-8.4104212,41.0965293],[-8.410449,41.0965199],[-8.410477,41.0965036],[-8.4104987,41.096485],[-8.4105209,41.0964691],[-8.4105528,41.0964558],[-8.4107532,41.0964539],[-8.4108241,41.0964605],[-8.4108585,41.0964683],[-8.4109257,41.0964943],[-8.4110214,41.0965419],[-8.4110519,41.096559],[-8.41108,41.0965784],[-8.4111096,41.0965958],[-8.4113812,41.09672],[-8.4116507,41.0968586],[-8.4118892,41.0969974],[-8.4121327,41.0971406],[-8.4123582,41.097297],[-8.4125584,41.0974645],[-8.412745,41.0976538],[-8.412844,41.0977466],[-8.4189554,41.0956855],[-8.4190195,41.0956724],[-8.4190519,41.095656],[-8.4191157,41.0956308],[-8.4192544,41.0956019],[-8.4193271,41.0955907],[-8.4193609,41.0955785],[-8.4196147,41.0954889],[-8.4196441,41.0954833],[-8.4196725,41.095475],[-8.4197008,41.0954637],[-8.4199646,41.0953221],[-8.4202268,41.0951774],[-8.4202984,41.0951361],[-8.420529,41.0949774],[-8.4205787,41.0949412],[-8.4205971,41.0949167],[-8.4206626,41.0948136],[-8.4206879,41.0947423],[-8.4206997,41.094722],[-8.4207457,41.0946473],[-8.4207557,41.0946214],[-8.4207689,41.0945958],[-8.4207878,41.0945763],[-8.4208108,41.0945566],[-8.4209044,41.0944882],[-8.4211633,41.0943745],[-8.4211914,41.0943617],[-8.4214011,41.0942461],[-8.421421,41.0942289],[-8.4215698,41.0940943],[-8.4215849,41.0940703],[-8.4216874,41.0938337],[-8.4216886,41.0938076],[-8.4216859,41.0935715],[-8.4216747,41.0935431],[-8.421641,41.0934663],[-8.4216343,41.093443],[-8.4216307,41.0934166],[-8.4216295,41.0933881],[-8.4216285,41.0931585],[-8.4216575,41.0929423],[-8.4216565,41.0929173],[-8.4217062,41.0928941],[-8.4223586,41.0925794],[-8.4224391,41.0925632],[-8.4225921,41.0925183],[-8.4227441,41.0924561],[-8.4227811,41.0924517],[-8.4228212,41.0924496],[-8.4231129,41.0924475],[-8.423323,41.0924444],[-8.4233547,41.092437],[-8.4233865,41.0924268],[-8.4234183,41.0924135],[-8.4236752,41.0922804],[-8.4237785,41.0922359],[-8.4238179,41.0922253],[-8.4241287,41.0921722],[-8.4243927,41.0921313],[-8.424375,41.0921083],[-8.424361,41.0920858],[-8.4243515,41.0919285],[-8.4243514,41.0919018],[-8.4243337,41.0918512],[-8.424322,41.0918268],[-8.424318,41.0916045],[-8.4243162,41.0915758],[-8.4242637,41.0914403],[-8.4241949,41.0912053],[-8.4264362,41.0910928],[-8.4284593,41.0900643],[-8.4312592,41.0884084],[-8.4368112,41.0867135],[-8.4378863,41.0855192],[-8.4393269,41.0802427],[-8.4407907,41.079828],[-8.4410283,41.0797533],[-8.4414203,41.0797288],[-8.4419239,41.0797042],[-8.442239,41.0796954],[-8.4438768,41.0792115],[-8.4445869,41.079336],[-8.4472613,41.0798042],[-8.4476972,41.0797695],[-8.4483874,41.0796866],[-8.4491496,41.0795826],[-8.4502977,41.0794095],[-8.450676,41.0791904],[-8.4509582,41.0794201],[-8.4510767,41.0793936],[-8.4511366,41.0794874],[-8.4510948,41.0796703],[-8.4513234,41.0798956],[-8.4515583,41.0799006],[-8.4520055,41.0797271],[-8.452068,41.0794041],[-8.452627,41.0787781],[-8.4529164,41.0783522],[-8.4529438,41.0781312],[-8.4530279,41.0778889],[-8.45312,41.0777539],[-8.4532821,41.0776119],[-8.4535172,41.0775941],[-8.4537857,41.0776006],[-8.4544142,41.0777182],[-8.4552894,41.0777965],[-8.4553891,41.0778176],[-8.4555283,41.07791],[-8.4556383,41.0780744],[-8.455789,41.0781288],[-8.4560373,41.0781816],[-8.4560462,41.0781824],[-8.4563941,41.0782292],[-8.4566571,41.0781747],[-8.4568415,41.0780881],[-8.4569975,41.0779746],[-8.4571316,41.0777426],[-8.4572795,41.0774892],[-8.4574142,41.077376],[-8.4575988,41.0772893],[-8.4579542,41.0772613],[-8.4582104,41.0772876],[-8.4585519,41.0773351],[-8.4587796,41.0773344],[-8.4589861,41.0773876],[-8.4591142,41.0773658],[-8.4593343,41.0772845],[-8.4595758,41.0772462],[-8.4597179,41.0771863],[-8.4600229,41.0770296],[-8.4603947,41.0768878],[-8.4607833,41.0768128],[-8.4613095,41.076634],[-8.4616133,41.0765098],[-8.4618404,41.0763569],[-8.4618765,41.0764643],[-8.4620874,41.0763295],[-8.4620633,41.0762136],[-8.4621293,41.0761662],[-8.462276,41.0760144],[-8.4629222,41.0749678],[-8.4628593,41.0748385],[-8.4628274,41.074668],[-8.4627644,41.0744977],[-8.4627565,41.0744567],[-8.4629741,41.0744853],[-8.4631919,41.0745142],[-8.4635029,41.0745367],[-8.4634316,41.0742606],[-8.4634385,41.0741312],[-8.4634681,41.07379],[-8.463486,41.0727244],[-8.4636709,41.0726636],[-8.4640857,41.0724948],[-8.464407,41.0723238],[-8.4645963,41.072216],[-8.465584,41.0716116],[-8.4636757,41.0693706],[-8.463197,41.0687645],[-8.4621014,41.0673782],[-8.4610004,41.0653742],[-8.4604614,41.0642682],[-8.4599575,41.0636395],[-8.4595897,41.0631462],[-8.4591481,41.0625253],[-8.4585705,41.0619172],[-8.4580449,41.0611606],[-8.4574032,41.0606094],[-8.4569128,41.0602707],[-8.4565004,41.0599457],[-8.4558575,41.0593606],[-8.4548193,41.0585461],[-8.4547735,41.0585927],[-8.4510713,41.0558103],[-8.4487407,41.0534612],[-8.4480812,41.0530898],[-8.4467826,41.0523979],[-8.4465376,41.052243],[-8.4456259,41.0514504],[-8.4450931,41.0510784],[-8.4442799,41.0504505],[-8.4430596,41.0494256],[-8.4423945,41.04874],[-8.4418724,41.0482532],[-8.4408505,41.04705],[-8.4404195,41.0466584],[-8.4392361,41.045778],[-8.4388752,41.0453849],[-8.4387843,41.0452629],[-8.4383462,41.044528],[-8.4381698,41.0443048],[-8.4371714,41.0433343],[-8.4364033,41.0424254],[-8.4350696,41.0409833],[-8.4341158,41.0400232],[-8.4331019,41.0389126],[-8.4322229,41.0380612],[-8.4320252,41.0378953],[-8.4317629,41.0377054],[-8.4315702,41.0375934],[-8.4307437,41.0372183],[-8.4304475,41.0370957],[-8.4291486,41.0367177],[-8.4283754,41.0365939]]]}},{"type":"Feature","properties":{"nome":"Alfena","municipio":"Valongo","municipio_short":"VLG","dicofre":"131501","area_km2":15.52,"area_ha":1552.03,"populacao":21728,"populacao_fonte":"estimated","densidade":1400,"num_escolas":9,"num_parques":3,"area_verde_m2":108640,"comboios_ativos":1,"camara_nome":"Câmara Municipal de Valongo","camara_email":"geral@cm-valongo.pt","camara_url":"https://www.cm-valongo.pt","escudo_url":null,"cor_principal":"#2D5F5A","centroide":[-8.51778705963115,41.23585647561475],"_todo":["Replace estimated populacao with real INE 2021 BGRI","Add real num_escolas (Censo + DGEEC)","Add real area_verde_m2 (Câmara dataset)","Add real comboios_ativos (Bicis Sapiens registry)","Add escudo_url (Wikimedia Commons SVG)","Verify cor_principal against actual heraldic blazon"]},"geometry":{"type":"Polygon","coordinates":[[[-8.5439991,41.2319183],[-8.5439378,41.2315549],[-8.5439076,41.2313759],[-8.5438023,41.2310823],[-8.5437372,41.2302699],[-8.5437051,41.2300129],[-8.5437025,41.229907],[-8.5437001,41.2298339],[-8.5436715,41.2296762],[-8.5436229,41.2294868],[-8.5435786,41.2292857],[-8.5435793,41.2291632],[-8.5435813,41.2290923],[-8.5435989,41.2289823],[-8.5435884,41.2288662],[-8.5435639,41.2286828],[-8.5435687,41.228585],[-8.5436767,41.2284086],[-8.5438219,41.2282923],[-8.5439086,41.2282083],[-8.5439565,41.2280493],[-8.5439125,41.2276506],[-8.5440082,41.2275567],[-8.5437707,41.2272311],[-8.5436646,41.2270434],[-8.5435853,41.2269034],[-8.543533,41.2268103],[-8.5434726,41.2266679],[-8.5434001,41.2264969],[-8.5431914,41.2260844],[-8.5431464,41.2259882],[-8.5431187,41.2257932],[-8.5431176,41.2257858],[-8.5430876,41.2256392],[-8.542885,41.2254137],[-8.5428072,41.2252571],[-8.5426909,41.2250156],[-8.5426899,41.2250138],[-8.5426088,41.2248738],[-8.5425959,41.2248515],[-8.5425937,41.2248529],[-8.5423464,41.2250144],[-8.5423128,41.2249981],[-8.5422138,41.2249763],[-8.5420571,41.224956],[-8.541725,41.2249592],[-8.5415471,41.2249723],[-8.5416745,41.2248029],[-8.5417731,41.2246305],[-8.541806,41.2245245],[-8.54183,41.224431],[-8.5421034,41.2242718],[-8.5422458,41.2241774],[-8.5420692,41.2236039],[-8.5420594,41.223551],[-8.5420351,41.223461],[-8.5419899,41.2232959],[-8.5420346,41.2232818],[-8.5421208,41.2232594],[-8.5420942,41.2231971],[-8.5420114,41.2229884],[-8.5419606,41.2228646],[-8.5419189,41.2227703],[-8.5418602,41.2226741],[-8.5417485,41.2225087],[-8.5416562,41.2223561],[-8.5415979,41.2222598],[-8.5415417,41.22219],[-8.541506,41.222157],[-8.5414892,41.2221415],[-8.5414892,41.2221381],[-8.5414889,41.2220959],[-8.5414692,41.2220281],[-8.5411716,41.2217441],[-8.5409252,41.2215145],[-8.5406858,41.2212983],[-8.5404692,41.2211026],[-8.540266,41.2209301],[-8.5401859,41.2208621],[-8.5399703,41.2206229],[-8.5398972,41.2205422],[-8.5397109,41.2203364],[-8.5396614,41.2202921],[-8.5395373,41.2201807],[-8.5391932,41.2197989],[-8.5388163,41.2193464],[-8.5384211,41.2188867],[-8.5382885,41.2187348],[-8.5380148,41.2184915],[-8.5376078,41.2181904],[-8.5373288,41.2180044],[-8.5367673,41.2176326],[-8.5363923,41.2174422],[-8.5362227,41.2173314],[-8.535893,41.2170234],[-8.5357687,41.216857],[-8.5351087,41.2159455],[-8.53463,41.215236],[-8.5337018,41.2155543],[-8.5333317,41.2154746],[-8.5332106,41.2151154],[-8.532883,41.2142484],[-8.5328225,41.2140987],[-8.5324301,41.2142892],[-8.5320629,41.2140204],[-8.5307797,41.2132745],[-8.5300964,41.2128926],[-8.5299051,41.2123867],[-8.5299025,41.21238],[-8.5298991,41.2123789],[-8.5278587,41.211751],[-8.5276899,41.2116973],[-8.5276806,41.2116943],[-8.5280474,41.2112248],[-8.5277276,41.2111275],[-8.5271584,41.2111213],[-8.5261744,41.2110691],[-8.5261904,41.2113809],[-8.5263339,41.211816],[-8.5259947,41.2120624],[-8.5253632,41.2123624],[-8.5249434,41.2124157],[-8.5247793,41.2124004],[-8.5246557,41.212408],[-8.5241085,41.2125529],[-8.5240092,41.2125056],[-8.5235803,41.2122033],[-8.5228891,41.2117967],[-8.5225998,41.2115967],[-8.5222687,41.2112854],[-8.521733,41.2109501],[-8.5210896,41.2106592],[-8.5198009,41.2100012],[-8.5194573,41.2103805],[-8.5190872,41.2103007],[-8.519097,41.2106017],[-8.5191828,41.2108064],[-8.5193814,41.2110598],[-8.5194025,41.2111911],[-8.518691,41.2118688],[-8.5200351,41.213323],[-8.5191436,41.2141464],[-8.5188377,41.2144695],[-8.5187308,41.214588],[-8.5193829,41.2149096],[-8.5196161,41.2150802],[-8.5196413,41.2152962],[-8.5188552,41.2157947],[-8.5181485,41.2160666],[-8.5177043,41.2164463],[-8.5181977,41.21721],[-8.5187878,41.2174559],[-8.5188193,41.217469],[-8.518614,41.2180269],[-8.5184452,41.2186101],[-8.5183505,41.2188573],[-8.5172497,41.2188244],[-8.5165493,41.2187822],[-8.5166214,41.2191361],[-8.5167076,41.2195594],[-8.5167134,41.2195879],[-8.5167956,41.220027],[-8.5167956,41.2200271],[-8.5168318,41.220177],[-8.516193,41.2197675],[-8.515839,41.219676],[-8.5149806,41.2197059],[-8.5146825,41.2200223],[-8.5143963,41.2205044],[-8.5143893,41.2205632],[-8.5131601,41.2204052],[-8.5127975,41.2221028],[-8.5127503,41.2222222],[-8.5126984,41.2223482],[-8.5126341,41.2225119],[-8.5125185,41.2227017],[-8.5123804,41.2228697],[-8.5121912,41.2230383],[-8.5119781,41.2231701],[-8.5118298,41.2232543],[-8.5113346,41.2234501],[-8.5109808,41.2235669],[-8.5105669,41.2236283],[-8.5098531,41.2232708],[-8.5090987,41.222909],[-8.5086334,41.2225632],[-8.5082757,41.2223289],[-8.5079728,41.2221888],[-8.5078036,41.2221516],[-8.5067424,41.222478],[-8.505946,41.2226922],[-8.5046167,41.2230432],[-8.503565,41.2232919],[-8.5024317,41.2235743],[-8.501452,41.2238147],[-8.5002895,41.2240586],[-8.4990763,41.2242927],[-8.4986689,41.224369],[-8.497936,41.2235271],[-8.4964725,41.2218458],[-8.4962489,41.2222623],[-8.4959474,41.2225967],[-8.4956896,41.2228233],[-8.4955218,41.2229124],[-8.4954449,41.2229753],[-8.4953773,41.223131],[-8.4952751,41.2232162],[-8.4951642,41.2232418],[-8.4949005,41.2232203],[-8.4946283,41.2232277],[-8.4944292,41.223301],[-8.4942955,41.2234292],[-8.494167,41.223582],[-8.4941102,41.2237284],[-8.4940742,41.2238549],[-8.4940335,41.2240811],[-8.4940001,41.2243512],[-8.4939892,41.2245397],[-8.4939606,41.2247991],[-8.4939266,41.2249123],[-8.4938936,41.2250017],[-8.4939145,41.2251458],[-8.4939534,41.2252784],[-8.4939618,41.225361],[-8.4939335,41.2254732],[-8.4938418,41.2256164],[-8.4936989,41.2258353],[-8.4933877,41.2260948],[-8.4928043,41.2266049],[-8.49272,41.2266465],[-8.4925838,41.2266936],[-8.4924485,41.226734],[-8.4922869,41.2267602],[-8.4918991,41.2267846],[-8.4917918,41.2267946],[-8.4914585,41.2268358],[-8.49121,41.2268637],[-8.4910964,41.226919],[-8.4909547,41.2270477],[-8.4907997,41.2272757],[-8.4907591,41.2273989],[-8.4907982,41.2275471],[-8.4910128,41.2280276],[-8.4911521,41.2283711],[-8.4911968,41.2286468],[-8.4911794,41.2286928],[-8.4912652,41.2289639],[-8.4912561,41.229087],[-8.4910353,41.2291812],[-8.49069,41.2292402],[-8.4904969,41.2292921],[-8.490447,41.2293227],[-8.4903805,41.2293762],[-8.4902718,41.229416],[-8.4899218,41.2295173],[-8.4895304,41.229595],[-8.4894227,41.2296414],[-8.4893708,41.2297006],[-8.4892651,41.229855],[-8.4893898,41.2308541],[-8.4891717,41.2312718],[-8.4890596,41.2314645],[-8.4889335,41.2316586],[-8.4888851,41.2317445],[-8.4888649,41.2318204],[-8.4888497,41.2319014],[-8.4888512,41.231977],[-8.4888654,41.2320576],[-8.4888907,41.2321463],[-8.4889228,41.2322328],[-8.4889667,41.232325],[-8.489024,41.2324415],[-8.4891047,41.232609],[-8.4891804,41.2328182],[-8.4892053,41.2329944],[-8.4892195,41.2331744],[-8.489214,41.2332975],[-8.4891916,41.2334142],[-8.4891578,41.2334962],[-8.4890904,41.2336178],[-8.4889391,41.2338256],[-8.4888321,41.2339402],[-8.4888069,41.2339602],[-8.4886383,41.2341008],[-8.4880695,41.234641],[-8.4870362,41.235649],[-8.4857649,41.2372838],[-8.4853839,41.2378267],[-8.4862455,41.2383463],[-8.4885116,41.2397128],[-8.491972,41.239064],[-8.4937247,41.2386609],[-8.4960095,41.2380704],[-8.4973785,41.2391319],[-8.4976125,41.2393132],[-8.4999835,41.2406661],[-8.5010927,41.241479],[-8.5012642,41.2415915],[-8.5015,41.2417503],[-8.501736,41.2418981],[-8.5019787,41.2420558],[-8.5022144,41.2422081],[-8.5024479,41.2423646],[-8.5026693,41.2425262],[-8.5028973,41.2426879],[-8.5029919,41.2427343],[-8.5031661,41.2428201],[-8.5031988,41.2428326],[-8.5033824,41.2429385],[-8.503587,41.2431024],[-8.5036062,41.2431214],[-8.5036517,41.2431523],[-8.5038644,41.2433139],[-8.5040915,41.2434587],[-8.5041559,41.2435125],[-8.5042005,41.2435542],[-8.5044106,41.2437362],[-8.5044822,41.2437939],[-8.5047663,41.2439255],[-8.5050102,41.2440676],[-8.5052271,41.2442222],[-8.5054107,41.244342],[-8.5062964,41.245033],[-8.5082722,41.2463696],[-8.5092726,41.2470053],[-8.5101014,41.2475375],[-8.5103195,41.2477002],[-8.5105484,41.2478736],[-8.511652,41.2487085],[-8.5125103,41.249424],[-8.5126611,41.2501099],[-8.5127635,41.2507301],[-8.5128119,41.2510096],[-8.5127979,41.2511354],[-8.5127994,41.2513822],[-8.5128011,41.2516289],[-8.5128131,41.251876],[-8.5128296,41.2521227],[-8.5128512,41.2523693],[-8.5128699,41.2526161],[-8.5128866,41.2528627],[-8.5128948,41.2531094],[-8.5129063,41.2533562],[-8.5129372,41.2536028],[-8.5129852,41.2538494],[-8.5130077,41.2540961],[-8.5130101,41.2543429],[-8.5130175,41.2545897],[-8.5130579,41.2548362],[-8.5131466,41.2550552],[-8.5132973,41.2552802],[-8.5134516,41.2554953],[-8.5137124,41.2558093],[-8.5139672,41.2563528],[-8.5141396,41.2570208],[-8.5142911,41.2578133],[-8.5142989,41.2578715],[-8.5143486,41.257923],[-8.5143668,41.2579415],[-8.5143764,41.257966],[-8.514379,41.257993],[-8.5144058,41.2580407],[-8.5144261,41.2580632],[-8.5144526,41.2581129],[-8.5144649,41.2581388],[-8.5144808,41.2581635],[-8.5145177,41.2582103],[-8.5145309,41.2582333],[-8.5145365,41.2583937],[-8.5145545,41.25848],[-8.5145648,41.2585549],[-8.5145906,41.2586546],[-8.5146328,41.2587643],[-8.5146566,41.2588187],[-8.5146613,41.2588412],[-8.5146933,41.2589059],[-8.514702,41.2589277],[-8.5147073,41.2589992],[-8.5147298,41.2591081],[-8.5147566,41.2592703],[-8.514765,41.2594934],[-8.5147819,41.2595777],[-8.5147911,41.2596996],[-8.5147954,41.2599413],[-8.5147955,41.259964],[-8.5147901,41.2599916],[-8.5147794,41.2600173],[-8.5147519,41.2602141],[-8.5147511,41.260238],[-8.5147121,41.260309],[-8.5151074,41.2613731],[-8.5151935,41.2613813],[-8.515215,41.261413],[-8.5152224,41.2614355],[-8.5152225,41.2614589],[-8.5152294,41.2614817],[-8.5152486,41.2615306],[-8.5152597,41.2615544],[-8.5152721,41.2615749],[-8.5152898,41.2615951],[-8.5153404,41.2616569],[-8.5154215,41.261734],[-8.5154371,41.2617567],[-8.5155781,41.261954],[-8.5155936,41.2619805],[-8.5156274,41.2620307],[-8.5156486,41.2620535],[-8.5157332,41.2621598],[-8.5157638,41.2622027],[-8.5159287,41.2623752],[-8.5160413,41.262488],[-8.5161041,41.2625607],[-8.5161171,41.2625853],[-8.5161463,41.2626354],[-8.516172,41.2626871],[-8.5162629,41.2628598],[-8.5162856,41.2629053],[-8.5162934,41.2629292],[-8.5163005,41.2629387],[-8.5163695,41.2633526],[-8.518803,41.2671041],[-8.5197152,41.2684114],[-8.5197285,41.2684338],[-8.5203125,41.2690246],[-8.5203412,41.2689998],[-8.5231027,41.2665994],[-8.5232731,41.2664962],[-8.5235811,41.2663862],[-8.5247957,41.2662175],[-8.5249827,41.2661743],[-8.5250651,41.2660239],[-8.5251463,41.2659217],[-8.5252211,41.2658522],[-8.5253366,41.2657716],[-8.5255466,41.2656882],[-8.5257793,41.2656458],[-8.5259967,41.2656011],[-8.5261843,41.2655379],[-8.5265352,41.2653983],[-8.52682,41.2652246],[-8.5269936,41.2650681],[-8.5271238,41.2649228],[-8.5273513,41.2647237],[-8.5275879,41.2645107],[-8.5278992,41.2642232],[-8.5280893,41.264029],[-8.52827,41.2637717],[-8.5284613,41.2634857],[-8.5286747,41.2631553],[-8.5288763,41.2628369],[-8.5289641,41.2625808],[-8.5290697,41.2623239],[-8.5292411,41.2619153],[-8.5294123,41.2615016],[-8.5295508,41.2611939],[-8.5297025,41.2608028],[-8.5298494,41.2602621],[-8.5299258,41.2598584],[-8.5300325,41.2594141],[-8.5301481,41.2590105],[-8.5302387,41.2587245],[-8.5304174,41.2583502],[-8.5305963,41.257932],[-8.5307633,41.2576108],[-8.5309512,41.2572365],[-8.5311691,41.2568702],[-8.5312748,41.2566124],[-8.5320858,41.2546107],[-8.533591,41.2504603],[-8.5346188,41.2476285],[-8.5351441,41.246881],[-8.5357962,41.2458567],[-8.5359813,41.2455762],[-8.5363871,41.2446752],[-8.5368559,41.2434735],[-8.5371547,41.242518],[-8.5373886,41.2421767],[-8.5383473,41.2407562],[-8.5423037,41.2359054],[-8.5439727,41.2338536],[-8.5429473,41.2332818],[-8.5429691,41.2332393],[-8.5431387,41.2329682],[-8.5434881,41.2327808],[-8.5434338,41.232712],[-8.5433543,41.2326338],[-8.5433559,41.232513],[-8.5434781,41.2321904],[-8.5439991,41.2319183]]]}},{"type":"Feature","properties":{"nome":"Campo","municipio":"Valongo","municipio_short":"VLG","dicofre":"131507","area_km2":10.95,"area_ha":1094.56,"populacao":15329,"populacao_fonte":"estimated","densidade":1400,"num_escolas":6,"num_parques":2,"area_verde_m2":76645,"comboios_ativos":0,"camara_nome":"Câmara Municipal de Valongo","camara_email":"geral@cm-valongo.pt","camara_url":"https://www.cm-valongo.pt","escudo_url":null,"cor_principal":"#806040","centroide":[-8.46162508080615,41.17948388426098],"_todo":["Replace estimated populacao with real INE 2021 BGRI","Add real num_escolas (Censo + DGEEC)","Add real area_verde_m2 (Câmara dataset)","Add real comboios_ativos (Bicis Sapiens registry)","Add escudo_url (Wikimedia Commons SVG)","Verify cor_principal against actual heraldic blazon"]},"geometry":{"type":"Polygon","coordinates":[[[-8.4795325,41.1925978],[-8.4787177,41.1916536],[-8.4785548,41.1913674],[-8.4797639,41.1907352],[-8.4797673,41.1907334],[-8.4798119,41.1905286],[-8.4798124,41.1905281],[-8.4802851,41.1900628],[-8.4802853,41.1900626],[-8.4802852,41.1900624],[-8.4801708,41.1893407],[-8.4800268,41.1889931],[-8.4800268,41.188993],[-8.4798446,41.1887081],[-8.4798443,41.1887077],[-8.4798439,41.1887069],[-8.4795775,41.1882295],[-8.4795772,41.1882289],[-8.4791821,41.1877069],[-8.4788794,41.1874557],[-8.4787358,41.1873129],[-8.4786311,41.1871213],[-8.478631,41.1871213],[-8.4786018,41.1869118],[-8.4786018,41.1869118],[-8.4785946,41.1868257],[-8.4785687,41.1866696],[-8.4784489,41.1864817],[-8.478408,41.1864345],[-8.4783189,41.1863444],[-8.4783188,41.1863443],[-8.4781792,41.1861704],[-8.4781792,41.1861703],[-8.4781275,41.186013],[-8.4781274,41.1860129],[-8.4781006,41.1859602],[-8.4781006,41.1859601],[-8.4780952,41.1859219],[-8.4780952,41.1859218],[-8.478111,41.185864],[-8.4781791,41.1857948],[-8.4782516,41.1857335],[-8.478496,41.1855392],[-8.4786037,41.1854716],[-8.4786072,41.1854694],[-8.4785471,41.1854576],[-8.4783805,41.185425],[-8.4783875,41.1854132],[-8.4785179,41.1851935],[-8.4783298,41.1851153],[-8.4781648,41.1850467],[-8.4780797,41.1849775],[-8.477897,41.1848391],[-8.477893,41.1847444],[-8.4778955,41.1845924],[-8.4778922,41.1845625],[-8.4778901,41.1843809],[-8.4780699,41.1842225],[-8.478195,41.184138],[-8.4783158,41.1840714],[-8.478445,41.1840174],[-8.4787054,41.1839759],[-8.4789979,41.1839114],[-8.4793417,41.1837888],[-8.4794175,41.1837086],[-8.479419,41.1836855],[-8.479427,41.1835634],[-8.479434,41.1834808],[-8.4794417,41.1833906],[-8.4794832,41.1833169],[-8.4794974,41.1832916],[-8.4795606,41.1831794],[-8.4796443,41.183217],[-8.4797995,41.1832867],[-8.4801844,41.1830392],[-8.4803409,41.182979],[-8.4804648,41.1829344],[-8.4806363,41.1829018],[-8.4808325,41.1828772],[-8.4813411,41.1829118],[-8.481828,41.183027],[-8.4822365,41.1832352],[-8.4823562,41.1832912],[-8.4824073,41.1832894],[-8.4825146,41.1832857],[-8.4827431,41.1832148],[-8.4827772,41.1832397],[-8.4829878,41.1833928],[-8.4834251,41.183708],[-8.4835453,41.1835691],[-8.4835696,41.1835448],[-8.4840268,41.1830874],[-8.4841003,41.1829406],[-8.4842243,41.1829248],[-8.484287,41.1828551],[-8.484313,41.1827025],[-8.484327,41.1825546],[-8.4843282,41.1824467],[-8.4843229,41.1823853],[-8.484331,41.1822731],[-8.4842838,41.182153],[-8.4842368,41.1820624],[-8.4841381,41.1819335],[-8.4840347,41.1818062],[-8.4840842,41.1817738],[-8.4841632,41.1817222],[-8.484296,41.1816433],[-8.484069,41.1814767],[-8.4838933,41.1813288],[-8.4838276,41.1812955],[-8.4837396,41.181251],[-8.4836682,41.1811954],[-8.4836449,41.1811586],[-8.4836346,41.1811423],[-8.4835964,41.1810929],[-8.4834349,41.1809308],[-8.4833851,41.1808816],[-8.483227,41.1806462],[-8.4831692,41.1805599],[-8.4831016,41.1804466],[-8.4829795,41.1803075],[-8.4829034,41.1801791],[-8.4828465,41.1800804],[-8.4826426,41.1799043],[-8.4826195,41.1798843],[-8.4824711,41.1797671],[-8.4824377,41.1797425],[-8.4823944,41.1796833],[-8.4823272,41.1795567],[-8.4822509,41.1794167],[-8.4819812,41.1791217],[-8.4819055,41.1790692],[-8.4818835,41.1790471],[-8.4818059,41.1789207],[-8.4818058,41.1789205],[-8.481775,41.1788718],[-8.481588,41.1786013],[-8.4815817,41.1785936],[-8.4815238,41.1785236],[-8.4815233,41.1784581],[-8.4815222,41.1783171],[-8.4814727,41.1781533],[-8.4812015,41.1774142],[-8.4811365,41.1772951],[-8.480771,41.1766251],[-8.4803255,41.1758483],[-8.4797067,41.1750396],[-8.4785523,41.1733649],[-8.4785219,41.1728594],[-8.4787171,41.1723587],[-8.4789971,41.1722248],[-8.4793914,41.1720363],[-8.4812846,41.1711354],[-8.4803278,41.1704126],[-8.4797054,41.1699426],[-8.4795455,41.1696654],[-8.4766312,41.16461],[-8.4737875,41.1596347],[-8.4730034,41.1582627],[-8.4726717,41.1576822],[-8.4704899,41.153864],[-8.4691522,41.1515229],[-8.4671903,41.148243],[-8.4663184,41.1477863],[-8.4676999,41.1451909],[-8.4544458,41.1599424],[-8.4538818,41.1602762],[-8.4538981,41.1603414],[-8.4539192,41.160373],[-8.4539508,41.1603967],[-8.4539405,41.1604283],[-8.4539094,41.1604996],[-8.4538991,41.1605352],[-8.4538577,41.1606184],[-8.4538213,41.1606976],[-8.4538321,41.1607529],[-8.4538272,41.1608163],[-8.4538065,41.1608757],[-8.4537754,41.160935],[-8.4537391,41.1610063],[-8.4537027,41.1610578],[-8.4536245,41.1611293],[-8.4535827,41.161165],[-8.453515,41.1612205],[-8.4534419,41.1612642],[-8.4533791,41.1612763],[-8.4532744,41.1612845],[-8.4531643,41.161261],[-8.4530961,41.1612375],[-8.4529963,41.1611666],[-8.452949,41.161143],[-8.4528913,41.1611036],[-8.4528388,41.1610919],[-8.4527601,41.1610684],[-8.4526973,41.1610567],[-8.4526344,41.1610569],[-8.4525873,41.161053],[-8.4524773,41.1610533],[-8.4523306,41.1610419],[-8.4522575,41.1610658],[-8.4520967,41.1611062],[-8.4521462,41.1611725],[-8.4522513,41.1612355],[-8.4523459,41.1612906],[-8.45243,41.1613616],[-8.4525037,41.1614168],[-8.4525458,41.161472],[-8.4525462,41.1615591],[-8.452463,41.1616701],[-8.4522441,41.1619239],[-8.4520565,41.1621064],[-8.4519312,41.162178],[-8.4520259,41.1622648],[-8.4520891,41.1623674],[-8.452121,41.1624465],[-8.4521949,41.162557],[-8.4521534,41.1626442],[-8.45206,41.1628106],[-8.4519036,41.1629614],[-8.4517679,41.1630646],[-8.4516742,41.1632073],[-8.4514654,41.1633424],[-8.4509643,41.1637236],[-8.4507324,41.1638635],[-8.4505129,41.1639511],[-8.450147,41.1641341],[-8.4499692,41.16419],[-8.4496553,41.1642859],[-8.4494325,41.1643696],[-8.4494041,41.1643261],[-8.4493621,41.1643183],[-8.449299,41.1642552],[-8.4492673,41.1641999],[-8.4490988,41.1640263],[-8.4489791,41.1638867],[-8.4488719,41.1639325],[-8.4485999,41.1640242],[-8.4485163,41.164062],[-8.4483176,41.1641318],[-8.4482475,41.164153],[-8.448122,41.1641968],[-8.4479311,41.1642705],[-8.4478004,41.1643223],[-8.4476436,41.164386],[-8.4475783,41.164406],[-8.4473585,41.164464],[-8.4471666,41.1645176],[-8.4470851,41.1645567],[-8.4468812,41.1646245],[-8.4465256,41.1647442],[-8.445856,41.164928],[-8.4457044,41.1649798],[-8.4455527,41.1650356],[-8.4453122,41.1651232],[-8.4451762,41.1651672],[-8.4438475,41.1655897],[-8.4432535,41.1661792],[-8.4426261,41.166779],[-8.442039,41.1673562],[-8.4421373,41.167508],[-8.4422113,41.1675979],[-8.4422641,41.1676848],[-8.4423378,41.1677716],[-8.4423697,41.1678507],[-8.4423704,41.1680089],[-8.4423813,41.1681038],[-8.4424555,41.1682855],[-8.4424978,41.1683566],[-8.4425718,41.1685146],[-8.442677,41.1686093],[-8.442772,41.1687514],[-8.4429196,41.1689298],[-8.4429619,41.1690404],[-8.4430152,41.1692143],[-8.4431102,41.1693802],[-8.4431847,41.1696173],[-8.4432167,41.1697518],[-8.4432488,41.1698783],[-8.4432493,41.169989],[-8.443281,41.1700364],[-8.4433337,41.1700996],[-8.4433974,41.1702814],[-8.4434187,41.1703604],[-8.4434448,41.1704042],[-8.443461,41.1704315],[-8.4435872,41.1705261],[-8.4437249,41.1707256],[-8.4437321,41.1708396],[-8.4437587,41.1709186],[-8.443833,41.1711241],[-8.4438703,41.1712426],[-8.4438865,41.1713335],[-8.4438712,41.1714008],[-8.4438454,41.171476],[-8.4437985,41.1715474],[-8.4436418,41.1716624],[-8.4435271,41.1717776],[-8.4433446,41.1719441],[-8.4433082,41.1720075],[-8.4432719,41.172067],[-8.4431834,41.1722056],[-8.4430742,41.172372],[-8.4430068,41.1724948],[-8.4429549,41.172578],[-8.4428715,41.1726849],[-8.4428351,41.1727285],[-8.4428247,41.1727404],[-8.4427559,41.1727956],[-8.4423305,41.174047],[-8.4423891,41.1741636],[-8.4424821,41.1743511],[-8.4426842,41.1746026],[-8.4428445,41.1747932],[-8.4434576,41.1755802],[-8.4437466,41.1759567],[-8.4439819,41.1772988],[-8.4440456,41.1774806],[-8.4441508,41.177591],[-8.4442248,41.1777094],[-8.444309,41.1777883],[-8.4444038,41.1778987],[-8.4444881,41.1780172],[-8.4445728,41.1782147],[-8.4446482,41.1786179],[-8.4446853,41.1787402],[-8.4447334,41.1788746],[-8.4447862,41.1790168],[-8.444913,41.1792537],[-8.4450606,41.179433],[-8.445229,41.1796104],[-8.4455185,41.1799023],[-8.4456658,41.1800285],[-8.4457971,41.180131],[-8.4459181,41.1802295],[-8.4460073,41.1802648],[-8.4460755,41.1802726],[-8.4462797,41.1802522],[-8.4466043,41.1802237],[-8.4469132,41.1801951],[-8.4472169,41.1801824],[-8.4474506,41.1801936],[-8.4476706,41.180197],[-8.4478067,41.1801887],[-8.4479589,41.1802397],[-8.448064,41.1803185],[-8.4481848,41.1803815],[-8.4482742,41.1804557],[-8.4483849,41.1806136],[-8.448443,41.1807083],[-8.4484908,41.1808308],[-8.448544,41.1810323],[-8.4486077,41.1812062],[-8.4486451,41.1813603],[-8.4488172,41.1818409],[-8.4489337,41.1821095],[-8.4489805,41.1823392],[-8.4492318,41.1830022],[-8.449352,41.1832327],[-8.4494138,41.1834034],[-8.4493969,41.1835085],[-8.4494236,41.1836399],[-8.449494,41.1838106],[-8.4495469,41.1839551],[-8.4496088,41.1841257],[-8.4497403,41.1843226],[-8.4498718,41.1845062],[-8.4499506,41.1846046],[-8.4500908,41.1847948],[-8.4507624,41.185767],[-8.4510665,41.1858294],[-8.4510142,41.1858612],[-8.45092,41.1858773],[-8.4507342,41.1859058],[-8.4504202,41.1865128],[-8.4504318,41.1867342],[-8.4506105,41.1868683],[-8.4507592,41.1872776],[-8.4509063,41.187334],[-8.4509798,41.1873813],[-8.4510217,41.187397],[-8.4510849,41.1874522],[-8.4511798,41.1875705],[-8.4512013,41.1876891],[-8.4513169,41.1877554],[-8.4514468,41.1878942],[-8.4515114,41.1880217],[-8.4514727,41.1882396],[-8.4515226,41.1883371],[-8.4515926,41.1884196],[-8.4517126,41.1885319],[-8.4517633,41.1885431],[-8.4530151,41.1883832],[-8.4530785,41.1884709],[-8.4531102,41.1885103],[-8.4531996,41.1885971],[-8.4532681,41.1886484],[-8.4534097,41.1887112],[-8.4534938,41.1887426],[-8.4536512,41.1888055],[-8.4536933,41.1888251],[-8.453835,41.1888722],[-8.4539556,41.1889035],[-8.4540605,41.1889191],[-8.4541023,41.188915],[-8.4542281,41.1889186],[-8.4543171,41.1889065],[-8.4544951,41.1888703],[-8.4546783,41.1888421],[-8.4547359,41.1888301],[-8.454809,41.1887904],[-8.4548613,41.1887625],[-8.4552905,41.1887802],[-8.4553261,41.1888212],[-8.4553681,41.1888488],[-8.4554103,41.1888921],[-8.4554838,41.1889513],[-8.4555311,41.188967],[-8.4556098,41.1889825],[-8.4556673,41.1889863],[-8.4557827,41.1890018],[-8.4558037,41.1890057],[-8.4559291,41.1889302],[-8.4559916,41.1888826],[-8.4560122,41.1888035],[-8.4559858,41.188768],[-8.4559857,41.1887482],[-8.4560013,41.1887086],[-8.4560326,41.1886887],[-8.4560674,41.1887035],[-8.4561198,41.1886955],[-8.4561723,41.1887349],[-8.4562038,41.1887348],[-8.4563404,41.1888056],[-8.4564347,41.1888212],[-8.4565501,41.1888683],[-8.4566449,41.1889392],[-8.4567814,41.1890258],[-8.4569909,41.1890094],[-8.4571166,41.1889933],[-8.457284,41.1889611],[-8.4574095,41.1889133],[-8.4576814,41.1888256],[-8.4578385,41.1887539],[-8.4579741,41.1886586],[-8.458089,41.1886188],[-8.4581621,41.1885552],[-8.4582531,41.188604],[-8.4583934,41.1887412],[-8.4583002,41.188955],[-8.4581861,41.1891848],[-8.4580719,41.1893828],[-8.4579055,41.1896442],[-8.4577599,41.1898503],[-8.4576039,41.1900912],[-8.4574266,41.1901992],[-8.4573222,41.1903182],[-8.4572702,41.1903895],[-8.4571029,41.1904612],[-8.4569566,41.1905249],[-8.4567682,41.1905807],[-8.4564857,41.1906607],[-8.4564964,41.1907081],[-8.4564971,41.1908425],[-8.4565395,41.1909373],[-8.4565402,41.1910797],[-8.4565719,41.1911429],[-8.4566456,41.191206],[-8.4566776,41.1913403],[-8.4566885,41.1914194],[-8.456752,41.1915378],[-8.4568365,41.191672],[-8.4569949,41.1919247],[-8.4570689,41.1920431],[-8.4575631,41.1926239],[-8.461466,41.1934529],[-8.4668718,41.1927567],[-8.4673073,41.1927051],[-8.4675384,41.1927016],[-8.4676881,41.1927751],[-8.4677884,41.192899],[-8.4679283,41.1930695],[-8.4680378,41.1931873],[-8.4682686,41.1933153],[-8.4684766,41.1933327],[-8.4686396,41.1932962],[-8.4688347,41.1932345],[-8.469063,41.1931554],[-8.4693028,41.1931015],[-8.4693919,41.1931339],[-8.4694637,41.1932091],[-8.4695223,41.1933325],[-8.4695427,41.193408],[-8.4695748,41.1935005],[-8.4698123,41.1938429],[-8.4699806,41.193956],[-8.4702703,41.1940686],[-8.4704999,41.194183],[-8.470799,41.1943965],[-8.4709748,41.1946309],[-8.4711104,41.1949133],[-8.4712661,41.1952227],[-8.4713617,41.1954285],[-8.471431,41.1956605],[-8.4717735,41.1956288],[-8.472154,41.1955891],[-8.4725394,41.1955266],[-8.4728266,41.1954422],[-8.4729661,41.1953796],[-8.4731728,41.1953287],[-8.4734026,41.1953153],[-8.4736724,41.1952631],[-8.4739601,41.1952172],[-8.4742432,41.1951688],[-8.4767791,41.1944471],[-8.4783421,41.193769],[-8.4787801,41.1935235],[-8.4789871,41.1932699],[-8.4791415,41.1930338],[-8.4792795,41.1928451],[-8.4794038,41.1926772],[-8.4795315,41.1925984],[-8.4795325,41.1925978]]]}},{"type":"Feature","properties":{"nome":"Ermesinde","municipio":"Valongo","municipio_short":"VLG","dicofre":"131503","area_km2":7.88,"area_ha":787.86,"populacao":11032,"populacao_fonte":"estimated","densidade":1400,"num_escolas":4,"num_parques":1,"area_verde_m2":121352,"comboios_ativos":4,"camara_nome":"Câmara Municipal de Valongo","camara_email":"geral@cm-valongo.pt","camara_url":"https://www.cm-valongo.pt","escudo_url":null,"cor_principal":"#5A3463","centroide":[-8.55062756426798,41.21916679131517],"_todo":["Replace estimated populacao with real INE 2021 BGRI","Add real num_escolas (Censo + DGEEC)","Add real area_verde_m2 (Câmara dataset)","Add real comboios_ativos (Bicis Sapiens registry)","Add escudo_url (Wikimedia Commons SVG)","Verify cor_principal against actual heraldic blazon"]},"geometry":{"type":"Polygon","coordinates":[[[-8.567835,41.2400958],[-8.568005,41.2401408],[-8.5682012,41.2401451],[-8.56862,41.2400412],[-8.5688415,41.2397804],[-8.5690168,41.2397285],[-8.5693288,41.2398294],[-8.5695044,41.2398184],[-8.5698167,41.239955],[-8.569998,41.2400106],[-8.5704318,41.2402999],[-8.5707273,41.2403908],[-8.5705011,41.2402158],[-8.5703813,41.2401229],[-8.5703616,41.2401077],[-8.5702713,41.2400323],[-8.5701155,41.2398698],[-8.5698807,41.2396411],[-8.5647216,41.2347211],[-8.5647681,41.2343681],[-8.5649273,41.2324001],[-8.5653419,41.2321599],[-8.5654343,41.2321076],[-8.5655279,41.2320505],[-8.5656276,41.231968],[-8.565943,41.2316957],[-8.5651977,41.2312501],[-8.5649797,41.2311195],[-8.5650046,41.2304714],[-8.565136,41.2270869],[-8.5638245,41.2253679],[-8.5620467,41.2231576],[-8.5618962,41.2231483],[-8.5618791,41.2230567],[-8.5618525,41.2230073],[-8.5618111,41.2229469],[-8.5616872,41.2228466],[-8.5614628,41.2226756],[-8.5613539,41.2225966],[-8.5611872,41.222481],[-8.5610963,41.2224067],[-8.5609585,41.2222588],[-8.5607566,41.2220397],[-8.5608466,41.2219961],[-8.5609503,41.2219661],[-8.5610975,41.221943],[-8.5612771,41.2218965],[-8.5615023,41.221829],[-8.5616691,41.2217482],[-8.5619289,41.2216715],[-8.562115,41.2216079],[-8.5622382,41.2215543],[-8.5623531,41.2214989],[-8.5625634,41.2214],[-8.5625371,41.2213722],[-8.5624939,41.2213372],[-8.5624081,41.2212916],[-8.562311,41.221238],[-8.5622286,41.2211429],[-8.5621937,41.2210772],[-8.5621193,41.220966],[-8.5620061,41.2208773],[-8.5619043,41.2208138],[-8.5617613,41.2207673],[-8.5616709,41.220764],[-8.5616109,41.2207617],[-8.5614915,41.2207917],[-8.5613351,41.2208392],[-8.5611172,41.2208995],[-8.5607061,41.2209927],[-8.5603816,41.2210651],[-8.5603341,41.22106],[-8.5602977,41.2210044],[-8.5602801,41.2209369],[-8.5602517,41.2208712],[-8.5601999,41.2208091],[-8.560105,41.2207735],[-8.5600165,41.220755],[-8.5599354,41.2207615],[-8.5597823,41.2207731],[-8.5596987,41.2206814],[-8.5596567,41.220598],[-8.5596055,41.2205036],[-8.559559,41.2204534],[-8.5594928,41.2203985],[-8.5593955,41.2203369],[-8.5593118,41.2202562],[-8.5592593,41.2201978],[-8.5592136,41.2201277],[-8.5591863,41.2200603],[-8.5591193,41.2199245],[-8.5591971,41.2199117],[-8.5592651,41.2199097],[-8.5593585,41.2199021],[-8.5594296,41.2198883],[-8.5594908,41.2198602],[-8.5595449,41.2197826],[-8.5595914,41.2196032],[-8.5595837,41.2195022],[-8.5595763,41.2194608],[-8.5595588,41.2193729],[-8.5595533,41.2192971],[-8.559527,41.2191299],[-8.559489,41.2190499],[-8.5594701,41.2190012],[-8.5594359,41.2189231],[-8.5594122,41.218861],[-8.5593821,41.2186837],[-8.5593738,41.2186072],[-8.5593789,41.2185011],[-8.5593765,41.2183911],[-8.5593741,41.2182445],[-8.5593812,41.218095],[-8.5593825,41.2179994],[-8.5593801,41.2179374],[-8.5593689,41.2178351],[-8.5593477,41.217744],[-8.5593321,41.21767],[-8.5593165,41.2175828],[-8.5593145,41.2175134],[-8.559303,41.2174369],[-8.55927,41.2173596],[-8.5592391,41.217295],[-8.5592156,41.2172338],[-8.5591981,41.2171565],[-8.5591674,41.2170558],[-8.5591343,41.2169766],[-8.5590666,41.216848],[-8.5588901,41.216549],[-8.558977,41.2163632],[-8.5590874,41.2161746],[-8.5592046,41.2159607],[-8.5595944,41.2154471],[-8.5600405,41.2148917],[-8.5602692,41.2146646],[-8.5596132,41.2141557],[-8.5604587,41.2140517],[-8.56039,41.2138153],[-8.5604786,41.2137826],[-8.5607406,41.2137105],[-8.5611044,41.2136641],[-8.5612364,41.2136467],[-8.56055,41.2131186],[-8.5617363,41.2126659],[-8.5616853,41.2119655],[-8.5620785,41.2118687],[-8.5629601,41.2116493],[-8.5629238,41.2104716],[-8.5629458,41.2101906],[-8.562957,41.2099177],[-8.562942,41.2096856],[-8.5629251,41.2095686],[-8.5629119,41.2095164],[-8.5628865,41.2094641],[-8.5628537,41.2094283],[-8.5628213,41.2093844],[-8.5628165,41.2093493],[-8.562815,41.2092601],[-8.5627692,41.2077935],[-8.5627198,41.2077712],[-8.5617894,41.2074137],[-8.5574998,41.205773],[-8.5575074,41.2054955],[-8.5575072,41.2052704],[-8.5574963,41.2050662],[-8.5574561,41.2048027],[-8.5572043,41.2041136],[-8.5558959,41.2010866],[-8.5556043,41.2007054],[-8.5555632,41.2006082],[-8.5549962,41.1983844],[-8.5551028,41.198149],[-8.5552099,41.1979664],[-8.5552956,41.1978384],[-8.5555019,41.197625],[-8.55541,41.1976017],[-8.5554066,41.1976009],[-8.555195,41.1975473],[-8.5551186,41.1975144],[-8.5550885,41.1974031],[-8.555101,41.1970758],[-8.5551093,41.1968303],[-8.5550546,41.1967382],[-8.5548347,41.1965893],[-8.5546156,41.1965013],[-8.5544533,41.1965019],[-8.5542342,41.1964417],[-8.5539926,41.196319],[-8.55354,41.1962649],[-8.5532797,41.1963459],[-8.551857,41.1968747],[-8.5510045,41.1973569],[-8.5504185,41.1978393],[-8.5498857,41.198766],[-8.5493392,41.1994997],[-8.5489861,41.1997927],[-8.5488026,41.1998473],[-8.5485268,41.2003286],[-8.5484103,41.200856],[-8.5454562,41.2002195],[-8.5448395,41.200535],[-8.5434963,41.2014131],[-8.5430721,41.2016904],[-8.5427125,41.2019521],[-8.5424031,41.2021418],[-8.5419169,41.2024442],[-8.5415369,41.2024815],[-8.5413093,41.2025631],[-8.5411264,41.2027254],[-8.5409304,41.2027979],[-8.5406326,41.2028214],[-8.5402201,41.2027241],[-8.5400527,41.2027587],[-8.5309164,41.2032138],[-8.5311442,41.2027606],[-8.5296416,41.2032058],[-8.5283874,41.2033179],[-8.5273223,41.2032676],[-8.5272656,41.2032052],[-8.5272638,41.2032032],[-8.5272644,41.2032059],[-8.5273108,41.2034124],[-8.5273983,41.2038023],[-8.5276572,41.2043792],[-8.5278531,41.2046974],[-8.5281303,41.204924],[-8.528147,41.2049378],[-8.5288113,41.2054144],[-8.5288362,41.2057539],[-8.5289589,41.2063554],[-8.5291233,41.207151],[-8.5291785,41.207412],[-8.5292836,41.2079093],[-8.5293944,41.2082706],[-8.5294002,41.2082895],[-8.5294561,41.2084119],[-8.5295883,41.208712],[-8.5297755,41.2091119],[-8.5294915,41.209126],[-8.5290696,41.209147],[-8.5233393,41.209521],[-8.5240153,41.2109054],[-8.5250632,41.2109784],[-8.5261744,41.2110691],[-8.5271584,41.2111213],[-8.5277276,41.2111275],[-8.5280474,41.2112248],[-8.5276806,41.2116943],[-8.5276899,41.2116973],[-8.5278587,41.211751],[-8.5298991,41.2123789],[-8.5299025,41.21238],[-8.5299051,41.2123867],[-8.5300964,41.2128926],[-8.5307797,41.2132745],[-8.5320629,41.2140204],[-8.5324301,41.2142892],[-8.5328225,41.2140987],[-8.532883,41.2142484],[-8.5332106,41.2151154],[-8.5333317,41.2154746],[-8.5337018,41.2155543],[-8.53463,41.215236],[-8.5351087,41.2159455],[-8.5357687,41.216857],[-8.535893,41.2170234],[-8.5362227,41.2173314],[-8.5363923,41.2174422],[-8.5367673,41.2176326],[-8.5373288,41.2180044],[-8.5376078,41.2181904],[-8.5380148,41.2184915],[-8.5382885,41.2187348],[-8.5384211,41.2188867],[-8.5388163,41.2193464],[-8.5391932,41.2197989],[-8.5395373,41.2201807],[-8.5396614,41.2202921],[-8.5397109,41.2203364],[-8.5398972,41.2205422],[-8.5399703,41.2206229],[-8.5401859,41.2208621],[-8.540266,41.2209301],[-8.5404692,41.2211026],[-8.5406858,41.2212983],[-8.5409252,41.2215145],[-8.5411716,41.2217441],[-8.5414692,41.2220281],[-8.5414889,41.2220959],[-8.5414892,41.2221381],[-8.5414892,41.2221415],[-8.541506,41.222157],[-8.5415417,41.22219],[-8.5415979,41.2222598],[-8.5416562,41.2223561],[-8.5417485,41.2225087],[-8.5418602,41.2226741],[-8.5419189,41.2227703],[-8.5419606,41.2228646],[-8.5420114,41.2229884],[-8.5420942,41.2231971],[-8.5421208,41.2232594],[-8.5420346,41.2232818],[-8.5419899,41.2232959],[-8.5420351,41.223461],[-8.5420594,41.223551],[-8.5420692,41.2236039],[-8.5422458,41.2241774],[-8.5421034,41.2242718],[-8.54183,41.224431],[-8.541806,41.2245245],[-8.5417731,41.2246305],[-8.5416745,41.2248029],[-8.5415471,41.2249723],[-8.541725,41.2249592],[-8.5420571,41.224956],[-8.5422138,41.2249763],[-8.5423128,41.2249981],[-8.5423464,41.2250144],[-8.5425937,41.2248529],[-8.5425959,41.2248515],[-8.5426088,41.2248738],[-8.5426899,41.2250138],[-8.5426909,41.2250156],[-8.5428072,41.2252571],[-8.542885,41.2254137],[-8.5430876,41.2256392],[-8.5431176,41.2257858],[-8.5431187,41.2257932],[-8.5431464,41.2259882],[-8.5431914,41.2260844],[-8.5434001,41.2264969],[-8.5434726,41.2266679],[-8.543533,41.2268103],[-8.5435853,41.2269034],[-8.5436646,41.2270434],[-8.5437707,41.2272311],[-8.5440082,41.2275567],[-8.5439125,41.2276506],[-8.5439565,41.2280493],[-8.5439086,41.2282083],[-8.5438219,41.2282923],[-8.5436767,41.2284086],[-8.5435687,41.228585],[-8.5435639,41.2286828],[-8.5435884,41.2288662],[-8.5435989,41.2289823],[-8.5435813,41.2290923],[-8.5435793,41.2291632],[-8.5435786,41.2292857],[-8.5436229,41.2294868],[-8.5436715,41.2296762],[-8.5437001,41.2298339],[-8.5437025,41.229907],[-8.5437051,41.2300129],[-8.5437372,41.2302699],[-8.5438023,41.2310823],[-8.5439076,41.2313759],[-8.5439378,41.2315549],[-8.5439991,41.2319183],[-8.5448063,41.2314967],[-8.5451257,41.2315639],[-8.5456871,41.2316716],[-8.5458455,41.2317633],[-8.5458908,41.2317531],[-8.5459795,41.2317336],[-8.5466743,41.2315797],[-8.546864,41.2315447],[-8.5471328,41.231504],[-8.5473286,41.2314718],[-8.5475402,41.2314342],[-8.5476865,41.2313825],[-8.5477809,41.2313163],[-8.5479054,41.2312483],[-8.5480625,41.231199],[-8.5482063,41.2311499],[-8.5483669,41.2310908],[-8.5487636,41.2309624],[-8.5501234,41.2316032],[-8.550161,41.2316298],[-8.5520813,41.232977],[-8.5521125,41.2330011],[-8.5527683,41.2335122],[-8.5528704,41.2335937],[-8.5530139,41.2336598],[-8.5531693,41.2337032],[-8.5531819,41.2337068],[-8.5532353,41.2337145],[-8.5533935,41.2337376],[-8.553474,41.233753],[-8.5535984,41.2337765],[-8.5537977,41.2337957],[-8.5539931,41.2338318],[-8.554189,41.2338986],[-8.5544692,41.2339722],[-8.5583352,41.2348514],[-8.5627887,41.2358403],[-8.5660928,41.2377468],[-8.5666646,41.2384487],[-8.5666348,41.2387026],[-8.5671879,41.2394017],[-8.5675357,41.2394797],[-8.5677915,41.2400842],[-8.567835,41.2400958]]]}},{"type":"Feature","properties":{"nome":"Sobrado","municipio":"Valongo","municipio_short":"VLG","dicofre":"131508","area_km2":20.54,"area_ha":2054.13,"populacao":28756,"populacao_fonte":"estimated","densidade":1400,"num_escolas":12,"num_parques":5,"area_verde_m2":258804,"comboios_ativos":1,"camara_nome":"Câmara Municipal de Valongo","camara_email":"geral@cm-valongo.pt","camara_url":"https://www.cm-valongo.pt","escudo_url":null,"cor_principal":"#3D5C4A","centroide":[-8.461177056913831,41.22622974068136],"_todo":["Replace estimated populacao with real INE 2021 BGRI","Add real num_escolas (Censo + DGEEC)","Add real area_verde_m2 (Câmara dataset)","Add real comboios_ativos (Bicis Sapiens registry)","Add escudo_url (Wikimedia Commons SVG)","Verify cor_principal against actual heraldic blazon"]},"geometry":{"type":"Polygon","coordinates":[[[-8.4693919,41.1931339],[-8.4693028,41.1931015],[-8.469063,41.1931554],[-8.4688347,41.1932345],[-8.4686396,41.1932962],[-8.4684766,41.1933327],[-8.4682686,41.1933153],[-8.4680378,41.1931873],[-8.4679283,41.1930695],[-8.4677884,41.192899],[-8.4676881,41.1927751],[-8.4675384,41.1927016],[-8.4673073,41.1927051],[-8.4668718,41.1927567],[-8.461466,41.1934529],[-8.4575631,41.1926239],[-8.455875,41.1926089],[-8.4531337,41.1926363],[-8.4520112,41.1926394],[-8.4513325,41.1926742],[-8.4504867,41.1941293],[-8.4502092,41.1943274],[-8.4495413,41.1948024],[-8.4488543,41.1953595],[-8.4488061,41.1953821],[-8.4475083,41.1963902],[-8.4465995,41.1971152],[-8.4465629,41.1987369],[-8.4465346,41.1991335],[-8.4465679,41.1996555],[-8.4467997,41.1999334],[-8.4472615,41.2002338],[-8.4482467,41.2007883],[-8.449246,41.201337],[-8.450262,41.2018797],[-8.4514164,41.2025262],[-8.4521862,41.2029653],[-8.4523257,41.2032316],[-8.4522197,41.2035335],[-8.4516534,41.2038835],[-8.4515774,41.204023],[-8.4515977,41.2050555],[-8.4515557,41.2058795],[-8.4514209,41.2065877],[-8.4512866,41.2077738],[-8.4511212,41.2084707],[-8.4509246,41.2090978],[-8.4504055,41.209691],[-8.4497477,41.2102381],[-8.4493042,41.2106108],[-8.4488922,41.2111226],[-8.4484972,41.2120288],[-8.4482462,41.2125428],[-8.4480259,41.2129933],[-8.4476455,41.2137253],[-8.4473774,41.2141166],[-8.4472617,41.2142849],[-8.4468516,41.2145722],[-8.4468302,41.2145893],[-8.4465108,41.2151977],[-8.4446567,41.2164382],[-8.4440403,41.2172202],[-8.4435665,41.2208002],[-8.4427245,41.2230371],[-8.4411647,41.2246797],[-8.4405831,41.2255527],[-8.4406335,41.2266375],[-8.4415049,41.2271214],[-8.4411878,41.2273774],[-8.4413864,41.2276773],[-8.4413967,41.2277525],[-8.4412981,41.227797],[-8.4411968,41.227836],[-8.4411223,41.2278926],[-8.4410282,41.2280171],[-8.4408157,41.2284316],[-8.4406317,41.2287729],[-8.440573,41.2290251],[-8.440455,41.2293582],[-8.4404503,41.2294184],[-8.4404557,41.2295163],[-8.4404813,41.2296516],[-8.4404974,41.2298999],[-8.4405085,41.2301294],[-8.4406491,41.2303285],[-8.4409057,41.2306683],[-8.4406926,41.2307483],[-8.4405199,41.2308319],[-8.4403159,41.2309313],[-8.4403528,41.2309865],[-8.4404529,41.2310614],[-8.4404976,41.2311012],[-8.4405554,41.2311288],[-8.4406343,41.231184],[-8.4407184,41.2312431],[-8.440792,41.2312982],[-8.4408447,41.2313494],[-8.4408712,41.2314047],[-8.4409214,41.2314694],[-8.4409942,41.2315314],[-8.4410792,41.2316052],[-8.4412369,41.2316838],[-8.4413421,41.2317547],[-8.4414815,41.2318729],[-8.4416078,41.2319794],[-8.4418234,41.2321331],[-8.4420179,41.232263],[-8.4420707,41.2323262],[-8.4422226,41.2323218],[-8.4423867,41.232333],[-8.4425948,41.2322931],[-8.4426419,41.232297],[-8.442663,41.2323245],[-8.442684,41.2323245],[-8.4429516,41.2323791],[-8.4430828,41.2324026],[-8.4432305,41.2324363],[-8.4433099,41.2325507],[-8.4433704,41.2327236],[-8.4434813,41.2329565],[-8.4436118,41.2331442],[-8.4437125,41.2333471],[-8.4438121,41.2334913],[-8.443604,41.2335762],[-8.4435741,41.2335913],[-8.4434245,41.2336143],[-8.4432754,41.2337125],[-8.4431862,41.2338105],[-8.4430471,41.2339389],[-8.4429877,41.2340292],[-8.4428793,41.2342824],[-8.4428398,41.2343954],[-8.4428603,41.2345081],[-8.4429006,41.2345833],[-8.4429306,41.2345832],[-8.4430303,41.234598],[-8.4431205,41.2346403],[-8.4429709,41.2346914],[-8.4428914,41.2347518],[-8.4428718,41.2348271],[-8.4428729,41.2350603],[-8.4429435,41.2352257],[-8.4429738,41.2353084],[-8.4429864,41.23547],[-8.4429752,41.2356018],[-8.4429184,41.2356879],[-8.4427825,41.2357792],[-8.4425108,41.2359682],[-8.4423435,41.2360834],[-8.4423335,41.2361704],[-8.4423388,41.2361981],[-8.4423447,41.2363167],[-8.4423768,41.2364589],[-8.4423939,41.2367485],[-8.4423943,41.2368316],[-8.4424054,41.2369422],[-8.442411,41.2370213],[-8.4424424,41.2370371],[-8.4424952,41.2370962],[-8.4425113,41.2371634],[-8.4425168,41.2372227],[-8.4425696,41.2373215],[-8.4426012,41.2373563],[-8.4427903,41.2373274],[-8.4430314,41.2373109],[-8.4431676,41.2373027],[-8.4433039,41.2372865],[-8.4434924,41.2372385],[-8.4437731,41.2371666],[-8.4441291,41.2370707],[-8.444391,41.2370383],[-8.4446005,41.2369903],[-8.4447262,41.2369583],[-8.4447891,41.236974],[-8.4449152,41.237029],[-8.4450311,41.2371315],[-8.4451998,41.2373367],[-8.4453263,41.2374788],[-8.4454421,41.2375812],[-8.4456211,41.2377468],[-8.4458001,41.2378808],[-8.446,41.2380226],[-8.4461785,41.2380854],[-8.4463988,41.2380927],[-8.4465666,41.2381238],[-8.4467973,41.2381232],[-8.4469861,41.2381465],[-8.4471646,41.2382013],[-8.4473748,41.2382957],[-8.4476166,41.2384215],[-8.4477952,41.2385159],[-8.4480787,41.2386022],[-8.4482258,41.2386572],[-8.4483725,41.2386489],[-8.4485719,41.2386958],[-8.448897,41.2386949],[-8.4490019,41.2387025],[-8.4492115,41.2386861],[-8.4493791,41.2386302],[-8.4494457,41.2385999],[-8.4494709,41.2386487],[-8.4494164,41.238724],[-8.4493273,41.2388485],[-8.4493276,41.2389049],[-8.4493439,41.2391907],[-8.4493998,41.23942],[-8.4494657,41.2396342],[-8.4495469,41.2399387],[-8.4495088,41.2400382],[-8.4495612,41.2400588],[-8.4495938,41.2400775],[-8.4496463,41.2401131],[-8.4496638,41.2401357],[-8.4496939,41.2401619],[-8.449689,41.2401864],[-8.4496644,41.2402504],[-8.4496646,41.2402917],[-8.4496598,41.2403256],[-8.449675,41.2404008],[-8.4497002,41.2404308],[-8.4497352,41.2404619],[-8.4497728,41.2404881],[-8.4497903,41.240505],[-8.4498113,41.2405174],[-8.4498864,41.2405172],[-8.4500111,41.2405356],[-8.4502398,41.2403846],[-8.4504141,41.2403352],[-8.4505437,41.240331],[-8.4505539,41.2403875],[-8.4505244,41.2404779],[-8.4504901,41.2405795],[-8.4504556,41.2406887],[-8.4503964,41.2407942],[-8.450332,41.2408996],[-8.4502925,41.240975],[-8.4502031,41.241058],[-8.4500887,41.2411072],[-8.450024,41.241145],[-8.4499509,41.2411754],[-8.4499156,41.2412175],[-8.4498807,41.2412364],[-8.4497216,41.2413347],[-8.4495773,41.2414217],[-8.4494927,41.241467],[-8.4494081,41.2415049],[-8.4492738,41.2415843],[-8.4491394,41.2416562],[-8.4490597,41.2416752],[-8.4489353,41.2417169],[-8.4487808,41.2417813],[-8.4486315,41.2418269],[-8.4486017,41.2418533],[-8.4485172,41.2419251],[-8.4484675,41.2419628],[-8.4484328,41.242008],[-8.4484331,41.2420758],[-8.4484386,41.2421774],[-8.4484792,41.2423052],[-8.4484795,41.2423692],[-8.4485047,41.2424293],[-8.4485397,41.2424593],[-8.4485698,41.2424855],[-8.4486249,41.2425343],[-8.44874,41.2426093],[-8.4488591,41.2426626],[-8.4483997,41.2427502],[-8.4480784,41.242816],[-8.4477596,41.2429012],[-8.4473282,41.2430414],[-8.4470708,41.2431219],[-8.4469679,41.2431537],[-8.4469162,41.243152],[-8.446872,41.2431372],[-8.4467686,41.243069],[-8.4465667,41.242962],[-8.4460502,41.2427048],[-8.4454816,41.2424347],[-8.4451151,41.2422725],[-8.4450019,41.2422302],[-8.444938,41.2422192],[-8.4448791,41.2422194],[-8.4448032,41.2422363],[-8.4446169,41.2423091],[-8.4444675,41.2423837],[-8.4444014,41.2424199],[-8.4443303,41.2424331],[-8.4442392,41.2424297],[-8.4441338,41.2424207],[-8.4438636,41.2423955],[-8.4437556,41.2423791],[-8.4436375,41.2423368],[-8.4434136,41.2422502],[-8.4430916,41.2421565],[-8.4428874,41.2420853],[-8.4399952,41.2442592],[-8.4401108,41.2444556],[-8.4405512,41.24433],[-8.4424968,41.2441774],[-8.4444353,41.2440299],[-8.4480349,41.2437428],[-8.4496279,41.2435893],[-8.4521604,41.2433369],[-8.4521626,41.2435164],[-8.4521613,41.2437511],[-8.4520799,41.2439146],[-8.4520153,41.2441601],[-8.4519884,41.2444409],[-8.451931,41.2447148],[-8.4519184,41.2450062],[-8.4518959,41.245216],[-8.4519081,41.2453475],[-8.4520082,41.2456066],[-8.4521792,41.2459615],[-8.452426,41.2464228],[-8.452464,41.246515],[-8.4524642,41.2465505],[-8.4524179,41.2466928],[-8.4522638,41.2468958],[-8.4523451,41.24718],[-8.4540496,41.2445021],[-8.4560072,41.2446286],[-8.4564209,41.244641],[-8.4571166,41.2447436],[-8.4582752,41.244775],[-8.4604522,41.2446283],[-8.4637872,41.2443729],[-8.4660547,41.2438408],[-8.4703603,41.2429334],[-8.4798318,41.2413486],[-8.4805912,41.241204],[-8.4826071,41.2408194],[-8.4877299,41.2398594],[-8.4885116,41.2397128],[-8.4862455,41.2383463],[-8.4853839,41.2378267],[-8.4857649,41.2372838],[-8.4870362,41.235649],[-8.4880695,41.234641],[-8.4886383,41.2341008],[-8.4888069,41.2339602],[-8.4888321,41.2339402],[-8.4889391,41.2338256],[-8.4890904,41.2336178],[-8.4891578,41.2334962],[-8.4891916,41.2334142],[-8.489214,41.2332975],[-8.4892195,41.2331744],[-8.4892053,41.2329944],[-8.4891804,41.2328182],[-8.4891047,41.232609],[-8.489024,41.2324415],[-8.4889667,41.232325],[-8.4889228,41.2322328],[-8.4888907,41.2321463],[-8.4888654,41.2320576],[-8.4888512,41.231977],[-8.4888497,41.2319014],[-8.4888649,41.2318204],[-8.4888851,41.2317445],[-8.4889335,41.2316586],[-8.4890596,41.2314645],[-8.4891717,41.2312718],[-8.4893898,41.2308541],[-8.4892651,41.229855],[-8.4893708,41.2297006],[-8.4894227,41.2296414],[-8.4895304,41.229595],[-8.4899218,41.2295173],[-8.4902718,41.229416],[-8.4903805,41.2293762],[-8.490447,41.2293227],[-8.4904969,41.2292921],[-8.49069,41.2292402],[-8.4910353,41.2291812],[-8.4912561,41.229087],[-8.4912652,41.2289639],[-8.4911794,41.2286928],[-8.4911968,41.2286468],[-8.4911521,41.2283711],[-8.4910128,41.2280276],[-8.4907982,41.2275471],[-8.4907591,41.2273989],[-8.4907997,41.2272757],[-8.4909547,41.2270477],[-8.4910964,41.226919],[-8.49121,41.2268637],[-8.4914585,41.2268358],[-8.4917918,41.2267946],[-8.4918991,41.2267846],[-8.4922869,41.2267602],[-8.4924485,41.226734],[-8.4925838,41.2266936],[-8.49272,41.2266465],[-8.4928043,41.2266049],[-8.4933877,41.2260948],[-8.4936989,41.2258353],[-8.4938418,41.2256164],[-8.4939335,41.2254732],[-8.4939618,41.225361],[-8.4939534,41.2252784],[-8.4939145,41.2251458],[-8.4938936,41.2250017],[-8.4939266,41.2249123],[-8.4939606,41.2247991],[-8.4939892,41.2245397],[-8.4940001,41.2243512],[-8.4940335,41.2240811],[-8.4940742,41.2238549],[-8.4941102,41.2237284],[-8.494167,41.223582],[-8.4942955,41.2234292],[-8.4944292,41.223301],[-8.4946283,41.2232277],[-8.4949005,41.2232203],[-8.4951642,41.2232418],[-8.4952751,41.2232162],[-8.4953773,41.223131],[-8.4954449,41.2229753],[-8.4955218,41.2229124],[-8.4956896,41.2228233],[-8.4959474,41.2225967],[-8.4962489,41.2222623],[-8.4964725,41.2218458],[-8.4967957,41.2204746],[-8.4970712,41.2199683],[-8.4972064,41.2197197],[-8.4973856,41.2193904],[-8.4974011,41.2193813],[-8.4981814,41.2189219],[-8.4996491,41.218369],[-8.4996184,41.2178215],[-8.4999272,41.2174052],[-8.4999008,41.2166363],[-8.4994796,41.2157674],[-8.4986016,41.2150272],[-8.4971665,41.2134958],[-8.4948005,41.2111834],[-8.4941085,41.2105078],[-8.4924649,41.2094588],[-8.4920371,41.2091782],[-8.4909977,41.2084387],[-8.4904717,41.2077973],[-8.4897064,41.2062972],[-8.48885,41.2056495],[-8.4879134,41.2044734],[-8.4874053,41.2031916],[-8.4872866,41.2029552],[-8.4870723,41.2025285],[-8.4868493,41.2020843],[-8.4867275,41.2018403],[-8.4866124,41.2016097],[-8.4865582,41.2015011],[-8.4863054,41.2010787],[-8.4861314,41.2007879],[-8.4856877,41.2003612],[-8.4856603,41.2003348],[-8.4853952,41.2000799],[-8.485039,41.1991918],[-8.484187,41.1982314],[-8.483603,41.1971738],[-8.4829988,41.1964277],[-8.4822451,41.195497],[-8.4809422,41.1942596],[-8.4801054,41.1932711],[-8.4796825,41.1927716],[-8.4795325,41.1925978],[-8.4795315,41.1925984],[-8.4794038,41.1926772],[-8.4792795,41.1928451],[-8.4791415,41.1930338],[-8.4789871,41.1932699],[-8.4787801,41.1935235],[-8.4783421,41.193769],[-8.4767791,41.1944471],[-8.4742432,41.1951688],[-8.4739601,41.1952172],[-8.4736724,41.1952631],[-8.4734026,41.1953153],[-8.4731728,41.1953287],[-8.4729661,41.1953796],[-8.4728266,41.1954422],[-8.4725394,41.1955266],[-8.472154,41.1955891],[-8.4717735,41.1956288],[-8.471431,41.1956605],[-8.4713617,41.1954285],[-8.4712661,41.1952227],[-8.4711104,41.1949133],[-8.4709748,41.1946309],[-8.470799,41.1943965],[-8.4704999,41.194183],[-8.4702703,41.1940686],[-8.4699806,41.193956],[-8.4698123,41.1938429],[-8.4695748,41.1935005],[-8.4695427,41.193408],[-8.4695223,41.1933325],[-8.4694637,41.1932091],[-8.4693919,41.1931339]]]}},{"type":"Feature","properties":{"nome":"Valongo","municipio":"Valongo","municipio_short":"VLG","dicofre":"131505","area_km2":20.24,"area_ha":2023.86,"populacao":28335,"populacao_fonte":"estimated","densidade":1400,"num_escolas":12,"num_parques":5,"area_verde_m2":283350,"comboios_ativos":3,"camara_nome":"Câmara Municipal de Valongo","camara_email":"geral@cm-valongo.pt","camara_url":"https://www.cm-valongo.pt","escudo_url":null,"cor_principal":"#5C7A52","centroide":[-8.49497353763158,41.19083478842107],"_todo":["Replace estimated populacao with real INE 2021 BGRI","Add real num_escolas (Censo + DGEEC)","Add real area_verde_m2 (Câmara dataset)","Add real comboios_ativos (Bicis Sapiens registry)","Add escudo_url (Wikimedia Commons SVG)","Verify cor_principal against actual heraldic blazon"]},"geometry":{"type":"Polygon","coordinates":[[[-8.5203126,41.1963785],[-8.5200539,41.1960293],[-8.5180681,41.1945725],[-8.5175895,41.1942519],[-8.5150858,41.1897329],[-8.5146155,41.1891654],[-8.5144598,41.188774],[-8.5143003,41.1885308],[-8.5132265,41.1873389],[-8.5125545,41.1868867],[-8.5117134,41.1861583],[-8.5105645,41.1852399],[-8.5099654,41.1845371],[-8.5096461,41.1839783],[-8.5089447,41.1832495],[-8.5087469,41.1828023],[-8.5086146,41.1824273],[-8.5082307,41.1819674],[-8.5078925,41.1813494],[-8.5074682,41.1802825],[-8.5068766,41.1792714],[-8.5063322,41.1783773],[-8.5053867,41.1771061],[-8.5033686,41.1736813],[-8.5006842,41.1696261],[-8.4986455,41.1650416],[-8.4976469,41.1631772],[-8.4957229,41.1594222],[-8.4955992,41.1569325],[-8.4948716,41.1510727],[-8.4948557,41.1489504],[-8.4946712,41.148229],[-8.4946029,41.1475255],[-8.4944976,41.1471329],[-8.4942119,41.1467592],[-8.4943778,41.1464571],[-8.4944276,41.1461279],[-8.4943765,41.1457471],[-8.4920834,41.1453405],[-8.4906129,41.1454113],[-8.4897178,41.1454207],[-8.4889585,41.1456424],[-8.4878632,41.1457554],[-8.4860856,41.1459985],[-8.4843723,41.1462322],[-8.4833692,41.1467104],[-8.4823912,41.1474532],[-8.4820986,41.1471973],[-8.4817448,41.1469485],[-8.4811876,41.1466907],[-8.4806171,41.1464906],[-8.4800739,41.1463097],[-8.4795712,41.1460998],[-8.4791905,41.1458991],[-8.4784027,41.1456036],[-8.4781834,41.1451525],[-8.4779795,41.1450379],[-8.4778821,41.1445864],[-8.4771192,41.1438679],[-8.4765884,41.1434755],[-8.4758538,41.1429779],[-8.4741546,41.1420892],[-8.4709685,41.1407644],[-8.4676999,41.1451909],[-8.4663184,41.1477863],[-8.4671903,41.148243],[-8.4691522,41.1515229],[-8.4704899,41.153864],[-8.4726717,41.1576822],[-8.4730034,41.1582627],[-8.4737875,41.1596347],[-8.4766312,41.16461],[-8.4795455,41.1696654],[-8.4797054,41.1699426],[-8.4803278,41.1704126],[-8.4812846,41.1711354],[-8.4793914,41.1720363],[-8.4789971,41.1722248],[-8.4787171,41.1723587],[-8.4785219,41.1728594],[-8.4785523,41.1733649],[-8.4797067,41.1750396],[-8.4803255,41.1758483],[-8.480771,41.1766251],[-8.4811365,41.1772951],[-8.4812015,41.1774142],[-8.4814727,41.1781533],[-8.4815222,41.1783171],[-8.4815233,41.1784581],[-8.4815238,41.1785236],[-8.4815817,41.1785936],[-8.481588,41.1786013],[-8.481775,41.1788718],[-8.4818058,41.1789205],[-8.4818059,41.1789207],[-8.4818835,41.1790471],[-8.4819055,41.1790692],[-8.4819812,41.1791217],[-8.4822509,41.1794167],[-8.4823272,41.1795567],[-8.4823944,41.1796833],[-8.4824377,41.1797425],[-8.4824711,41.1797671],[-8.4826195,41.1798843],[-8.4826426,41.1799043],[-8.4828465,41.1800804],[-8.4829034,41.1801791],[-8.4829795,41.1803075],[-8.4831016,41.1804466],[-8.4831692,41.1805599],[-8.483227,41.1806462],[-8.4833851,41.1808816],[-8.4834349,41.1809308],[-8.4835964,41.1810929],[-8.4836346,41.1811423],[-8.4836449,41.1811586],[-8.4836682,41.1811954],[-8.4837396,41.181251],[-8.4838276,41.1812955],[-8.4838933,41.1813288],[-8.484069,41.1814767],[-8.484296,41.1816433],[-8.4841632,41.1817222],[-8.4840842,41.1817738],[-8.4840347,41.1818062],[-8.4841381,41.1819335],[-8.4842368,41.1820624],[-8.4842838,41.182153],[-8.484331,41.1822731],[-8.4843229,41.1823853],[-8.4843282,41.1824467],[-8.484327,41.1825546],[-8.484313,41.1827025],[-8.484287,41.1828551],[-8.4842243,41.1829248],[-8.4841003,41.1829406],[-8.4840268,41.1830874],[-8.4835696,41.1835448],[-8.4835453,41.1835691],[-8.4834251,41.183708],[-8.4829878,41.1833928],[-8.4827772,41.1832397],[-8.4827431,41.1832148],[-8.4825146,41.1832857],[-8.4824073,41.1832894],[-8.4823562,41.1832912],[-8.4822365,41.1832352],[-8.481828,41.183027],[-8.4813411,41.1829118],[-8.4808325,41.1828772],[-8.4806363,41.1829018],[-8.4804648,41.1829344],[-8.4803409,41.182979],[-8.4801844,41.1830392],[-8.4797995,41.1832867],[-8.4796443,41.183217],[-8.4795606,41.1831794],[-8.4794974,41.1832916],[-8.4794832,41.1833169],[-8.4794417,41.1833906],[-8.479434,41.1834808],[-8.479427,41.1835634],[-8.479419,41.1836855],[-8.4794175,41.1837086],[-8.4793417,41.1837888],[-8.4789979,41.1839114],[-8.4787054,41.1839759],[-8.478445,41.1840174],[-8.4783158,41.1840714],[-8.478195,41.184138],[-8.4780699,41.1842225],[-8.4778901,41.1843809],[-8.4778922,41.1845625],[-8.4778955,41.1845924],[-8.477893,41.1847444],[-8.477897,41.1848391],[-8.4780797,41.1849775],[-8.4781648,41.1850467],[-8.4783298,41.1851153],[-8.4785179,41.1851935],[-8.4783875,41.1854132],[-8.4783805,41.185425],[-8.4785471,41.1854576],[-8.4786072,41.1854694],[-8.4786037,41.1854716],[-8.478496,41.1855392],[-8.4782516,41.1857335],[-8.4781791,41.1857948],[-8.478111,41.185864],[-8.4780952,41.1859218],[-8.4780952,41.1859219],[-8.4781006,41.1859601],[-8.4781006,41.1859602],[-8.4781274,41.1860129],[-8.4781275,41.186013],[-8.4781792,41.1861703],[-8.4781792,41.1861704],[-8.4783188,41.1863443],[-8.4783189,41.1863444],[-8.478408,41.1864345],[-8.4784489,41.1864817],[-8.4785687,41.1866696],[-8.4785946,41.1868257],[-8.4786018,41.1869118],[-8.4786018,41.1869118],[-8.478631,41.1871213],[-8.4786311,41.1871213],[-8.4787358,41.1873129],[-8.4788794,41.1874557],[-8.4791821,41.1877069],[-8.4795772,41.1882289],[-8.4795775,41.1882295],[-8.4798439,41.1887069],[-8.4798443,41.1887077],[-8.4798446,41.1887081],[-8.4800268,41.188993],[-8.4800268,41.1889931],[-8.4801708,41.1893407],[-8.4802852,41.1900624],[-8.4802853,41.1900626],[-8.4802851,41.1900628],[-8.4798124,41.1905281],[-8.4798119,41.1905286],[-8.4797673,41.1907334],[-8.4797639,41.1907352],[-8.4785548,41.1913674],[-8.4787177,41.1916536],[-8.4795325,41.1925978],[-8.4796825,41.1927716],[-8.4801054,41.1932711],[-8.4809422,41.1942596],[-8.4822451,41.195497],[-8.4829988,41.1964277],[-8.483603,41.1971738],[-8.484187,41.1982314],[-8.485039,41.1991918],[-8.4853952,41.2000799],[-8.4856603,41.2003348],[-8.4856877,41.2003612],[-8.4861314,41.2007879],[-8.4863054,41.2010787],[-8.4865582,41.2015011],[-8.4866124,41.2016097],[-8.4867275,41.2018403],[-8.4868493,41.2020843],[-8.4870723,41.2025285],[-8.4872866,41.2029552],[-8.4874053,41.2031916],[-8.4879134,41.2044734],[-8.48885,41.2056495],[-8.4897064,41.2062972],[-8.4904717,41.2077973],[-8.4909977,41.2084387],[-8.4920371,41.2091782],[-8.4924649,41.2094588],[-8.4941085,41.2105078],[-8.4948005,41.2111834],[-8.4971665,41.2134958],[-8.4986016,41.2150272],[-8.4994796,41.2157674],[-8.4999008,41.2166363],[-8.4999272,41.2174052],[-8.4996184,41.2178215],[-8.4996491,41.218369],[-8.4981814,41.2189219],[-8.4974011,41.2193813],[-8.4973856,41.2193904],[-8.4972064,41.2197197],[-8.4970712,41.2199683],[-8.4967957,41.2204746],[-8.4964725,41.2218458],[-8.497936,41.2235271],[-8.4986689,41.224369],[-8.4990763,41.2242927],[-8.5002895,41.2240586],[-8.501452,41.2238147],[-8.5024317,41.2235743],[-8.503565,41.2232919],[-8.5046167,41.2230432],[-8.505946,41.2226922],[-8.5067424,41.222478],[-8.5078036,41.2221516],[-8.5079728,41.2221888],[-8.5082757,41.2223289],[-8.5086334,41.2225632],[-8.5090987,41.222909],[-8.5098531,41.2232708],[-8.5105669,41.2236283],[-8.5109808,41.2235669],[-8.5113346,41.2234501],[-8.5118298,41.2232543],[-8.5119781,41.2231701],[-8.5121912,41.2230383],[-8.5123804,41.2228697],[-8.5125185,41.2227017],[-8.5126341,41.2225119],[-8.5126984,41.2223482],[-8.5127503,41.2222222],[-8.5127975,41.2221028],[-8.5131601,41.2204052],[-8.5143893,41.2205632],[-8.5143963,41.2205044],[-8.5146825,41.2200223],[-8.5149806,41.2197059],[-8.515839,41.219676],[-8.516193,41.2197675],[-8.5168318,41.220177],[-8.5167956,41.2200271],[-8.5167956,41.220027],[-8.5167134,41.2195879],[-8.5167076,41.2195594],[-8.5166214,41.2191361],[-8.5165493,41.2187822],[-8.5172497,41.2188244],[-8.5183505,41.2188573],[-8.5184452,41.2186101],[-8.518614,41.2180269],[-8.5188193,41.217469],[-8.5187878,41.2174559],[-8.5181977,41.21721],[-8.5177043,41.2164463],[-8.5181485,41.2160666],[-8.5188552,41.2157947],[-8.5196413,41.2152962],[-8.5196161,41.2150802],[-8.5193829,41.2149096],[-8.5187308,41.214588],[-8.5188377,41.2144695],[-8.5191436,41.2141464],[-8.5200351,41.213323],[-8.518691,41.2118688],[-8.5194025,41.2111911],[-8.5193814,41.2110598],[-8.5191828,41.2108064],[-8.519097,41.2106017],[-8.5190872,41.2103007],[-8.5194573,41.2103805],[-8.5198009,41.2100012],[-8.5210896,41.2106592],[-8.521733,41.2109501],[-8.5222687,41.2112854],[-8.5225998,41.2115967],[-8.5228891,41.2117967],[-8.5235803,41.2122033],[-8.5240092,41.2125056],[-8.5241085,41.2125529],[-8.5246557,41.212408],[-8.5247793,41.2124004],[-8.5249434,41.2124157],[-8.5253632,41.2123624],[-8.5259947,41.2120624],[-8.5263339,41.211816],[-8.5261904,41.2113809],[-8.5261744,41.2110691],[-8.5250632,41.2109784],[-8.5240153,41.2109054],[-8.5233393,41.209521],[-8.5290696,41.209147],[-8.5294915,41.209126],[-8.5297755,41.2091119],[-8.5295883,41.208712],[-8.5294561,41.2084119],[-8.5294002,41.2082895],[-8.5293944,41.2082706],[-8.5292836,41.2079093],[-8.5291785,41.207412],[-8.5291233,41.207151],[-8.5289589,41.2063554],[-8.5288362,41.2057539],[-8.5288113,41.2054144],[-8.528147,41.2049378],[-8.5281303,41.204924],[-8.5278531,41.2046974],[-8.5276572,41.2043792],[-8.5273983,41.2038023],[-8.5273108,41.2034124],[-8.5272644,41.2032059],[-8.5272638,41.2032032],[-8.5270988,41.2030213],[-8.5235815,41.200596],[-8.5203126,41.1963785]]]}},{"type":"Feature","properties":{"nome":"Anta","municipio":"Espinho","municipio_short":"ESP","dicofre":"010707","area_km2":6.02,"area_ha":601.82,"populacao":18060,"populacao_fonte":"estimated","densidade":3000,"num_escolas":3,"num_parques":1,"area_verde_m2":216720,"comboios_ativos":2,"camara_nome":"Câmara Municipal de Espinho","camara_email":"geral@cm-espinho.pt","camara_url":"https://www.cm-espinho.pt","escudo_url":null,"cor_principal":"#8B2A2A","centroide":[-8.61824399496063,41.012351084881956],"_todo":["Replace estimated populacao with real INE 2021 BGRI","Add real num_escolas (Censo + DGEEC)","Add real area_verde_m2 (Câmara dataset)","Add real comboios_ativos (Bicis Sapiens registry)","Add escudo_url (Wikimedia Commons SVG)","Verify cor_principal against actual heraldic blazon"]},"geometry":{"type":"Polygon","coordinates":[[[-8.6134945,41.0221609],[-8.6139232,41.0219697],[-8.6139369,41.0219634],[-8.6140087,41.0220766],[-8.6141292,41.0221872],[-8.6141183,41.0223496],[-8.6141202,41.0223614],[-8.6141399,41.0223565],[-8.614174,41.0223508],[-8.6141877,41.0223471],[-8.6142048,41.0223419],[-8.6142349,41.0223398],[-8.6142809,41.0223422],[-8.6143186,41.0223468],[-8.614347,41.0223501],[-8.6143823,41.0223522],[-8.6143945,41.0223532],[-8.6144391,41.0223508],[-8.6144621,41.0223451],[-8.6144743,41.02234],[-8.6145125,41.0223156],[-8.6145508,41.0223013],[-8.6145705,41.022285],[-8.614601,41.0222651],[-8.614653,41.022236],[-8.6146759,41.0222198],[-8.6147232,41.0221822],[-8.6147967,41.0221551],[-8.6148259,41.0221458],[-8.6148733,41.0221233],[-8.614907,41.0221094],[-8.6149405,41.022094],[-8.6149527,41.0220836],[-8.6149573,41.0220732],[-8.6149556,41.0220544],[-8.6149587,41.0220394],[-8.6149614,41.0220011],[-8.6149674,41.0219766],[-8.6149686,41.0219524],[-8.6149717,41.0219372],[-8.6149808,41.0219139],[-8.6150064,41.0218423],[-8.6150298,41.0217811],[-8.6150575,41.0217022],[-8.6158009,41.0212455],[-8.6158351,41.021233],[-8.6158952,41.0211981],[-8.6159518,41.0211596],[-8.616003,41.0211329],[-8.6160581,41.0211049],[-8.6161272,41.0210708],[-8.6161466,41.021064],[-8.6161962,41.0210356],[-8.6162408,41.0210126],[-8.6162864,41.0209908],[-8.6163312,41.0209675],[-8.6163532,41.0209551],[-8.616396,41.0209304],[-8.6164171,41.0209176],[-8.6164391,41.0209063],[-8.6164612,41.0208946],[-8.6165071,41.0208737],[-8.616545,41.0208482],[-8.6165617,41.0208416],[-8.616568,41.0208379],[-8.6166087,41.020811],[-8.6166489,41.0207838],[-8.6166699,41.0207708],[-8.616713,41.0207464],[-8.6167367,41.0207362],[-8.6167604,41.0207263],[-8.6167844,41.0207163],[-8.6168322,41.020697],[-8.6168561,41.0206873],[-8.6169049,41.0206691],[-8.6169553,41.0206542],[-8.617007,41.0206422],[-8.6170601,41.0206341],[-8.617087,41.0206334],[-8.6171412,41.0206306],[-8.6171678,41.0206277],[-8.617195,41.0206267],[-8.6172222,41.0206253],[-8.6172655,41.0206183],[-8.6173281,41.0205964],[-8.6173775,41.0205796],[-8.6174263,41.0205622],[-8.6174755,41.0205451],[-8.6174878,41.0205428],[-8.6175267,41.0205322],[-8.617604,41.0205142],[-8.6176343,41.0205082],[-8.6176619,41.0204987],[-8.6177091,41.020494],[-8.6177629,41.0204882],[-8.6177897,41.0204847],[-8.6178165,41.0204807],[-8.6178686,41.02047],[-8.6179226,41.0204633],[-8.6180031,41.0204562],[-8.6180566,41.0204495],[-8.6181364,41.0204385],[-8.6181907,41.0204374],[-8.6182174,41.0204393],[-8.6183028,41.0204439],[-8.6183526,41.0204255],[-8.6183376,41.0203586],[-8.6183293,41.020318],[-8.6183146,41.0202788],[-8.6182961,41.02024],[-8.6182767,41.0202024],[-8.6182694,41.0201849],[-8.6183114,41.0201722],[-8.6183536,41.0201621],[-8.6184378,41.0201424],[-8.6185574,41.0201326],[-8.6188194,41.0201188],[-8.6189538,41.0201148],[-8.6189722,41.0201111],[-8.6197874,41.0200094],[-8.619884,41.0199975],[-8.6199941,41.0200218],[-8.6201013,41.0200292],[-8.6201554,41.0200323],[-8.6202631,41.0200322],[-8.6203173,41.0200306],[-8.6203715,41.0200337],[-8.6204221,41.0200487],[-8.6204718,41.0200653],[-8.6205234,41.0200778],[-8.6205732,41.0200868],[-8.6206255,41.0200917],[-8.6206934,41.0200861],[-8.6207569,41.0200841],[-8.6209099,41.0200899],[-8.6211422,41.0199888],[-8.6212802,41.019893],[-8.621374,41.0198353],[-8.6214142,41.0198382],[-8.6217334,41.0198625],[-8.6228342,41.0198218],[-8.6228348,41.0197905],[-8.6228423,41.0196545],[-8.6228476,41.0195364],[-8.6228549,41.0194564],[-8.6228684,41.0193472],[-8.6228858,41.0192312],[-8.6229034,41.0191253],[-8.6229248,41.0190023],[-8.6229541,41.0188517],[-8.6229892,41.0186734],[-8.6230112,41.0186792],[-8.6231258,41.0187085],[-8.6233163,41.0187578],[-8.6234569,41.0187988],[-8.6236316,41.0188504],[-8.6238086,41.0188879],[-8.6240402,41.0189393],[-8.6241692,41.0189694],[-8.6244536,41.0190211],[-8.6246478,41.0190543],[-8.6248357,41.0190968],[-8.6249361,41.0191198],[-8.6255143,41.0192206],[-8.6257109,41.0192501],[-8.6259111,41.0192532],[-8.625923,41.0192526],[-8.6261531,41.0192369],[-8.6264279,41.0192206],[-8.626656,41.0192125],[-8.6267938,41.019199],[-8.6270153,41.0191775],[-8.6274674,41.0191215],[-8.6275427,41.0191128],[-8.6277705,41.019073],[-8.6279626,41.0190221],[-8.6281116,41.0189837],[-8.6283348,41.0189237],[-8.6284687,41.018891],[-8.6286822,41.0188428],[-8.6288241,41.0188192],[-8.6290003,41.0187919],[-8.6290479,41.0187843],[-8.6291091,41.0187709],[-8.6296173,41.0186773],[-8.6298389,41.0186307],[-8.6303704,41.0184925],[-8.6305504,41.0184459],[-8.6306581,41.018433],[-8.6309377,41.0183992],[-8.6309799,41.018395],[-8.6310192,41.0183856],[-8.6310581,41.0183708],[-8.6310919,41.0183512],[-8.6311206,41.0183278],[-8.6311249,41.0183235],[-8.6315041,41.0179296],[-8.6315457,41.0178745],[-8.6316066,41.0177676],[-8.6317441,41.0175312],[-8.6317981,41.0174179],[-8.6318984,41.0172424],[-8.6321972,41.016926],[-8.6322359,41.0168392],[-8.6322736,41.0168097],[-8.6323177,41.0167854],[-8.6323249,41.0167829],[-8.6323391,41.0167436],[-8.6324,41.0167465],[-8.6325277,41.0167521],[-8.6333131,41.0167873],[-8.6341443,41.0167972],[-8.6344433,41.0167824],[-8.6345595,41.0167295],[-8.6346302,41.0167066],[-8.6347478,41.0166001],[-8.6347538,41.016544],[-8.6347604,41.0164548],[-8.6347849,41.0162676],[-8.6348402,41.0160071],[-8.6348901,41.015787],[-8.634969,41.0156058],[-8.6350138,41.0155499],[-8.6351412,41.0154016],[-8.635422,41.0152481],[-8.6356594,41.0152156],[-8.636037,41.0152283],[-8.6361936,41.015231],[-8.6364765,41.0152362],[-8.6368054,41.0152151],[-8.6371045,41.015165],[-8.6372247,41.0151395],[-8.6372227,41.0149859],[-8.6372213,41.0149746],[-8.6372408,41.0148583],[-8.6372523,41.0147466],[-8.637259,41.0145971],[-8.6372717,41.0144372],[-8.6372714,41.0143252],[-8.6372366,41.0142595],[-8.6370596,41.0141326],[-8.6368987,41.0140269],[-8.6367368,41.013908],[-8.6365809,41.0137826],[-8.6365143,41.0137244],[-8.6363833,41.0136493],[-8.6363048,41.013655],[-8.6362411,41.0136741],[-8.6361912,41.0136836],[-8.6361567,41.0136899],[-8.6360856,41.0136982],[-8.6359911,41.0137014],[-8.6358877,41.0137145],[-8.6357051,41.0137502],[-8.6356648,41.0137543],[-8.6354889,41.0137962],[-8.6353691,41.013829],[-8.6352606,41.0138585],[-8.6352203,41.0138632],[-8.6351691,41.0138707],[-8.6351312,41.0138698],[-8.6350014,41.0138703],[-8.6349373,41.0138723],[-8.6348502,41.0138693],[-8.6348393,41.0138691],[-8.6348027,41.0138679],[-8.6347557,41.0140037],[-8.6347054,41.0141057],[-8.634679,41.0141497],[-8.6346555,41.0141892],[-8.6346101,41.0142077],[-8.6342532,41.0142445],[-8.6337483,41.0142827],[-8.6337401,41.0142821],[-8.6337074,41.0142804],[-8.6336678,41.0142729],[-8.6336305,41.0142601],[-8.6335966,41.0142428],[-8.6335737,41.0142263],[-8.6335652,41.0141977],[-8.6335473,41.0140939],[-8.6334988,41.0138459],[-8.6334777,41.0136094],[-8.6334349,41.0136045],[-8.6334196,41.0136011],[-8.6334382,41.0135344],[-8.6334712,41.013473],[-8.6334761,41.0134661],[-8.633545,41.0133749],[-8.6336685,41.0132475],[-8.6339755,41.0129584],[-8.6341248,41.0128218],[-8.634167,41.0088995],[-8.6341718,41.0084633],[-8.6341723,41.0084036],[-8.6341811,41.0076025],[-8.6341813,41.0075682],[-8.6341851,41.0072068],[-8.634207,41.0051897],[-8.6342199,41.0039651],[-8.6341012,41.0039623],[-8.6340538,41.0039625],[-8.6339718,41.0039617],[-8.6338742,41.0039611],[-8.6335019,41.0039663],[-8.6331153,41.0039689],[-8.6328032,41.0039646],[-8.6326059,41.0039641],[-8.6325309,41.0039641],[-8.6324714,41.0039637],[-8.6318133,41.0039621],[-8.6316717,41.0039647],[-8.6315473,41.0039607],[-8.6313158,41.0039547],[-8.6312491,41.0039553],[-8.6309394,41.0039553],[-8.6306082,41.0039567],[-8.6304131,41.003953],[-8.6303621,41.0039558],[-8.6302792,41.0039508],[-8.6299069,41.0039513],[-8.6293058,41.0039533],[-8.6292242,41.0039533],[-8.6291366,41.0039394],[-8.6290493,41.003924],[-8.6265709,41.0034901],[-8.6262419,41.0034501],[-8.6258152,41.0034064],[-8.6255994,41.0033856],[-8.6253354,41.0033598],[-8.6251644,41.0033498],[-8.6251408,41.0033485],[-8.6249283,41.0033457],[-8.6248893,41.0033454],[-8.6246536,41.0033604],[-8.624412,41.0034071],[-8.6241386,41.0034499],[-8.6238494,41.0035212],[-8.6235495,41.0036003],[-8.6234223,41.0036352],[-8.6233606,41.0036524],[-8.6233528,41.0036543],[-8.6230609,41.003735],[-8.6228732,41.0037956],[-8.6228451,41.003805],[-8.6227403,41.0036888],[-8.6226328,41.0035313],[-8.6215174,41.0019018],[-8.6213712,41.0016889],[-8.6207427,41.0007706],[-8.6202935,41.0000316],[-8.6198872,40.9994087],[-8.6197646,40.9992046],[-8.6196873,40.9990697],[-8.6195576,40.9988406],[-8.6194211,40.9986096],[-8.6193912,40.9985565],[-8.619331,40.9984521],[-8.6192068,40.9982321],[-8.6187821,40.9975216],[-8.6181667,40.9961544],[-8.6177646,40.9952599],[-8.6176184,40.9947704],[-8.6170159,40.9934212],[-8.6166625,40.9929322],[-8.6161139,40.9921725],[-8.6152175,40.9912905],[-8.6148677,40.9908958],[-8.6148602,40.9908871],[-8.6141546,40.9900904],[-8.6141483,40.9900828],[-8.6127416,40.9884946],[-8.6126482,40.9884064],[-8.6117419,40.9877024],[-8.6106882,40.9871283],[-8.6085805,40.9863171],[-8.6080849,40.9861447],[-8.6079501,40.9861179],[-8.6076922,40.9860669],[-8.6075576,40.9860404],[-8.6074222,40.986032],[-8.6070144,40.9860069],[-8.6062413,40.9861276],[-8.6061694,40.9863258],[-8.6060733,40.9865836],[-8.6060492,40.9867153],[-8.6060778,40.9868411],[-8.6061424,40.9871211],[-8.6061845,40.9874089],[-8.606221,40.98759],[-8.6062214,40.987651],[-8.6062068,40.987714],[-8.6061871,40.987777],[-8.6061055,40.9879413],[-8.6060412,40.9880733],[-8.6059916,40.9881555],[-8.6059744,40.9882013],[-8.6059597,40.9882604],[-8.6059436,40.9884493],[-8.6059559,40.9887735],[-8.6059475,40.9889928],[-8.6059132,40.988994],[-8.6038779,40.9890466],[-8.6038065,40.9890866],[-8.6035951,40.9891649],[-8.6031687,40.9892913],[-8.6028948,40.9893031],[-8.6028922,40.9893235],[-8.6024922,40.9924337],[-8.6024927,40.9924572],[-8.6024022,40.9924715],[-8.6023113,40.9925138],[-8.6026021,40.9936556],[-8.6021729,40.9970831],[-8.6021633,40.9971595],[-8.6019341,40.9976762],[-8.6019678,40.9977095],[-8.6020397,40.9977823],[-8.6023668,40.9981099],[-8.6024934,40.9982222],[-8.6025333,40.9982299],[-8.6025629,40.9982632],[-8.6026209,40.9983885],[-8.6026502,40.998452],[-8.6027606,40.9986422],[-8.602765,40.9986851],[-8.6029123,40.99905],[-8.6029212,40.9991183],[-8.6028983,40.9994632],[-8.6028734,40.9997875],[-8.6028244,41.0000609],[-8.602798,41.0001085],[-8.6028661,41.0002436],[-8.6028266,41.0002915],[-8.6027831,41.0003679],[-8.6027459,41.0004396],[-8.6027295,41.0004922],[-8.6026987,41.0005812],[-8.6029235,41.0015323],[-8.6029425,41.0015592],[-8.6026056,41.0019516],[-8.6022225,41.0024082],[-8.6020734,41.0025783],[-8.6018521,41.0028445],[-8.6015623,41.0032005],[-8.6015548,41.003209],[-8.602206,41.0035329],[-8.6016602,41.0037321],[-8.6019217,41.0042539],[-8.602145,41.004705],[-8.6021657,41.0047257],[-8.6021936,41.0047598],[-8.6024661,41.0053402],[-8.6024461,41.0053926],[-8.6022727,41.0056938],[-8.6021163,41.0059665],[-8.6020468,41.0061141],[-8.6019235,41.0063782],[-8.601612,41.0080334],[-8.6015404,41.0082883],[-8.6017354,41.0082855],[-8.6019714,41.0082962],[-8.6021974,41.0082921],[-8.6022843,41.0082907],[-8.6026333,41.0083025],[-8.6029202,41.0083033],[-8.6030183,41.0083034],[-8.6033257,41.0083033],[-8.6033624,41.0083031],[-8.6035142,41.0083017],[-8.6036609,41.0083005],[-8.6038729,41.0083042],[-8.6040255,41.0083066],[-8.6040678,41.0083076],[-8.604792,41.0083223],[-8.6050305,41.0083272],[-8.6051276,41.0083283],[-8.606182,41.0083329],[-8.6062511,41.0083335],[-8.6062904,41.0083336],[-8.6064924,41.0083356],[-8.6066248,41.0083376],[-8.6068261,41.0083426],[-8.6072189,41.0083565],[-8.6078576,41.0083541],[-8.6084606,41.0083522],[-8.6087678,41.008342],[-8.6088127,41.0083403],[-8.6091243,41.0083385],[-8.6095226,41.0083557],[-8.6098447,41.0083586],[-8.6101205,41.0083546],[-8.6101507,41.0083561],[-8.6104166,41.0083587],[-8.6104866,41.0083595],[-8.6105169,41.00836],[-8.6105833,41.0083608],[-8.6108224,41.0083635],[-8.6108389,41.0083634],[-8.6110511,41.0083609],[-8.6111139,41.0087155],[-8.6115949,41.0114197],[-8.6118383,41.0125068],[-8.6118592,41.0125549],[-8.6118944,41.0126341],[-8.6119243,41.0127125],[-8.6119513,41.0127917],[-8.6119588,41.0128179],[-8.6119819,41.0129134],[-8.612017,41.0130129],[-8.6120284,41.0130531],[-8.6120383,41.0130897],[-8.6120455,41.0131062],[-8.6120537,41.0131377],[-8.6120627,41.0131739],[-8.6120639,41.0131869],[-8.612077,41.0132302],[-8.6120798,41.0132535],[-8.6120821,41.0132872],[-8.6121034,41.0135097],[-8.6121103,41.0135826],[-8.6121184,41.0136427],[-8.6121264,41.0136585],[-8.6121453,41.0137197],[-8.6121664,41.0137939],[-8.6122045,41.0139631],[-8.6122093,41.0139864],[-8.6122482,41.0141067],[-8.6122769,41.0141997],[-8.6123244,41.0143194],[-8.6123675,41.0144459],[-8.6124589,41.01475],[-8.6124974,41.0148814],[-8.6125079,41.0149236],[-8.6125161,41.0149493],[-8.6125148,41.0149715],[-8.6126357,41.0149546],[-8.6126503,41.015032],[-8.612602,41.0152224],[-8.6125903,41.0152672],[-8.6125624,41.0153846],[-8.6125526,41.0154381],[-8.6125395,41.0154933],[-8.6125308,41.0155268],[-8.6125208,41.015555],[-8.6124964,41.0155942],[-8.6124614,41.0156256],[-8.6124518,41.0156352],[-8.6125513,41.015652],[-8.6126107,41.015654],[-8.6126327,41.0156534],[-8.6128224,41.0156489],[-8.6128191,41.0156686],[-8.6128189,41.0156832],[-8.6126802,41.0163082],[-8.6126729,41.0163364],[-8.6126674,41.0163637],[-8.6126617,41.0163939],[-8.6126553,41.0164302],[-8.6121374,41.0164469],[-8.6121404,41.016497],[-8.6128318,41.0183133],[-8.6128325,41.0183203],[-8.612833,41.0183298],[-8.612839,41.0183483],[-8.6128737,41.0184267],[-8.6129899,41.0186651],[-8.613031,41.0187421],[-8.6130596,41.0187951],[-8.613062,41.0188002],[-8.6130823,41.0188325],[-8.6131085,41.0188504],[-8.61314,41.0188738],[-8.6131396,41.0188896],[-8.6131429,41.018904],[-8.6131424,41.0189304],[-8.6131451,41.0189619],[-8.613146,41.0189701],[-8.6131552,41.0190088],[-8.6131747,41.0190485],[-8.6131863,41.019092],[-8.6131863,41.0191083],[-8.6132032,41.0191471],[-8.6132278,41.0192241],[-8.6132478,41.0192933],[-8.6132638,41.0193498],[-8.6133106,41.0194224],[-8.6133389,41.0194673],[-8.6133753,41.0195195],[-8.6134176,41.019584],[-8.6134756,41.019666],[-8.6135476,41.0197965],[-8.6135736,41.01988],[-8.6135864,41.0198782],[-8.6136165,41.0199586],[-8.613699,41.0201164],[-8.6137058,41.0201754],[-8.6136906,41.0202436],[-8.6136764,41.0202867],[-8.6136646,41.0203034],[-8.6136571,41.0203141],[-8.6136311,41.0203283],[-8.613613,41.0203475],[-8.613597,41.0203667],[-8.6135793,41.0203893],[-8.613547,41.0204409],[-8.6135317,41.0204734],[-8.6135217,41.0205032],[-8.6135198,41.0205488],[-8.6135205,41.0205583],[-8.6135402,41.0205802],[-8.6135459,41.0206075],[-8.613556,41.0206474],[-8.6135762,41.0206853],[-8.613588,41.0207249],[-8.613557,41.0207302],[-8.6135095,41.0207379],[-8.6134825,41.020742],[-8.6133276,41.0207685],[-8.6133252,41.0208476],[-8.6133306,41.0209497],[-8.6133272,41.0210879],[-8.6133274,41.0211697],[-8.6133368,41.0212733],[-8.613339,41.0212949],[-8.6133463,41.0212944],[-8.6134579,41.021461],[-8.6134805,41.0215062],[-8.61349,41.0215332],[-8.6134968,41.0215619],[-8.6135064,41.0216063],[-8.6134907,41.0216084],[-8.6134614,41.0216146],[-8.6132537,41.0216602],[-8.613341,41.0218408],[-8.6134945,41.0221609]]]}},{"type":"Feature","properties":{"nome":"Espinho","municipio":"Espinho","municipio_short":"ESP","dicofre":"010702","area_km2":1.77,"area_ha":176.62,"populacao":9300,"populacao_fonte":"ine_2021","densidade":5254,"num_escolas":1,"num_parques":0,"area_verde_m2":111600,"comboios_ativos":2,"camara_nome":"Câmara Municipal de Espinho","camara_email":"geral@cm-espinho.pt","camara_url":"https://www.cm-espinho.pt","escudo_url":null,"cor_principal":"#2D5F5A","centroide":[-8.645650251438445,41.00692642151901],"_todo":["Add real num_escolas (Censo + DGEEC)","Add real area_verde_m2 (Câmara dataset)","Add real comboios_ativos (Bicis Sapiens registry)","Add escudo_url (Wikimedia Commons SVG)","Verify cor_principal against actual heraldic blazon"]},"geometry":{"type":"Polygon","coordinates":[[[-8.6372247,41.0151395],[-8.6373031,41.0151226],[-8.6373278,41.0151174],[-8.6375273,41.0151714],[-8.6375907,41.0151899],[-8.6378378,41.0152629],[-8.6380646,41.0153184],[-8.6381578,41.0153414],[-8.6382135,41.0153538],[-8.6383662,41.0153883],[-8.6385942,41.0154601],[-8.6388074,41.0155574],[-8.6389199,41.0156202],[-8.6389547,41.0156395],[-8.6390713,41.0156561],[-8.6391983,41.015664],[-8.6397883,41.0157],[-8.64111,41.0157814],[-8.6421294,41.015812],[-8.6449731,41.0159688],[-8.6456572,41.0160051],[-8.6456568,41.0159486],[-8.6456938,41.0158989],[-8.6457305,41.0158137],[-8.6457391,41.0157217],[-8.6457569,41.0156155],[-8.6458576,41.0153604],[-8.6459023,41.0150775],[-8.6459288,41.0148793],[-8.6459463,41.014752],[-8.6459173,41.0146318],[-8.6459141,41.0142144],[-8.6459597,41.0140516],[-8.6459682,41.0139525],[-8.6460231,41.0138037],[-8.6460872,41.0136338],[-8.6461329,41.0135204],[-8.6461783,41.0133716],[-8.6462142,41.0131875],[-8.6462229,41.0130743],[-8.6462683,41.0129255],[-8.6463035,41.0126496],[-8.6463122,41.0125789],[-8.6463293,41.0123664],[-8.6463918,41.0119913],[-8.6464368,41.011793],[-8.6464912,41.0115735],[-8.6465278,41.0114814],[-8.6465732,41.0113256],[-8.64661,41.0112263],[-8.6466927,41.0110705],[-8.6467479,41.0109501],[-8.646775,41.010865],[-8.6467743,41.0107659],[-8.6467812,41.0106744],[-8.6467893,41.0106325],[-8.6468044,41.0105482],[-8.6468105,41.0105052],[-8.6468154,41.0104618],[-8.6468214,41.0104202],[-8.6468251,41.0103887],[-8.6468263,41.0103768],[-8.6468267,41.0103555],[-8.6468273,41.0102919],[-8.6468293,41.010249],[-8.6468356,41.0102057],[-8.6468587,41.0100787],[-8.6468631,41.0100581],[-8.646865,41.0100482],[-8.6468673,41.0100384],[-8.6468787,41.0100076],[-8.6468842,41.0099978],[-8.6468959,41.009987],[-8.6469045,41.0099842],[-8.646914,41.0099825],[-8.646922,41.0099822],[-8.6469405,41.009979],[-8.646948,41.0099773],[-8.6469809,41.0099664],[-8.647017,41.0099691],[-8.6470481,41.0099824],[-8.6470834,41.0099822],[-8.6470908,41.0099781],[-8.6470969,41.0099729],[-8.6471017,41.0099673],[-8.647109,41.0099608],[-8.6471199,41.009952],[-8.6471294,41.0099449],[-8.6471388,41.0099381],[-8.6471485,41.0099313],[-8.6471718,41.0099163],[-8.6471918,41.0099044],[-8.6472036,41.0098968],[-8.6472131,41.0098903],[-8.6472352,41.0098741],[-8.6472437,41.0098682],[-8.6472546,41.0098608],[-8.6472656,41.0098537],[-8.6472854,41.0098415],[-8.6473301,41.0098172],[-8.6473514,41.0098029],[-8.6473578,41.0097984],[-8.6473724,41.0097891],[-8.6473869,41.0097812],[-8.6473953,41.0097769],[-8.6474181,41.0097647],[-8.6474558,41.0097434],[-8.6474625,41.0097394],[-8.647505,41.0097128],[-8.6475296,41.009695],[-8.6475375,41.009689],[-8.6475441,41.0096837],[-8.6475624,41.0096676],[-8.6475709,41.0096596],[-8.6475805,41.0096511],[-8.647608,41.0096296],[-8.6476198,41.0096211],[-8.6476254,41.0096168],[-8.6476419,41.0096055],[-8.6476536,41.0095982],[-8.6476618,41.0095934],[-8.647681,41.0095893],[-8.6476883,41.0095885],[-8.647714,41.0095836],[-8.6477377,41.0095716],[-8.6477823,41.0095486],[-8.647807,41.0095367],[-8.6478595,41.009524],[-8.6478668,41.0095229],[-8.6478872,41.0095203],[-8.6478947,41.0095197],[-8.6479095,41.0095177],[-8.6479182,41.0095157],[-8.6479319,41.0095111],[-8.6479386,41.0095086],[-8.6479446,41.009506],[-8.6479545,41.0095025],[-8.6479643,41.0094994],[-8.6480097,41.00949],[-8.6480217,41.0094885],[-8.6480372,41.0094884],[-8.6480448,41.0094886],[-8.6480718,41.0094885],[-8.6480936,41.0094867],[-8.6481265,41.0094832],[-8.6481451,41.0094809],[-8.6481727,41.0094765],[-8.6481804,41.0094751],[-8.6481893,41.0094725],[-8.6481982,41.0094697],[-8.6482193,41.0094623],[-8.648232,41.0094588],[-8.6482498,41.0094557],[-8.6482787,41.009473],[-8.6482955,41.0094777],[-8.6483075,41.0094774],[-8.6483264,41.0094741],[-8.6483348,41.009473],[-8.6483493,41.0094715],[-8.6483577,41.0094717],[-8.6483761,41.0094731],[-8.6484029,41.0094747],[-8.6484118,41.0094746],[-8.6484304,41.0094739],[-8.6484409,41.0094733],[-8.6484581,41.0094733],[-8.648484,41.0094751],[-8.6485534,41.0094701],[-8.6485818,41.0094682],[-8.6486078,41.0094653],[-8.6486214,41.0094641],[-8.648634,41.0094627],[-8.6486449,41.0094612],[-8.6486666,41.0094577],[-8.6486913,41.0094531],[-8.6487033,41.0094506],[-8.6487269,41.0094445],[-8.6487354,41.0094419],[-8.6487486,41.0094362],[-8.648755,41.0094331],[-8.6487761,41.0094235],[-8.6488213,41.0094046],[-8.648837,41.0093993],[-8.6488454,41.0093962],[-8.6488609,41.009391],[-8.6488685,41.0093879],[-8.6489064,41.0093664],[-8.6489122,41.0093624],[-8.6489207,41.0093556],[-8.6489371,41.0093415],[-8.6489631,41.0093174],[-8.6489712,41.0093094],[-8.6489797,41.0093018],[-8.648989,41.0092948],[-8.6490115,41.0092794],[-8.6490365,41.0092602],[-8.6490525,41.0092305],[-8.6490669,41.0092192],[-8.6490745,41.0092139],[-8.6490876,41.0092048],[-8.649116,41.0091861],[-8.6491312,41.0091759],[-8.649164,41.0091485],[-8.6491677,41.0091429],[-8.6491712,41.0091369],[-8.6491741,41.0091313],[-8.6491811,41.0091194],[-8.6491856,41.0091123],[-8.6491938,41.0091011],[-8.6492068,41.009085],[-8.6492147,41.0090759],[-8.6492197,41.0090709],[-8.6492249,41.0090661],[-8.6492426,41.0090491],[-8.6492566,41.0090349],[-8.6492651,41.0090259],[-8.6492809,41.0090081],[-8.6492919,41.0089935],[-8.649297,41.0089861],[-8.6493022,41.008979],[-8.6493116,41.008968],[-8.6493438,41.0089395],[-8.6493804,41.0089066],[-8.6494648,41.0088477],[-8.6495013,41.0088155],[-8.6495416,41.0087821],[-8.6496075,41.0087424],[-8.6496293,41.0087291],[-8.6496704,41.0087016],[-8.6497186,41.0086496],[-8.6497349,41.0086324],[-8.6497631,41.0085962],[-8.649771,41.0085551],[-8.6497756,41.0085134],[-8.6497629,41.0084733],[-8.6497435,41.0084348],[-8.6497093,41.0084018],[-8.6496678,41.008375],[-8.6496354,41.008363],[-8.6496099,41.00836],[-8.6495889,41.0083584],[-8.6495647,41.0083625],[-8.6495305,41.0083694],[-8.6495002,41.0083773],[-8.649491,41.0083771],[-8.6494813,41.0083713],[-8.6494614,41.0083497],[-8.6494529,41.0083469],[-8.6494434,41.0083481],[-8.6494115,41.0083612],[-8.649384,41.0083976],[-8.6493733,41.0084092],[-8.6493638,41.0084112],[-8.6493377,41.0084153],[-8.6493173,41.0084291],[-8.649275,41.0084588],[-8.6492529,41.0084747],[-8.6492195,41.0085073],[-8.6491899,41.0085433],[-8.6491634,41.0085806],[-8.649142,41.0085951],[-8.6491206,41.0086098],[-8.6490782,41.008641],[-8.6490258,41.008693],[-8.6490088,41.0087102],[-8.6489894,41.0087267],[-8.6489703,41.0087433],[-8.6489304,41.0087745],[-8.6488944,41.0088055],[-8.6488589,41.0088378],[-8.6488201,41.0088689],[-8.6487767,41.0088964],[-8.6487521,41.0089069],[-8.6487274,41.0089172],[-8.6486836,41.0089427],[-8.6486633,41.0089574],[-8.648643,41.0089724],[-8.6486013,41.0090011],[-8.6485572,41.0090276],[-8.6485128,41.0090521],[-8.6484796,41.0090691],[-8.648454,41.0090805],[-8.6484284,41.0090922],[-8.6483764,41.0091127],[-8.6483245,41.0091289],[-8.6482867,41.0091366],[-8.648229,41.0091462],[-8.6481726,41.0091577],[-8.6481186,41.0091714],[-8.6480655,41.0091863],[-8.6480388,41.0091935],[-8.6480119,41.0092009],[-8.6479841,41.0092058],[-8.6479561,41.0092111],[-8.6479024,41.0092208],[-8.6478502,41.0092331],[-8.6478029,41.0092545],[-8.6477612,41.0092811],[-8.6477124,41.0092999],[-8.6476942,41.0092989],[-8.6476617,41.0092813],[-8.6476289,41.0092618],[-8.6475966,41.0092419],[-8.6475044,41.0091883],[-8.6474594,41.0091609],[-8.6474156,41.0091335],[-8.6473939,41.0091184],[-8.6473724,41.0091036],[-8.6473526,41.009088],[-8.6473328,41.009072],[-8.6472948,41.009039],[-8.6472611,41.0090026],[-8.6472331,41.0089635],[-8.6472081,41.0089246],[-8.6471946,41.0089054],[-8.6471808,41.0088864],[-8.6471651,41.0088677],[-8.6471497,41.0088488],[-8.6470828,41.0087718],[-8.6470523,41.0087359],[-8.6470391,41.0087179],[-8.6470261,41.0086997],[-8.647004,41.0086744],[-8.6469808,41.0086481],[-8.6469561,41.0086232],[-8.6469318,41.0085977],[-8.6469019,41.0085623],[-8.6468783,41.0085259],[-8.6468576,41.0084987],[-8.6468188,41.0084564],[-8.6467982,41.0084342],[-8.646778,41.008411],[-8.6467515,41.0083784],[-8.6467103,41.0083288],[-8.6466985,41.0083131],[-8.6466885,41.0082966],[-8.6466781,41.00828],[-8.6466684,41.0082634],[-8.6466592,41.0082466],[-8.6466522,41.0082292],[-8.6466464,41.0082112],[-8.6466384,41.0081938],[-8.6466302,41.0081767],[-8.6466207,41.0081596],[-8.6466108,41.0081429],[-8.6466015,41.0081259],[-8.6465927,41.008109],[-8.6465845,41.0080916],[-8.6465772,41.0080742],[-8.6465694,41.0080568],[-8.6465608,41.0080397],[-8.6465518,41.0080231],[-8.6465375,41.007988],[-8.6465297,41.0079706],[-8.6465216,41.0079534],[-8.6465129,41.0079364],[-8.6465025,41.0079195],[-8.6464909,41.0079035],[-8.6464802,41.0078873],[-8.6464721,41.0078701],[-8.6464664,41.0078524],[-8.6464661,41.0078341],[-8.6464687,41.0078161],[-8.64645,41.0077937],[-8.6464306,41.0077828],[-8.6464148,41.0077691],[-8.646383,41.0077577],[-8.6463682,41.0077332],[-8.6463622,41.0077158],[-8.6463542,41.0076987],[-8.6463477,41.0076813],[-8.6463439,41.007663],[-8.6463428,41.0076448],[-8.6463428,41.0076267],[-8.6463386,41.0076088],[-8.646331,41.0075919],[-8.6463284,41.0075654],[-8.6463213,41.0075393],[-8.6463139,41.0075224],[-8.6463255,41.0074971],[-8.6463352,41.0074805],[-8.6463464,41.0074644],[-8.6463563,41.0074479],[-8.6463641,41.0074286],[-8.6463699,41.007413],[-8.6463713,41.0073948],[-8.6463708,41.0073764],[-8.6463688,41.0073581],[-8.6463609,41.007341],[-8.6463521,41.0073154],[-8.6463565,41.0072794],[-8.6463578,41.0072611],[-8.646358,41.0072428],[-8.6463532,41.0072248],[-8.6463493,41.0072068],[-8.646344,41.0071891],[-8.6463393,41.0071711],[-8.6463365,41.0071531],[-8.6463355,41.0071351],[-8.6463342,41.0071169],[-8.6463336,41.0070983],[-8.64633,41.0070806],[-8.6463241,41.0070626],[-8.6463162,41.0070454],[-8.6462964,41.0070121],[-8.6462922,41.0069944],[-8.6462938,41.0069765],[-8.6462986,41.0069585],[-8.646305,41.006941],[-8.6463131,41.0069237],[-8.6463196,41.0069066],[-8.6463222,41.0068883],[-8.6463253,41.0068703],[-8.6463269,41.0068525],[-8.6463138,41.0068374],[-8.6463067,41.0068112],[-8.6463226,41.0067873],[-8.6463285,41.0067658],[-8.64633,41.0067512],[-8.6463298,41.0067332],[-8.6463263,41.0067152],[-8.6463219,41.0066969],[-8.6463163,41.0066795],[-8.6463089,41.0066623],[-8.646299,41.0066458],[-8.6462849,41.0066309],[-8.6462733,41.006615],[-8.6462648,41.0065982],[-8.6462574,41.0065804],[-8.6462551,41.0065625],[-8.6462567,41.0065441],[-8.6462595,41.0065261],[-8.6462617,41.006508],[-8.6462668,41.0064715],[-8.6462691,41.0064529],[-8.6462719,41.0064349],[-8.6462742,41.0064166],[-8.6462747,41.006398],[-8.6462769,41.00638],[-8.6462822,41.0063437],[-8.6462837,41.0063257],[-8.6462849,41.0063073],[-8.6462857,41.006289],[-8.6462905,41.0062527],[-8.6462933,41.0062344],[-8.6462949,41.0062161],[-8.6462948,41.0061799],[-8.6462928,41.0061613],[-8.6462951,41.0061432],[-8.6463065,41.0061271],[-8.6463377,41.0060992],[-8.6463449,41.0060819],[-8.6463382,41.0060643],[-8.6463274,41.0060482],[-8.6463146,41.0060325],[-8.6462995,41.0060183],[-8.6462812,41.0059951],[-8.6462842,41.0059683],[-8.646294,41.0059145],[-8.6462965,41.0058962],[-8.6462965,41.0058779],[-8.6462975,41.0058599],[-8.6462975,41.0058416],[-8.6462967,41.0058235],[-8.6462928,41.0058053],[-8.6462856,41.0057879],[-8.6462816,41.0057699],[-8.6462753,41.0057525],[-8.6462683,41.0057351],[-8.6462625,41.0057174],[-8.6462606,41.0056988],[-8.6462601,41.0056805],[-8.6462574,41.0056623],[-8.6462514,41.0056446],[-8.646244,41.0056274],[-8.6462379,41.0056094],[-8.6462373,41.0055911],[-8.6462515,41.0055666],[-8.6462688,41.0055539],[-8.6462842,41.0055397],[-8.6462943,41.0055231],[-8.6462842,41.0055065],[-8.6462726,41.0054906],[-8.6462683,41.0054729],[-8.6462643,41.0054549],[-8.6462599,41.0054371],[-8.6462573,41.0054189],[-8.6462618,41.0054011],[-8.6462667,41.0053831],[-8.6462678,41.0053648],[-8.6462698,41.0053465],[-8.6462733,41.0053285],[-8.6462782,41.0053141],[-8.6462926,41.0052957],[-8.6463067,41.0052811],[-8.6463206,41.0052658],[-8.6463297,41.0052401],[-8.6463317,41.0052215],[-8.6463301,41.0052035],[-8.6463288,41.005185],[-8.6463279,41.0051667],[-8.6463275,41.0051304],[-8.64633,41.0051124],[-8.6463343,41.0050764],[-8.6463316,41.0050401],[-8.6463256,41.005004],[-8.6463277,41.0049857],[-8.6463322,41.0049677],[-8.6463407,41.0049508],[-8.6463499,41.0049338],[-8.6463603,41.0049172],[-8.6463704,41.0049003],[-8.6463908,41.0048676],[-8.6464001,41.0048507],[-8.6464193,41.0048174],[-8.6464237,41.0047996],[-8.6464239,41.0047813],[-8.6464266,41.0047633],[-8.646429,41.0047453],[-8.6464324,41.004727],[-8.6464355,41.0047092],[-8.6464372,41.0046727],[-8.6464371,41.0046543],[-8.646439,41.004636],[-8.6464416,41.004618],[-8.6464453,41.0046],[-8.6464511,41.0045826],[-8.6464586,41.0045651],[-8.6464673,41.0045481],[-8.6464757,41.004531],[-8.6464807,41.0045129],[-8.6464801,41.0044949],[-8.6464766,41.0044769],[-8.646476,41.0044586],[-8.6464798,41.0044409],[-8.6464859,41.0044229],[-8.6464929,41.0044054],[-8.6465027,41.004389],[-8.6465121,41.0043723],[-8.6465193,41.0043545],[-8.646531,41.0043194],[-8.6465342,41.0043011],[-8.6465378,41.0042833],[-8.646545,41.0042658],[-8.646558,41.0042503],[-8.6465719,41.0042353],[-8.6465867,41.0042212],[-8.6465988,41.0042053],[-8.6466084,41.0041887],[-8.6466177,41.004172],[-8.6466209,41.0041631],[-8.6466281,41.0041554],[-8.6466614,41.0041494],[-8.6466852,41.0041512],[-8.6467096,41.0041508],[-8.6467337,41.0041516],[-8.646758,41.0041506],[-8.6467821,41.0041502],[-8.6468064,41.0041509],[-8.6468302,41.0041525],[-8.6468538,41.0041549],[-8.6468776,41.0041566],[-8.6468992,41.0041596],[-8.6469271,41.0041586],[-8.646959,41.0041649],[-8.6469817,41.0041668],[-8.647001,41.0041642],[-8.6470207,41.0041613],[-8.647042,41.0041575],[-8.6470747,41.0041611],[-8.6471009,41.004157],[-8.6471196,41.0041462],[-8.647131,41.0041248],[-8.6471337,41.0041006],[-8.6471088,41.0040782],[-8.6470893,41.0040667],[-8.6470642,41.0040533],[-8.6470422,41.0040472],[-8.6470229,41.0040388],[-8.6469838,41.0040343],[-8.6469608,41.0040279],[-8.646935,41.0040145],[-8.6469076,41.0040073],[-8.6468626,41.0039963],[-8.6468438,41.0039888],[-8.6468169,41.0039802],[-8.6468026,41.0039818],[-8.6467855,41.0039876],[-8.6467658,41.0039882],[-8.6467481,41.003983],[-8.646733,41.0039741],[-8.6467175,41.0039668],[-8.6467005,41.0039655],[-8.6466841,41.003967],[-8.6466586,41.0039721],[-8.6466399,41.00397],[-8.6466268,41.0039545],[-8.646619,41.0039376],[-8.6466146,41.0039197],[-8.6466143,41.0039016],[-8.6466181,41.0038836],[-8.6466227,41.0038659],[-8.6466264,41.0038478],[-8.6466313,41.0038298],[-8.6466354,41.0038119],[-8.646637,41.0037955],[-8.6466393,41.0037769],[-8.6466412,41.0037581],[-8.6466499,41.0036902],[-8.6466524,41.0036747],[-8.6466611,41.0036291],[-8.6466701,41.0035798],[-8.6466725,41.0035646],[-8.646675,41.0035469],[-8.6466791,41.0035218],[-8.6466813,41.0035063],[-8.6466924,41.0034447],[-8.6466939,41.0034303],[-8.6466961,41.0034162],[-8.6466989,41.0034018],[-8.6467005,41.0033948],[-8.6467037,41.0033832],[-8.6467154,41.0033544],[-8.6467202,41.0033387],[-8.6467266,41.0033091],[-8.6467294,41.0032911],[-8.6467313,41.0032672],[-8.6467345,41.003245],[-8.6467382,41.0032227],[-8.6467423,41.0032004],[-8.6467473,41.0031771],[-8.6467634,41.003087],[-8.6467833,41.0029544],[-8.6468006,41.002846],[-8.6468079,41.0028052],[-8.6468144,41.0027643],[-8.646818,41.0027374],[-8.6468218,41.0026813],[-8.6468242,41.002625],[-8.6468254,41.0025688],[-8.6468254,41.0025125],[-8.6468245,41.0024801],[-8.6468212,41.0024086],[-8.6468171,41.0023493],[-8.6468142,41.0023225],[-8.6468121,41.0022958],[-8.6468106,41.0022692],[-8.6468093,41.0022185],[-8.6468167,41.0021652],[-8.6468214,41.0021388],[-8.6468265,41.0021123],[-8.6468333,41.0020816],[-8.6468572,41.0019444],[-8.6468782,41.0018115],[-8.646881,41.0017859],[-8.6468843,41.0017606],[-8.6468882,41.0017352],[-8.6468927,41.0017102],[-8.6468978,41.0016848],[-8.6468993,41.0016786],[-8.6469359,41.0015853],[-8.6469747,41.0014926],[-8.6470102,41.0014125],[-8.6470741,41.0012741],[-8.6471378,41.0011354],[-8.6471894,41.0010172],[-8.647238,41.0008982],[-8.6472533,41.0008596],[-8.6472765,41.0007912],[-8.6472849,41.0007649],[-8.6472905,41.0007426],[-8.6472938,41.0007317],[-8.6473009,41.0007097],[-8.6473048,41.0006987],[-8.647309,41.000688],[-8.6473164,41.0006702],[-8.6473306,41.0006459],[-8.6473406,41.0006276],[-8.6473528,41.0006008],[-8.6473584,41.0005867],[-8.6473648,41.0005721],[-8.6473721,41.0005589],[-8.6473808,41.0005459],[-8.6473901,41.0005315],[-8.6474076,41.0005022],[-8.6474144,41.000488],[-8.6474201,41.0004728],[-8.6474296,41.0004401],[-8.6474337,41.0004246],[-8.6474398,41.000399],[-8.6474526,41.0003483],[-8.6474551,41.000337],[-8.6474606,41.0003151],[-8.6474634,41.0003061],[-8.6474728,41.0002807],[-8.6474804,41.0002556],[-8.647485,41.0002347],[-8.6474902,41.0002127],[-8.647493,41.0001939],[-8.6474985,41.0001756],[-8.6475072,41.0001561],[-8.6475297,41.0001087],[-8.6475459,41.0000786],[-8.6475541,41.0000645],[-8.6475615,41.0000503],[-8.6475677,41.0000355],[-8.6475742,41.0000188],[-8.6475807,41.0000042],[-8.6475878,40.9999901],[-8.6475941,40.9999751],[-8.6476003,40.9999585],[-8.6476069,40.9999441],[-8.6476199,40.999922],[-8.6476393,40.9998908],[-8.6476564,40.999862],[-8.647667,40.9998434],[-8.6476789,40.9998199],[-8.6476849,40.9998076],[-8.6476983,40.9997785],[-8.6477056,40.9997647],[-8.6477193,40.9997407],[-8.6477258,40.9997274],[-8.6477357,40.9997015],[-8.6477393,40.9996903],[-8.6477445,40.9996713],[-8.6477746,40.9996428],[-8.6477903,40.9996287],[-8.6478077,40.9996162],[-8.6478175,40.9996102],[-8.6478266,40.9995745],[-8.6478398,40.9995373],[-8.6478446,40.999519],[-8.6478498,40.9995009],[-8.6478556,40.9994834],[-8.6478613,40.9994649],[-8.6478712,40.9994288],[-8.6478767,40.9994099],[-8.6478944,40.9993552],[-8.6479007,40.9993375],[-8.6479038,40.9993192],[-8.6479038,40.9993006],[-8.6479018,40.9992821],[-8.6478985,40.9992638],[-8.6478963,40.9992449],[-8.6478952,40.9992207],[-8.6478924,40.9991716],[-8.6478952,40.9991477],[-8.647897,40.9991389],[-8.647302,40.999195],[-8.6459739,40.9993233],[-8.6454044,40.9993838],[-8.6451652,40.9994094],[-8.6451444,40.9994117],[-8.6441999,40.9995518],[-8.6434568,40.9996593],[-8.6433896,40.9996689],[-8.6433398,40.9996756],[-8.6432135,40.9996922],[-8.6431735,40.9996966],[-8.6425808,40.99976],[-8.6421303,40.9998078],[-8.6421039,40.9998107],[-8.6417313,40.9998811],[-8.6416407,40.9998983],[-8.6414172,40.9999173],[-8.640456,40.9999998],[-8.6400388,41.0000607],[-8.6399257,41.000077],[-8.6399184,41.0000779],[-8.6395525,41.0001172],[-8.6390977,41.0001662],[-8.6390656,41.0001698],[-8.6389746,41.000187],[-8.6379704,41.0003079],[-8.6379528,41.0003103],[-8.6379058,41.0003158],[-8.6379203,41.0003332],[-8.6379271,41.0003549],[-8.6379518,41.0003891],[-8.6379759,41.0004289],[-8.6379934,41.0004604],[-8.6380148,41.0005039],[-8.6380389,41.0005682],[-8.6380566,41.0006213],[-8.6380851,41.0006814],[-8.6380946,41.0007064],[-8.6381029,41.0007846],[-8.6381082,41.0008419],[-8.638108,41.0008606],[-8.6380846,41.0009195],[-8.6376891,41.0009527],[-8.6372047,41.0010044],[-8.6366632,41.0010653],[-8.6363223,41.0011025],[-8.6363227,41.0010538],[-8.6363019,41.0010564],[-8.6358099,41.0010935],[-8.6348735,41.0018252],[-8.6343196,41.002257],[-8.634319,41.0024047],[-8.6342361,41.002476],[-8.6342199,41.0039651],[-8.634207,41.0051897],[-8.6341851,41.0072068],[-8.6341813,41.0075682],[-8.6341811,41.0076025],[-8.6341723,41.0084036],[-8.6341718,41.0084633],[-8.634167,41.0088995],[-8.6341248,41.0128218],[-8.6339755,41.0129584],[-8.6336685,41.0132475],[-8.633545,41.0133749],[-8.6334761,41.0134661],[-8.6334712,41.013473],[-8.6334382,41.0135344],[-8.6334196,41.0136011],[-8.6334349,41.0136045],[-8.6334777,41.0136094],[-8.6334988,41.0138459],[-8.6335473,41.0140939],[-8.6335652,41.0141977],[-8.6335737,41.0142263],[-8.6335966,41.0142428],[-8.6336305,41.0142601],[-8.6336678,41.0142729],[-8.6337074,41.0142804],[-8.6337401,41.0142821],[-8.6337483,41.0142827],[-8.6342532,41.0142445],[-8.6346101,41.0142077],[-8.6346555,41.0141892],[-8.634679,41.0141497],[-8.6347054,41.0141057],[-8.6347557,41.0140037],[-8.6348027,41.0138679],[-8.6348393,41.0138691],[-8.6348502,41.0138693],[-8.6349373,41.0138723],[-8.6350014,41.0138703],[-8.6351312,41.0138698],[-8.6351691,41.0138707],[-8.6352203,41.0138632],[-8.6352606,41.0138585],[-8.6353691,41.013829],[-8.6354889,41.0137962],[-8.6356648,41.0137543],[-8.6357051,41.0137502],[-8.6358877,41.0137145],[-8.6359911,41.0137014],[-8.6360856,41.0136982],[-8.6361567,41.0136899],[-8.6361912,41.0136836],[-8.6362411,41.0136741],[-8.6363048,41.013655],[-8.6363833,41.0136493],[-8.6365143,41.0137244],[-8.6365809,41.0137826],[-8.6367368,41.013908],[-8.6368987,41.0140269],[-8.6370596,41.0141326],[-8.6372366,41.0142595],[-8.6372714,41.0143252],[-8.6372717,41.0144372],[-8.637259,41.0145971],[-8.6372523,41.0147466],[-8.6372408,41.0148583],[-8.6372213,41.0149746],[-8.6372227,41.0149859],[-8.6372247,41.0151395]]]}},{"type":"Feature","properties":{"nome":"Guetim","municipio":"Espinho","municipio_short":"ESP","dicofre":"010708","area_km2":1.95,"area_ha":194.58,"populacao":5850,"populacao_fonte":"estimated","densidade":3000,"num_escolas":1,"num_parques":0,"area_verde_m2":29250,"comboios_ativos":1,"camara_nome":"Câmara Municipal de Espinho","camara_email":"geral@cm-espinho.pt","camara_url":"https://www.cm-espinho.pt","escudo_url":null,"cor_principal":"#8B2A2A","centroide":[-8.605770252160493,41.01681846080242],"_todo":["Replace estimated populacao with real INE 2021 BGRI","Add real num_escolas (Censo + DGEEC)","Add real area_verde_m2 (Câmara dataset)","Add real comboios_ativos (Bicis Sapiens registry)","Add escudo_url (Wikimedia Commons SVG)","Verify cor_principal against actual heraldic blazon"]},"geometry":{"type":"Polygon","coordinates":[[[-8.6015404,41.0082883],[-8.6014692,41.0085422],[-8.6028735,41.0102448],[-8.5936229,41.0141062],[-8.5940232,41.0142374],[-8.5949453,41.0145609],[-8.5960141,41.0154289],[-8.5970932,41.0167957],[-8.5971328,41.0167854],[-8.5971563,41.0167794],[-8.5971754,41.0167734],[-8.5971957,41.0167691],[-8.597209,41.016769],[-8.5972217,41.0167727],[-8.5972345,41.0167819],[-8.5972528,41.0168054],[-8.5972701,41.0168295],[-8.5972882,41.0168528],[-8.5973062,41.0168767],[-8.5973229,41.0169008],[-8.5973421,41.0169235],[-8.5973658,41.0169437],[-8.5973924,41.0169619],[-8.5974138,41.0169838],[-8.5974415,41.0170008],[-8.5974679,41.0170193],[-8.5974948,41.0170375],[-8.5975159,41.0170599],[-8.5975313,41.0170846],[-8.597543,41.0171104],[-8.5975571,41.0171357],[-8.5975777,41.0171581],[-8.5976019,41.0171791],[-8.59763,41.0171959],[-8.5976612,41.0172096],[-8.5976916,41.017224],[-8.59772,41.0172414],[-8.5977483,41.017259],[-8.5977778,41.0172755],[-8.5978102,41.0172875],[-8.5978433,41.0172977],[-8.5978757,41.0173094],[-8.5979073,41.0173219],[-8.5979365,41.0173381],[-8.5979637,41.0173563],[-8.5979915,41.0173742],[-8.5980165,41.0173938],[-8.5980403,41.0174145],[-8.5980657,41.0174339],[-8.5980898,41.0174538],[-8.5980994,41.0174652],[-8.5981227,41.0174823],[-8.5981297,41.0174896],[-8.5981556,41.0175086],[-8.5981799,41.0175291],[-8.5982047,41.0175486],[-8.5982283,41.0175693],[-8.5982536,41.017589],[-8.5982765,41.0176103],[-8.5982925,41.0176347],[-8.5983128,41.0176872],[-8.5983218,41.0177137],[-8.5983313,41.01774],[-8.5983397,41.0177667],[-8.5983655,41.0178179],[-8.5983822,41.0178375],[-8.5984143,41.0178484],[-8.5984437,41.0178635],[-8.5984727,41.0178796],[-8.5985073,41.0178876],[-8.5985407,41.0178985],[-8.5985686,41.0179155],[-8.5985898,41.0179374],[-8.598605,41.0179627],[-8.598618,41.0179882],[-8.5986301,41.0180138],[-8.5986338,41.0180408],[-8.5986275,41.0180723],[-8.5986211,41.0180945],[-8.5986106,41.0181208],[-8.5985937,41.0181445],[-8.5985642,41.0181604],[-8.5985312,41.0181714],[-8.5985036,41.0181887],[-8.5984864,41.0182127],[-8.5984494,41.0182824],[-8.5987228,41.0189656],[-8.598721,41.0189747],[-8.5987211,41.0189837],[-8.5987215,41.0189927],[-8.598723,41.0190039],[-8.598724,41.0190132],[-8.5987244,41.0190247],[-8.5987295,41.0190449],[-8.598734,41.0190565],[-8.5987378,41.0190649],[-8.5987487,41.0191],[-8.5987515,41.0191099],[-8.5987551,41.0191194],[-8.5987665,41.0191436],[-8.5987698,41.0191523],[-8.5987738,41.0191607],[-8.5987759,41.0191697],[-8.5987768,41.0191787],[-8.5987801,41.0191966],[-8.5987821,41.0192056],[-8.598784,41.0192236],[-8.5987856,41.0192326],[-8.5987888,41.0192414],[-8.5987904,41.0192504],[-8.5987962,41.0192681],[-8.5987985,41.0192768],[-8.5988013,41.0192855],[-8.5988064,41.0193125],[-8.5988085,41.0193215],[-8.5988137,41.0193395],[-8.5988158,41.0193482],[-8.5988175,41.0193572],[-8.5988186,41.0193665],[-8.5988201,41.0193755],[-8.5988245,41.0193949],[-8.598826,41.0194038],[-8.5988273,41.0194132],[-8.5988279,41.0194258],[-8.5988831,41.0195536],[-8.5990538,41.0197943],[-8.5991359,41.0198545],[-8.5992269,41.0199344],[-8.5992346,41.0199394],[-8.5993442,41.0200282],[-8.5993598,41.0200436],[-8.5994177,41.0200903],[-8.6007225,41.020868],[-8.6011966,41.0212522],[-8.6018397,41.0217729],[-8.6020668,41.0219572],[-8.6040321,41.0239996],[-8.6052007,41.0250209],[-8.6055417,41.0253411],[-8.6056133,41.0254134],[-8.60573,41.0255393],[-8.605831,41.0256933],[-8.6058579,41.0257664],[-8.6059086,41.0257575],[-8.605954,41.0257443],[-8.6060588,41.0256944],[-8.6128624,41.0224407],[-8.6128711,41.0224389],[-8.6134945,41.0221609],[-8.613341,41.0218408],[-8.6132537,41.0216602],[-8.6134614,41.0216146],[-8.6134907,41.0216084],[-8.6135064,41.0216063],[-8.6134968,41.0215619],[-8.61349,41.0215332],[-8.6134805,41.0215062],[-8.6134579,41.021461],[-8.6133463,41.0212944],[-8.613339,41.0212949],[-8.6133368,41.0212733],[-8.6133274,41.0211697],[-8.6133272,41.0210879],[-8.6133306,41.0209497],[-8.6133252,41.0208476],[-8.6133276,41.0207685],[-8.6134825,41.020742],[-8.6135095,41.0207379],[-8.613557,41.0207302],[-8.613588,41.0207249],[-8.6135762,41.0206853],[-8.613556,41.0206474],[-8.6135459,41.0206075],[-8.6135402,41.0205802],[-8.6135205,41.0205583],[-8.6135198,41.0205488],[-8.6135217,41.0205032],[-8.6135317,41.0204734],[-8.613547,41.0204409],[-8.6135793,41.0203893],[-8.613597,41.0203667],[-8.613613,41.0203475],[-8.6136311,41.0203283],[-8.6136571,41.0203141],[-8.6136646,41.0203034],[-8.6136764,41.0202867],[-8.6136906,41.0202436],[-8.6137058,41.0201754],[-8.613699,41.0201164],[-8.6136165,41.0199586],[-8.6135864,41.0198782],[-8.6135736,41.01988],[-8.6135476,41.0197965],[-8.6134756,41.019666],[-8.6134176,41.019584],[-8.6133753,41.0195195],[-8.6133389,41.0194673],[-8.6133106,41.0194224],[-8.6132638,41.0193498],[-8.6132478,41.0192933],[-8.6132278,41.0192241],[-8.6132032,41.0191471],[-8.6131863,41.0191083],[-8.6131863,41.019092],[-8.6131747,41.0190485],[-8.6131552,41.0190088],[-8.613146,41.0189701],[-8.6131451,41.0189619],[-8.6131424,41.0189304],[-8.6131429,41.018904],[-8.6131396,41.0188896],[-8.61314,41.0188738],[-8.6131085,41.0188504],[-8.6130823,41.0188325],[-8.613062,41.0188002],[-8.6130596,41.0187951],[-8.613031,41.0187421],[-8.6129899,41.0186651],[-8.6128737,41.0184267],[-8.612839,41.0183483],[-8.612833,41.0183298],[-8.6128325,41.0183203],[-8.6128318,41.0183133],[-8.6121404,41.016497],[-8.6121374,41.0164469],[-8.6126553,41.0164302],[-8.6126617,41.0163939],[-8.6126674,41.0163637],[-8.6126729,41.0163364],[-8.6126802,41.0163082],[-8.6128189,41.0156832],[-8.6128191,41.0156686],[-8.6128224,41.0156489],[-8.6126327,41.0156534],[-8.6126107,41.015654],[-8.6125513,41.015652],[-8.6124518,41.0156352],[-8.6124614,41.0156256],[-8.6124964,41.0155942],[-8.6125208,41.015555],[-8.6125308,41.0155268],[-8.6125395,41.0154933],[-8.6125526,41.0154381],[-8.6125624,41.0153846],[-8.6125903,41.0152672],[-8.612602,41.0152224],[-8.6126503,41.015032],[-8.6126357,41.0149546],[-8.6125148,41.0149715],[-8.6125161,41.0149493],[-8.6125079,41.0149236],[-8.6124974,41.0148814],[-8.6124589,41.01475],[-8.6123675,41.0144459],[-8.6123244,41.0143194],[-8.6122769,41.0141997],[-8.6122482,41.0141067],[-8.6122093,41.0139864],[-8.6122045,41.0139631],[-8.6121664,41.0137939],[-8.6121453,41.0137197],[-8.6121264,41.0136585],[-8.6121184,41.0136427],[-8.6121103,41.0135826],[-8.6121034,41.0135097],[-8.6120821,41.0132872],[-8.6120798,41.0132535],[-8.612077,41.0132302],[-8.6120639,41.0131869],[-8.6120627,41.0131739],[-8.6120537,41.0131377],[-8.6120455,41.0131062],[-8.6120383,41.0130897],[-8.6120284,41.0130531],[-8.612017,41.0130129],[-8.6119819,41.0129134],[-8.6119588,41.0128179],[-8.6119513,41.0127917],[-8.6119243,41.0127125],[-8.6118944,41.0126341],[-8.6118592,41.0125549],[-8.6118383,41.0125068],[-8.6115949,41.0114197],[-8.6111139,41.0087155],[-8.6110511,41.0083609],[-8.6108389,41.0083634],[-8.6108224,41.0083635],[-8.6105833,41.0083608],[-8.6105169,41.00836],[-8.6104866,41.0083595],[-8.6104166,41.0083587],[-8.6101507,41.0083561],[-8.6101205,41.0083546],[-8.6098447,41.0083586],[-8.6095226,41.0083557],[-8.6091243,41.0083385],[-8.6088127,41.0083403],[-8.6087678,41.008342],[-8.6084606,41.0083522],[-8.6078576,41.0083541],[-8.6072189,41.0083565],[-8.6068261,41.0083426],[-8.6066248,41.0083376],[-8.6064924,41.0083356],[-8.6062904,41.0083336],[-8.6062511,41.0083335],[-8.606182,41.0083329],[-8.6051276,41.0083283],[-8.6050305,41.0083272],[-8.604792,41.0083223],[-8.6040678,41.0083076],[-8.6040255,41.0083066],[-8.6038729,41.0083042],[-8.6036609,41.0083005],[-8.6035142,41.0083017],[-8.6033624,41.0083031],[-8.6033257,41.0083033],[-8.6030183,41.0083034],[-8.6029202,41.0083033],[-8.6026333,41.0083025],[-8.6022843,41.0082907],[-8.6021974,41.0082921],[-8.6019714,41.0082962],[-8.6017354,41.0082855],[-8.6015404,41.0082883]]]}},{"type":"Feature","properties":{"nome":"Paramos","municipio":"Espinho","municipio_short":"ESP","dicofre":"010704","area_km2":5.87,"area_ha":587.17,"populacao":5500,"populacao_fonte":"ine_2021","densidade":937,"num_escolas":3,"num_parques":1,"area_verde_m2":60500,"comboios_ativos":2,"camara_nome":"Câmara Municipal de Espinho","camara_email":"geral@cm-espinho.pt","camara_url":"https://www.cm-espinho.pt","escudo_url":null,"cor_principal":"#5A3463","centroide":[-8.645318145500369,40.975660765442804],"_todo":["Add real num_escolas (Censo + DGEEC)","Add real area_verde_m2 (Câmara dataset)","Add real comboios_ativos (Bicis Sapiens registry)","Add escudo_url (Wikimedia Commons SVG)","Verify cor_principal against actual heraldic blazon"]},"geometry":{"type":"Polygon","coordinates":[[[-8.6115017,40.9815883],[-8.6115606,40.9815826],[-8.6116189,40.9815793],[-8.6116814,40.9815883],[-8.6117497,40.9815941],[-8.6117879,40.9815939],[-8.6118261,40.9815938],[-8.6118622,40.981586],[-8.6119042,40.9815675],[-8.6119403,40.9815399],[-8.6119441,40.9815156],[-8.6119218,40.9814851],[-8.6119094,40.9814471],[-8.611905,40.9813998],[-8.6119128,40.9813617],[-8.6119248,40.9813388],[-8.6119608,40.9813219],[-8.6120649,40.9812902],[-8.613019,40.9809996],[-8.6131155,40.9809576],[-8.6131613,40.9809484],[-8.6132475,40.9809332],[-8.6132723,40.9809271],[-8.613299,40.9809222],[-8.6133353,40.9809167],[-8.6133434,40.9809138],[-8.6133815,40.9808763],[-8.6134371,40.980817],[-8.6134686,40.9807892],[-8.6135334,40.9807479],[-8.6135824,40.9807232],[-8.6136177,40.9807014],[-8.6136678,40.9806795],[-8.6136893,40.9806662],[-8.6137694,40.980607],[-8.6138069,40.9805711],[-8.6138585,40.9804924],[-8.6138847,40.980454],[-8.6138999,40.9804216],[-8.6139126,40.9803956],[-8.6139276,40.9803599],[-8.6139386,40.9803309],[-8.6139716,40.9802418],[-8.613986,40.9801902],[-8.6139896,40.9801789],[-8.6139999,40.9801569],[-8.6140244,40.9801132],[-8.6140342,40.9800842],[-8.6140552,40.9800233],[-8.6140705,40.9799892],[-8.6141051,40.9799081],[-8.6141431,40.9798196],[-8.6141682,40.979775],[-8.6142065,40.9796969],[-8.6142181,40.9796864],[-8.6142491,40.9796523],[-8.6142877,40.9796079],[-8.6143205,40.979565],[-8.6143881,40.9794983],[-8.6144132,40.9794585],[-8.6144655,40.9794138],[-8.6145273,40.9793694],[-8.614576,40.979341],[-8.6146631,40.9792996],[-8.6147273,40.9792698],[-8.6148088,40.9792371],[-8.6148787,40.9792146],[-8.6149351,40.979207],[-8.6149799,40.9792051],[-8.6150833,40.9792211],[-8.6151983,40.9792397],[-8.61528,40.9792526],[-8.615436,40.9792846],[-8.6158079,40.9793624],[-8.6159573,40.979398],[-8.6160199,40.9794104],[-8.6160862,40.9794172],[-8.6161327,40.979419],[-8.6161432,40.979418],[-8.6162336,40.9794151],[-8.616298,40.9794121],[-8.6163606,40.9794048],[-8.6164249,40.9793975],[-8.6164705,40.979386],[-8.6165313,40.9793691],[-8.6166066,40.9793395],[-8.6167132,40.9792972],[-8.616805,40.9792661],[-8.6168858,40.9792393],[-8.6169831,40.9791998],[-8.6171673,40.9791124],[-8.618172,40.9817737],[-8.6182102,40.9818755],[-8.61823,40.9819272],[-8.6182819,40.9820656],[-8.6182907,40.9820884],[-8.6187874,40.9834045],[-8.6188701,40.983407],[-8.6193294,40.9834211],[-8.6195145,40.9834158],[-8.6200648,40.9834169],[-8.6203904,40.9834456],[-8.62056,40.983459],[-8.6213967,40.9834848],[-8.621466,40.983487],[-8.6215565,40.9834897],[-8.6244774,40.983579],[-8.6246523,40.9836062],[-8.6247009,40.9836136],[-8.6271225,40.9839884],[-8.6277358,40.9840831],[-8.6305352,40.9845159],[-8.6306294,40.984518],[-8.6307237,40.9845199],[-8.6320254,40.9845477],[-8.6337009,40.9845837],[-8.6338288,40.9845863],[-8.635403,40.9846202],[-8.6369851,40.984669],[-8.6388553,40.9847269],[-8.6392679,40.9847146],[-8.6400205,40.9846846],[-8.6407619,40.9846614],[-8.6416689,40.9846107],[-8.6424786,40.9845252],[-8.6426873,40.9845009],[-8.6427233,40.9844979],[-8.6428684,40.9844933],[-8.6429482,40.984491],[-8.643342,40.9844789],[-8.6443142,40.9844729],[-8.6451729,40.984478],[-8.646149,40.984454],[-8.6471554,40.9844314],[-8.6481096,40.9844235],[-8.6484389,40.984408],[-8.6484396,40.9843829],[-8.6484509,40.9843471],[-8.6484708,40.9843085],[-8.6484928,40.9842546],[-8.6485198,40.9841963],[-8.648531,40.9841492],[-8.6485324,40.9841169],[-8.6485442,40.983944],[-8.64856,40.9839122],[-8.6486153,40.9838337],[-8.6486219,40.983787],[-8.6486477,40.9837072],[-8.6486664,40.9836315],[-8.6486945,40.9835861],[-8.6487259,40.9835175],[-8.6487699,40.9834008],[-8.648785,40.9833715],[-8.6488214,40.9833091],[-8.6488401,40.983264],[-8.6488601,40.9832034],[-8.6488833,40.9831583],[-8.6489074,40.9830843],[-8.6489563,40.9829048],[-8.6489714,40.98286],[-8.649002,40.982731],[-8.6490429,40.9826279],[-8.6491127,40.9825366],[-8.6491617,40.9824306],[-8.6492014,40.9824076],[-8.6492611,40.9823773],[-8.6493204,40.9823238],[-8.6493399,40.9822635],[-8.6493459,40.9822176],[-8.6493143,40.9821052],[-8.649314,40.9820677],[-8.649353,40.9820225],[-8.6493976,40.981976],[-8.6494318,40.9819302],[-8.6494503,40.9818792],[-8.6494575,40.9818479],[-8.6494952,40.9817777],[-8.6496196,40.9816831],[-8.6496251,40.9816775],[-8.6496361,40.9816676],[-8.6496699,40.9816463],[-8.649704,40.9816335],[-8.6497499,40.9816322],[-8.6497606,40.9816327],[-8.6497946,40.9816353],[-8.6498196,40.9816369],[-8.649829,40.9816372],[-8.6498447,40.9816385],[-8.6498556,40.9816405],[-8.6498777,40.9816449],[-8.6498911,40.9816479],[-8.6499084,40.981652],[-8.6499157,40.981654],[-8.6499404,40.9816601],[-8.6499664,40.9816675],[-8.649973,40.9816697],[-8.6499925,40.9816752],[-8.6500045,40.9816783],[-8.6500168,40.9816808],[-8.6500293,40.981683],[-8.6500418,40.9816846],[-8.650053,40.9816859],[-8.650064,40.9816868],[-8.6500818,40.981687],[-8.6501108,40.9816877],[-8.650188,40.9816924],[-8.650204,40.9816935],[-8.6502121,40.9816942],[-8.6502277,40.9816976],[-8.6502353,40.9816998],[-8.6502586,40.981705],[-8.6502856,40.9817122],[-8.6502923,40.9817141],[-8.6503125,40.9817192],[-8.6503253,40.9817216],[-8.6503384,40.9817238],[-8.6503514,40.9817257],[-8.6503732,40.9817278],[-8.6503913,40.9817284],[-8.6504152,40.9817283],[-8.6504287,40.9817285],[-8.6504521,40.9817306],[-8.6504755,40.9817336],[-8.6504998,40.9817394],[-8.6505209,40.9817452],[-8.6505324,40.9817488],[-8.6505487,40.9817544],[-8.6505767,40.9817633],[-8.6506053,40.9817642],[-8.6506124,40.9817642],[-8.6506246,40.9817644],[-8.6506418,40.9817658],[-8.6506538,40.9817674],[-8.6506607,40.9817687],[-8.6506855,40.9817723],[-8.6507317,40.9817783],[-8.6507389,40.9817791],[-8.6507901,40.9817873],[-8.6508156,40.9817925],[-8.6508411,40.9817975],[-8.6508686,40.9818033],[-8.6508854,40.9818065],[-8.6508964,40.9818088],[-8.6509133,40.981811],[-8.6509276,40.9818123],[-8.6509486,40.9818147],[-8.6509564,40.9818164],[-8.6509872,40.9818242],[-8.6509945,40.9818264],[-8.6510209,40.9818349],[-8.6510293,40.981838],[-8.6510471,40.9818435],[-8.6510799,40.9818491],[-8.6511049,40.981852],[-8.6511617,40.9818563],[-8.6512154,40.9818633],[-8.6512422,40.9818654],[-8.6512693,40.9818678],[-8.651293,40.9818706],[-8.6513279,40.9818902],[-8.6513795,40.9819155],[-8.6514256,40.9819283],[-8.6514397,40.9819307],[-8.6514858,40.9819367],[-8.6514926,40.9819378],[-8.6515283,40.9819447],[-8.6515359,40.9819471],[-8.6515433,40.98195],[-8.6515519,40.981953],[-8.6515617,40.9819563],[-8.6515757,40.9819605],[-8.6516004,40.9819658],[-8.651613,40.981968],[-8.651626,40.9819699],[-8.6516714,40.9819741],[-8.6516957,40.9819769],[-8.6517203,40.9819793],[-8.6517359,40.9819803],[-8.6517632,40.9819816],[-8.6517781,40.9819827],[-8.6517918,40.981984],[-8.6518227,40.9819878],[-8.6518466,40.9819897],[-8.6518687,40.9819904],[-8.6518835,40.9819903],[-8.6518935,40.98199],[-8.6519066,40.9819891],[-8.6519322,40.9819865],[-8.6519544,40.981983],[-8.6520035,40.9819718],[-8.6520236,40.9819602],[-8.6520438,40.9819426],[-8.6520592,40.9819187],[-8.6520691,40.9819057],[-8.6520748,40.9818935],[-8.652078,40.9818781],[-8.6520808,40.9818623],[-8.6520833,40.9818468],[-8.6520842,40.9818381],[-8.6520852,40.9818211],[-8.6520856,40.981802],[-8.6520855,40.9817908],[-8.6520849,40.9817795],[-8.652084,40.9817683],[-8.652082,40.9817545],[-8.6520689,40.9817273],[-8.6520328,40.9817052],[-8.652017,40.9817033],[-8.652,40.9817036],[-8.6519784,40.9817029],[-8.6519671,40.9817021],[-8.6519466,40.9816994],[-8.6519366,40.9816941],[-8.6519267,40.9816868],[-8.6519102,40.9816759],[-8.6518847,40.9816689],[-8.6518724,40.9816671],[-8.6518619,40.9816652],[-8.6518515,40.981663],[-8.651834,40.9816571],[-8.6518254,40.9816537],[-8.651791,40.9816415],[-8.6517685,40.9816346],[-8.6517571,40.9816316],[-8.6517477,40.9816288],[-8.6517393,40.9816268],[-8.6517205,40.9816233],[-8.6516933,40.9816175],[-8.6516663,40.9816114],[-8.6516537,40.9816084],[-8.6516236,40.9816021],[-8.6515992,40.9815979],[-8.6515828,40.9815958],[-8.6515672,40.9815956],[-8.6515544,40.9815968],[-8.6515468,40.9815979],[-8.6515244,40.9816002],[-8.6515086,40.9816015],[-8.6514923,40.9816021],[-8.6514759,40.9816022],[-8.6514635,40.981602],[-8.6514434,40.9815998],[-8.6514186,40.9815974],[-8.6513916,40.9815949],[-8.6513649,40.9815928],[-8.6513393,40.9815896],[-8.6513134,40.9815866],[-8.6512869,40.9815828],[-8.6512605,40.9815792],[-8.651181,40.981568],[-8.6511726,40.9815673],[-8.6511552,40.9815648],[-8.6511472,40.9815631],[-8.6511392,40.9815612],[-8.6510929,40.9815513],[-8.6510691,40.9815468],[-8.6510458,40.9815431],[-8.6510367,40.9815428],[-8.6510275,40.9815429],[-8.6510174,40.9815432],[-8.6510025,40.9815433],[-8.6509889,40.9815428],[-8.6509741,40.9815414],[-8.6509629,40.98154],[-8.6509371,40.9815373],[-8.6509099,40.9815349],[-8.6508558,40.9815307],[-8.6508292,40.9815288],[-8.6508024,40.9815253],[-8.6507757,40.981522],[-8.6507604,40.9815207],[-8.6507489,40.9815199],[-8.6507221,40.9815178],[-8.6507112,40.9815164],[-8.6506699,40.9815105],[-8.6506503,40.9815083],[-8.6506431,40.9815077],[-8.6506159,40.9815048],[-8.6505624,40.981498],[-8.6505347,40.9814947],[-8.6505185,40.9814925],[-8.6505068,40.9814912],[-8.6504907,40.9814898],[-8.6504813,40.9814893],[-8.6504558,40.9814872],[-8.6504367,40.9814833],[-8.6504096,40.9814767],[-8.6503824,40.9814695],[-8.6503734,40.9814664],[-8.6503553,40.9814617],[-8.6503411,40.9814595],[-8.6503196,40.9814571],[-8.6502947,40.9814552],[-8.6502637,40.9814546],[-8.6502542,40.9814546],[-8.6502449,40.9814541],[-8.6502374,40.9814532],[-8.6502282,40.9814519],[-8.6502179,40.9814497],[-8.6501667,40.981441],[-8.650149,40.9814376],[-8.6501395,40.9814362],[-8.6500836,40.9814286],[-8.650046,40.9814248],[-8.6500306,40.9814229],[-8.6499804,40.9814142],[-8.6499297,40.9814046],[-8.6499189,40.9814032],[-8.649907,40.9814024],[-8.6498967,40.9814019],[-8.6498868,40.9814017],[-8.6498768,40.9814011],[-8.6498576,40.9813993],[-8.6498353,40.9813965],[-8.6498193,40.9813941],[-8.6498071,40.9813919],[-8.6497935,40.9813891],[-8.649768,40.9813845],[-8.6497412,40.9813798],[-8.6497149,40.9813751],[-8.6496813,40.9813694],[-8.6496605,40.9813661],[-8.649633,40.9813623],[-8.6496053,40.9813582],[-8.6495907,40.9813568],[-8.6495725,40.9813556],[-8.6495551,40.9813537],[-8.6495144,40.9813431],[-8.6494825,40.9813261],[-8.6494618,40.9813039],[-8.6494541,40.9812739],[-8.6494531,40.9812641],[-8.6494518,40.9812446],[-8.6494508,40.9812337],[-8.6494489,40.9812193],[-8.6494462,40.9812052],[-8.6494446,40.9811982],[-8.6494404,40.9811834],[-8.649437,40.9811732],[-8.6494284,40.9811533],[-8.6494236,40.9811435],[-8.6494136,40.9811267],[-8.6494027,40.9811103],[-8.6493855,40.9810865],[-8.6493766,40.9810753],[-8.6493729,40.9810697],[-8.6493594,40.9810388],[-8.6493582,40.9810039],[-8.6493583,40.9809842],[-8.649358,40.980978],[-8.649358,40.9809716],[-8.6493582,40.9809654],[-8.6493589,40.9809544],[-8.6493595,40.980949],[-8.6493622,40.9809336],[-8.6493643,40.9809248],[-8.6493765,40.980891],[-8.6493862,40.9808569],[-8.6493923,40.9808329],[-8.649394,40.9808251],[-8.6493969,40.980809],[-8.6493979,40.9808014],[-8.6493967,40.9807916],[-8.6493949,40.980782],[-8.6493928,40.9807722],[-8.6493903,40.9807624],[-8.649385,40.9807464],[-8.6493799,40.9807331],[-8.6493723,40.9807126],[-8.649362,40.9806795],[-8.649353,40.9806455],[-8.6493511,40.980637],[-8.6493482,40.9806035],[-8.6493597,40.9805666],[-8.6493639,40.9805579],[-8.6493672,40.9805517],[-8.6493764,40.9805324],[-8.6493802,40.9805215],[-8.649387,40.9804995],[-8.6493931,40.9804773],[-8.6493987,40.9804536],[-8.6494003,40.9804457],[-8.6494022,40.9804305],[-8.6494025,40.9804244],[-8.649405,40.9804029],[-8.6494062,40.9803821],[-8.64941,40.9803303],[-8.6494106,40.9803191],[-8.6494108,40.9803078],[-8.6494096,40.9802754],[-8.649405,40.9802338],[-8.6494027,40.9802082],[-8.6494023,40.9801981],[-8.6494105,40.980164],[-8.6494163,40.9801505],[-8.6494273,40.980129],[-8.6494381,40.9801104],[-8.6494456,40.980098],[-8.6494533,40.9800841],[-8.6494612,40.980069],[-8.6494648,40.9800613],[-8.6494714,40.9800464],[-8.6494742,40.9800076],[-8.6494734,40.9799963],[-8.6494701,40.9799757],[-8.6494675,40.979962],[-8.6494664,40.9799541],[-8.6494654,40.9799417],[-8.6494649,40.9799294],[-8.6494652,40.9799172],[-8.6494658,40.9799111],[-8.6494702,40.9798776],[-8.6494717,40.9798559],[-8.6494726,40.9798458],[-8.6494731,40.9798345],[-8.649473,40.9798083],[-8.6494726,40.9797996],[-8.6494718,40.9797898],[-8.6494697,40.9797735],[-8.6494683,40.9797653],[-8.6494642,40.9797456],[-8.6494618,40.9797363],[-8.6494541,40.9797104],[-8.6494503,40.9796953],[-8.6494476,40.9796838],[-8.6494461,40.9796762],[-8.6494441,40.9796636],[-8.6494436,40.9796295],[-8.6494437,40.9796089],[-8.6494445,40.9795488],[-8.6494455,40.9795349],[-8.6494473,40.9795211],[-8.6494488,40.9795115],[-8.6494517,40.9795005],[-8.6494546,40.979491],[-8.6494572,40.9794837],[-8.6494594,40.9794763],[-8.6494606,40.9794704],[-8.6494614,40.9794552],[-8.6494612,40.9794369],[-8.6494616,40.9794274],[-8.6494657,40.9793874],[-8.6494676,40.9793666],[-8.6494725,40.9793041],[-8.649473,40.9792621],[-8.6494737,40.979227],[-8.6494777,40.9792022],[-8.6494857,40.9791695],[-8.6494968,40.9791405],[-8.6495284,40.9790819],[-8.6495499,40.9790539],[-8.6495691,40.9790274],[-8.6495725,40.9790223],[-8.6495772,40.9790158],[-8.6495855,40.9790028],[-8.6495896,40.978996],[-8.6495935,40.9789895],[-8.6495966,40.9789837],[-8.6495987,40.9789719],[-8.6496022,40.9789484],[-8.6496034,40.9789366],[-8.6496056,40.9789099],[-8.6496072,40.9788992],[-8.6496194,40.978869],[-8.6496235,40.978864],[-8.6496279,40.9788592],[-8.6496371,40.9788501],[-8.6496432,40.9788436],[-8.6496485,40.9788374],[-8.6496533,40.9788303],[-8.6496576,40.978823],[-8.6496642,40.9788108],[-8.6496709,40.9788007],[-8.6496992,40.978773],[-8.6497064,40.9787665],[-8.6497326,40.9787447],[-8.6497766,40.9787105],[-8.6497929,40.9786876],[-8.6498039,40.9786616],[-8.6498051,40.9786558],[-8.6498071,40.9786436],[-8.6498088,40.9786256],[-8.6498094,40.9786141],[-8.64981,40.9785975],[-8.6498099,40.9785806],[-8.6498092,40.9785699],[-8.6498084,40.9785626],[-8.6498063,40.978548],[-8.6498053,40.9785393],[-8.6498033,40.978526],[-8.6497985,40.9785053],[-8.649809,40.9784728],[-8.649818,40.9784429],[-8.6498212,40.9784311],[-8.6498247,40.9784145],[-8.6498267,40.9784009],[-8.6498282,40.9783875],[-8.6498297,40.978374],[-8.6498305,40.9783633],[-8.6498333,40.9783354],[-8.6498359,40.9783123],[-8.649839,40.9782932],[-8.6498441,40.9782588],[-8.6498537,40.9782101],[-8.6498594,40.9781831],[-8.6498676,40.9781495],[-8.6498735,40.9781306],[-8.6498802,40.9781103],[-8.6498824,40.978103],[-8.6498883,40.9780734],[-8.6498967,40.9780267],[-8.6499023,40.9779864],[-8.6499059,40.9779566],[-8.6499092,40.9779327],[-8.6499117,40.9779175],[-8.6499168,40.9779008],[-8.6499236,40.9778727],[-8.6499332,40.9778371],[-8.6499384,40.9778194],[-8.6499442,40.9778017],[-8.6499504,40.9777842],[-8.6499568,40.9777673],[-8.6499626,40.9777546],[-8.6499817,40.9777013],[-8.6499894,40.9776743],[-8.649996,40.977647],[-8.6500015,40.9776194],[-8.6500075,40.9775921],[-8.6500139,40.9775649],[-8.6500197,40.9775379],[-8.65003,40.9775115],[-8.6500385,40.9774847],[-8.6500448,40.9774582],[-8.6500498,40.9774306],[-8.6500568,40.9774005],[-8.6500727,40.9773495],[-8.6500803,40.9773224],[-8.6500858,40.9772954],[-8.6500882,40.9772681],[-8.6500933,40.9772405],[-8.6501042,40.977214],[-8.6501175,40.9771889],[-8.6501303,40.9771634],[-8.6501384,40.977137],[-8.6501434,40.97711],[-8.6501464,40.9770826],[-8.6501512,40.9770556],[-8.6501517,40.9770277],[-8.650153,40.9769999],[-8.6501625,40.9769449],[-8.6501706,40.9769182],[-8.6501797,40.9768915],[-8.6501892,40.9768644],[-8.650201,40.9768379],[-8.6502118,40.9768122],[-8.6502243,40.9767857],[-8.6502363,40.9767597],[-8.6502564,40.9767068],[-8.6502609,40.9766792],[-8.6502649,40.9766518],[-8.6502752,40.9766251],[-8.6502835,40.9765986],[-8.6502916,40.9765718],[-8.6502994,40.9765453],[-8.6503096,40.9765188],[-8.6503171,40.976492],[-8.6503232,40.9764651],[-8.6503303,40.9764383],[-8.6503381,40.9764115],[-8.6503477,40.976385],[-8.650352,40.9763577],[-8.6503595,40.9763307],[-8.6503678,40.9763039],[-8.6503719,40.9762769],[-8.6503704,40.9762496],[-8.6503665,40.9762223],[-8.6503605,40.976195],[-8.650357,40.9761678],[-8.6503651,40.9761413],[-8.650385,40.9761187],[-8.6504021,40.9760944],[-8.6504167,40.9760693],[-8.650428,40.9760436],[-8.6504385,40.9760171],[-8.6504445,40.9759909],[-8.6504463,40.9759802],[-8.6504562,40.9759537],[-8.6504668,40.9759278],[-8.650477,40.9759004],[-8.6504792,40.975874],[-8.6504699,40.9758622],[-8.650449,40.9758395],[-8.6504362,40.9758134],[-8.650432,40.9757858],[-8.6504368,40.9757588],[-8.6504465,40.975732],[-8.6504585,40.9757058],[-8.6504613,40.9756782],[-8.6504609,40.9756506],[-8.6504614,40.9756228],[-8.6504666,40.9755958],[-8.6504696,40.9755681],[-8.6504737,40.9755405],[-8.6504804,40.975513],[-8.6504901,40.9754859],[-8.6505037,40.9754603],[-8.650509,40.9754329],[-8.6505125,40.9754053],[-8.650518,40.9753775],[-8.650521,40.9753495],[-8.6505264,40.9753217],[-8.6505301,40.9752941],[-8.6505328,40.9752656],[-8.6505359,40.9752379],[-8.6505394,40.9752102],[-8.6505444,40.9751827],[-8.6505538,40.9751565],[-8.6505863,40.9751071],[-8.6506001,40.975082],[-8.6506155,40.9750572],[-8.650631,40.9750317],[-8.6506411,40.9750056],[-8.650651,40.9749788],[-8.6506605,40.974952],[-8.6506746,40.9748968],[-8.650682,40.9748703],[-8.6506885,40.974843],[-8.650695,40.974815],[-8.6506998,40.9747872],[-8.6507241,40.9747348],[-8.65074,40.9747102],[-8.6507586,40.9746856],[-8.6507756,40.9746608],[-8.650793,40.9746365],[-8.6508064,40.9746111],[-8.650817,40.9745849],[-8.6508307,40.974559],[-8.650847,40.9745344],[-8.6508646,40.9745101],[-8.6508875,40.9744574],[-8.6509013,40.9744321],[-8.6509192,40.9744077],[-8.6509398,40.9743851],[-8.6509564,40.9743606],[-8.6509659,40.9743333],[-8.6509699,40.9743057],[-8.6509811,40.9742794],[-8.6510006,40.974256],[-8.6510212,40.9742328],[-8.6510381,40.9742082],[-8.651057,40.974184],[-8.6510774,40.9741605],[-8.651096,40.9741362],[-8.6511135,40.9741125],[-8.6511303,40.9740882],[-8.6511479,40.9740634],[-8.6511678,40.9740408],[-8.6511908,40.9740199],[-8.6512157,40.974],[-8.651254,40.9739532],[-8.6512709,40.9739289],[-8.6512845,40.9739029],[-8.6513006,40.9738784],[-8.6513145,40.973853],[-8.6513385,40.9738326],[-8.6513722,40.9738384],[-8.6514059,40.9738466],[-8.6514361,40.9738606],[-8.6514712,40.9738568],[-8.6515053,40.9738496],[-8.6515408,40.973854],[-8.6515766,40.9738597],[-8.6516074,40.9738745],[-8.6516258,40.9738733],[-8.6516568,40.9738759],[-8.6516754,40.9738826],[-8.6517117,40.9738842],[-8.6517481,40.9738862],[-8.6517835,40.9738897],[-8.6518187,40.9738935],[-8.6518535,40.9738978],[-8.6518581,40.9739111],[-8.6518916,40.9739216],[-8.6519272,40.9739208],[-8.6519621,40.973914],[-8.651975,40.9739043],[-8.6520071,40.9739169],[-8.6520365,40.9739322],[-8.6520549,40.9739319],[-8.6520896,40.9739241],[-8.6521243,40.9739304],[-8.6521608,40.9739327],[-8.6521906,40.9739473],[-8.6522254,40.9739544],[-8.652234,40.9739558],[-8.6522428,40.9739569],[-8.6522951,40.9739643],[-8.6523126,40.9739619],[-8.6523351,40.973982],[-8.6523524,40.9739856],[-8.6523841,40.9739985],[-8.6524186,40.9740053],[-8.652449,40.9739911],[-8.6524818,40.9740005],[-8.6524922,40.9739895],[-8.6525218,40.9739748],[-8.6525318,40.9740008],[-8.6525459,40.9740095],[-8.652564,40.9740092],[-8.6525954,40.9739967],[-8.6526129,40.9739727],[-8.6526308,40.9739717],[-8.6526484,40.9739483],[-8.6526809,40.9739561],[-8.652722,40.9739567],[-8.652745,40.9739678],[-8.6527645,40.9739849],[-8.6527813,40.9739767],[-8.6527805,40.9739432],[-8.6528023,40.9739198],[-8.6527844,40.9738948],[-8.6528003,40.973886],[-8.6528024,40.9738725],[-8.6527781,40.9738506],[-8.6527963,40.9738233],[-8.6527547,40.9738209],[-8.6527188,40.9738177],[-8.6527024,40.9738417],[-8.6526862,40.9738358],[-8.6526556,40.9738497],[-8.65264,40.9738493],[-8.6526264,40.9738237],[-8.6525932,40.9738135],[-8.6525747,40.9737902],[-8.652558,40.9737855],[-8.6525233,40.9737789],[-8.6525086,40.9737871],[-8.6524738,40.9737932],[-8.6524374,40.9737951],[-8.6524043,40.9737878],[-8.6523937,40.9737989],[-8.6523596,40.9737912],[-8.6523252,40.9737832],[-8.6522836,40.973776],[-8.6522556,40.9737683],[-8.6522211,40.9737619],[-8.6521905,40.9737477],[-8.6521723,40.9737473],[-8.6521416,40.9737612],[-8.6521062,40.9737558],[-8.6520721,40.9737477],[-8.6520396,40.9737358],[-8.6520062,40.9737258],[-8.6519732,40.973715],[-8.6519375,40.9737109],[-8.6519025,40.9737052],[-8.6518675,40.9737064],[-8.6518312,40.9737086],[-8.6518186,40.9736988],[-8.6517825,40.9736945],[-8.6517551,40.9736774],[-8.6517399,40.9736848],[-8.6517042,40.9736824],[-8.6516676,40.9736781],[-8.6516329,40.9736715],[-8.6515969,40.9736671],[-8.651564,40.9736566],[-8.6515281,40.9736602],[-8.6514934,40.9736553],[-8.6514577,40.9736512],[-8.651424,40.9736406],[-8.6513881,40.9736396],[-8.6513051,40.9736201],[-8.6512718,40.9736202],[-8.6512501,40.9736206],[-8.6512182,40.9736072],[-8.6511821,40.9736074],[-8.6511466,40.9736033],[-8.6511146,40.973615],[-8.6510799,40.9736056],[-8.6510452,40.9735988],[-8.6510093,40.9736031],[-8.6509742,40.9735968],[-8.650938,40.973599],[-8.650907,40.973585],[-8.6508747,40.9735731],[-8.65084,40.973565],[-8.6508076,40.9735528],[-8.6507752,40.97354],[-8.6507424,40.9735284],[-8.6507081,40.9735355],[-8.650691,40.9735308],[-8.650675,40.9735371],[-8.6506391,40.9735336],[-8.650623,40.9735396],[-8.6505906,40.9735298],[-8.6505562,40.9735213],[-8.6505211,40.9735149],[-8.6504848,40.9735115],[-8.6504486,40.9735155],[-8.6504136,40.9735219],[-8.6503871,40.9735038],[-8.6503693,40.9735021],[-8.6503377,40.9734894],[-8.65032,40.973492],[-8.6502844,40.9734949],[-8.6502684,40.9734888],[-8.6502688,40.973475],[-8.6502741,40.9734477],[-8.6502726,40.9734202],[-8.6502618,40.973394],[-8.6502313,40.9733433],[-8.6502213,40.9733168],[-8.6502158,40.9732899],[-8.6502225,40.9732771],[-8.6502454,40.9732562],[-8.6502717,40.9732373],[-8.6502927,40.9732152],[-8.6503038,40.9731887],[-8.6503074,40.9731611],[-8.6503101,40.9731065],[-8.6503019,40.9730798],[-8.6502981,40.9730528],[-8.6503078,40.9730263],[-8.6503141,40.9729993],[-8.6503171,40.972972],[-8.6503315,40.9729469],[-8.6503482,40.9729223],[-8.6503619,40.9728961],[-8.6503673,40.9728688],[-8.6503697,40.9728409],[-8.6503772,40.9727869],[-8.650379,40.9727595],[-8.6503838,40.9727046],[-8.6503829,40.9726765],[-8.6503878,40.972621],[-8.6503947,40.9725935],[-8.6504004,40.9725659],[-8.6504045,40.9725385],[-8.6504113,40.9725112],[-8.6504176,40.9724844],[-8.650419,40.9724571],[-8.6504223,40.972429],[-8.650426,40.9724014],[-8.6504342,40.9723743],[-8.6504417,40.972347],[-8.6504481,40.9723199],[-8.6504535,40.9722926],[-8.6504583,40.972265],[-8.6504676,40.9722374],[-8.6504727,40.9722092],[-8.6504835,40.9721831],[-8.6504974,40.9721574],[-8.6505013,40.97213],[-8.6505084,40.9721022],[-8.6505181,40.9720757],[-8.650527,40.9720494],[-8.6505342,40.9720218],[-8.6505385,40.9719948],[-8.6505521,40.9719399],[-8.6505559,40.971885],[-8.6505582,40.9718586],[-8.650559,40.9718284],[-8.6505607,40.9718006],[-8.6505609,40.9717733],[-8.6505633,40.9717457],[-8.650566,40.9717181],[-8.6505656,40.9716908],[-8.650562,40.9716635],[-8.6505594,40.9716363],[-8.6505614,40.9716087],[-8.6505607,40.9715814],[-8.6505621,40.971554],[-8.6505656,40.9715265],[-8.6505668,40.9714989],[-8.6505684,40.9714719],[-8.6505731,40.971444],[-8.6505789,40.9714173],[-8.6505842,40.97139],[-8.6505891,40.9713632],[-8.6505945,40.9713403],[-8.6506204,40.9713214],[-8.6506444,40.9713007],[-8.65067,40.9712821],[-8.6506763,40.971255],[-8.6506831,40.9712282],[-8.6506889,40.9712015],[-8.6506967,40.9711748],[-8.6507008,40.9711472],[-8.6507039,40.9711196],[-8.6507066,40.971092],[-8.6507081,40.9710647],[-8.6507117,40.9710374],[-8.6507182,40.9710101],[-8.6507319,40.9709813],[-8.6507363,40.9709554],[-8.6507306,40.9709366],[-8.650724,40.9709203],[-8.650708,40.9708903],[-8.6506944,40.9708579],[-8.6506915,40.9708262],[-8.650698,40.9707943],[-8.6507118,40.9707639],[-8.6507251,40.9707382],[-8.6507356,40.9707199],[-8.6507515,40.970695],[-8.6507665,40.9706699],[-8.6507807,40.9706446],[-8.6507931,40.970618],[-8.6508011,40.970591],[-8.6508111,40.9705642],[-8.6508203,40.9705372],[-8.6508328,40.9705113],[-8.6508442,40.9704847],[-8.6508572,40.9704594],[-8.6508685,40.9704331],[-8.6508765,40.9704063],[-8.6508866,40.9703798],[-8.6508957,40.9703534],[-8.6509223,40.970302],[-8.6509367,40.9702767],[-8.6509506,40.9702507],[-8.650963,40.9702253],[-8.6509732,40.9701985],[-8.6509769,40.9701715],[-8.6509822,40.9701436],[-8.6509908,40.9701169],[-8.6510013,40.9700901],[-8.6510171,40.970065],[-8.651031,40.9700392],[-8.6510468,40.9700141],[-8.6510614,40.9699888],[-8.6510744,40.9699629],[-8.6510837,40.9699361],[-8.6510937,40.9699096],[-8.6511062,40.9698836],[-8.6511192,40.9698579],[-8.6511312,40.969832],[-8.6511387,40.9698053],[-8.651142,40.9697779],[-8.6511446,40.9697503],[-8.6511488,40.969723],[-8.6511587,40.9696962],[-8.6511738,40.9696706],[-8.6511903,40.969646],[-8.6512063,40.9696212],[-8.6512295,40.969593],[-8.6512476,40.9695636],[-8.6512681,40.9695348],[-8.651289,40.9695048],[-8.6513037,40.9694784],[-8.6513181,40.9694465],[-8.6513308,40.969418],[-8.6513387,40.9694014],[-8.6513419,40.969394],[-8.6513466,40.9693842],[-8.6513609,40.9693594],[-8.6513738,40.9693337],[-8.6514013,40.9692829],[-8.651414,40.969257],[-8.6514261,40.9692305],[-8.6514324,40.9692034],[-8.6514491,40.9691493],[-8.6514598,40.9691231],[-8.6514769,40.9690989],[-8.6514897,40.9690732],[-8.6515041,40.9690481],[-8.6515175,40.969023],[-8.6515248,40.9689962],[-8.6515301,40.9689691],[-8.6515366,40.9689421],[-8.6515453,40.9689151],[-8.6515584,40.9688894],[-8.6515743,40.9688649],[-8.6515923,40.9688411],[-8.6516108,40.9688177],[-8.6516295,40.9687946],[-8.6516511,40.9687725],[-8.651671,40.9687502],[-8.6516973,40.9686991],[-8.6517115,40.9686734],[-8.651726,40.9686481],[-8.6517365,40.9686213],[-8.6517482,40.9685953],[-8.6517594,40.9685689],[-8.6517707,40.9685429],[-8.6517807,40.9685158],[-8.6517884,40.9684888],[-8.6517956,40.9684617],[-8.6518038,40.9684344],[-8.6518123,40.9684073],[-8.6518196,40.9683881],[-8.6518223,40.9683806],[-8.6518294,40.9683538],[-8.6518418,40.9682989],[-8.6518489,40.9682721],[-8.6518555,40.9682451],[-8.6518586,40.9682175],[-8.6518587,40.9681902],[-8.6518484,40.9681641],[-8.651832,40.9681402],[-8.6518237,40.9681135],[-8.6518177,40.9680862],[-8.6518106,40.968059],[-8.6518069,40.9680317],[-8.6518053,40.9680044],[-8.6517987,40.9679777],[-8.6518001,40.9679501],[-8.6518032,40.9679229],[-8.6518068,40.9678953],[-8.6518098,40.9678651],[-8.6518107,40.9678409],[-8.6518137,40.9678136],[-8.651818,40.9677865],[-8.6518198,40.967759],[-8.6518238,40.967732],[-8.6518274,40.9677049],[-8.6518382,40.9676511],[-8.6518366,40.9676238],[-8.6518238,40.9675989],[-8.6518095,40.9675739],[-8.6518004,40.9675469],[-8.651794,40.967492],[-8.6517946,40.9674645],[-8.651802,40.967438],[-8.6518158,40.9674123],[-8.6518229,40.9673856],[-8.6518353,40.9673458],[-8.6518425,40.9673261],[-8.6518454,40.9673176],[-8.6518499,40.9673064],[-8.6518538,40.9672982],[-8.6518594,40.9672875],[-8.6518688,40.9672683],[-8.6518859,40.9672298],[-8.6519045,40.9671914],[-8.6519256,40.9671536],[-8.6519354,40.9671347],[-8.6519396,40.9671274],[-8.6519455,40.9671159],[-8.6519509,40.9671039],[-8.6519577,40.9670862],[-8.6519623,40.9670716],[-8.6519655,40.9670561],[-8.6519669,40.9670456],[-8.6519679,40.9670358],[-8.6519682,40.9670298],[-8.6519681,40.9670155],[-8.6519685,40.9669953],[-8.6519673,40.9669626],[-8.6519673,40.9669542],[-8.651969,40.9669362],[-8.6519725,40.966913],[-8.6519748,40.9669015],[-8.6519811,40.9668728],[-8.651986,40.9668323],[-8.6519898,40.9667915],[-8.6519944,40.9667608],[-8.6519961,40.9667512],[-8.6520047,40.9667244],[-8.652015,40.9666934],[-8.6520186,40.9666847],[-8.6520235,40.9666739],[-8.6520319,40.9666545],[-8.6520376,40.9666421],[-8.6520438,40.9666294],[-8.6520533,40.9666117],[-8.6520588,40.9666032],[-8.6520647,40.9665947],[-8.6520711,40.9665865],[-8.6520765,40.96658],[-8.6520838,40.9665723],[-8.6520989,40.9665571],[-8.6521094,40.9665475],[-8.6521216,40.9665365],[-8.6521312,40.9665285],[-8.6521437,40.966517],[-8.6521586,40.9664952],[-8.6521664,40.9664766],[-8.652168,40.9664676],[-8.6521687,40.9664583],[-8.6521715,40.9664378],[-8.6521743,40.9664215],[-8.6521779,40.9664053],[-8.6521812,40.9663947],[-8.6521872,40.966384],[-8.6521905,40.9663789],[-8.6522011,40.9663597],[-8.6522148,40.9663286],[-8.6522183,40.9663211],[-8.6522243,40.9663095],[-8.6522326,40.9662942],[-8.6522384,40.966283],[-8.6522417,40.9662751],[-8.6522493,40.9662554],[-8.6522542,40.9662435],[-8.6522608,40.9662297],[-8.6522681,40.9662162],[-8.6522742,40.9662057],[-8.6522857,40.9661882],[-8.652294,40.9661769],[-8.6522997,40.9661696],[-8.6523045,40.9661639],[-8.6523304,40.9661357],[-8.6523595,40.9661012],[-8.65239,40.9660673],[-8.6524059,40.9660506],[-8.6524145,40.9660418],[-8.6524218,40.966034],[-8.6524449,40.9660069],[-8.6524634,40.965978],[-8.6524672,40.9659733],[-8.6524779,40.9659609],[-8.6525069,40.9659263],[-8.6525217,40.9659094],[-8.6525314,40.965897],[-8.6525353,40.9658916],[-8.6525491,40.9658738],[-8.6525631,40.9658566],[-8.6525668,40.9658515],[-8.6525707,40.9658467],[-8.6525773,40.9658391],[-8.6525913,40.9658256],[-8.6525979,40.9658199],[-8.652611,40.9658071],[-8.6526186,40.9657982],[-8.6526289,40.9657846],[-8.6526377,40.9657713],[-8.6526441,40.96576],[-8.6526512,40.9657462],[-8.6526546,40.96574],[-8.6526586,40.9657332],[-8.6526937,40.9656961],[-8.6527112,40.965682],[-8.6527205,40.9656752],[-8.6527382,40.9656639],[-8.6527486,40.9656583],[-8.6527698,40.9656455],[-8.6528132,40.9656211],[-8.6528479,40.9656013],[-8.6528561,40.9655961],[-8.652882,40.9655766],[-8.6528922,40.9655661],[-8.6529035,40.9655405],[-8.6529013,40.9655135],[-8.6529056,40.9655053],[-8.6529104,40.9654971],[-8.6529235,40.9654762],[-8.652948,40.9654398],[-8.6529735,40.9654031],[-8.6529777,40.9653966],[-8.6529858,40.9653828],[-8.6529894,40.9653761],[-8.6529984,40.9653577],[-8.6530046,40.9653425],[-8.6530107,40.9653258],[-8.6530168,40.9653044],[-8.6530227,40.9652827],[-8.6530348,40.965243],[-8.6530419,40.9652233],[-8.6530446,40.9652151],[-8.653049,40.9652035],[-8.6530526,40.9651954],[-8.6530676,40.9651649],[-8.653076,40.9651454],[-8.6530811,40.9651345],[-8.6530846,40.9651257],[-8.6530886,40.9651136],[-8.6530918,40.9651012],[-8.6530952,40.965086],[-8.6531052,40.9650044],[-8.6531037,40.9649827],[-8.6530883,40.9649586],[-8.6530843,40.9649532],[-8.6530804,40.9649482],[-8.653074,40.9649409],[-8.6530656,40.964932],[-8.6530601,40.9649235],[-8.6530605,40.9649123],[-8.6530626,40.964903],[-8.653066,40.9648737],[-8.6531193,40.9647783],[-8.6500174,40.9650555],[-8.6305878,40.9667901],[-8.6290064,40.9672851],[-8.6290067,40.9673169],[-8.6290045,40.9673418],[-8.628984,40.9673931],[-8.6289489,40.9674366],[-8.6289146,40.967477],[-8.6288675,40.9675095],[-8.6288426,40.9675242],[-8.6286444,40.9675818],[-8.6285628,40.9674242],[-8.6260489,40.9682111],[-8.6260552,40.9682737],[-8.6257215,40.9681969],[-8.6253152,40.9681061],[-8.6250591,40.968052],[-8.6248838,40.9680115],[-8.6245914,40.9679438],[-8.6244036,40.9679055],[-8.6239299,40.9679217],[-8.6236931,40.9679298],[-8.6233808,40.9679472],[-8.6231258,40.967966],[-8.622854,40.9679866],[-8.6225468,40.9680391],[-8.6222313,40.9681011],[-8.6217475,40.9682119],[-8.6214154,40.9683123],[-8.6210835,40.9684479],[-8.6208362,40.9686151],[-8.6204757,40.9688755],[-8.6203698,40.968941],[-8.620217,40.9690457],[-8.6202053,40.9690546],[-8.620084,40.969146],[-8.6199628,40.9692318],[-8.6198297,40.9693231],[-8.6196991,40.9694215],[-8.6196222,40.9694751],[-8.6195148,40.9695396],[-8.6193956,40.9696059],[-8.6192788,40.969667],[-8.6191783,40.9697101],[-8.6190542,40.9697462],[-8.6188738,40.969779],[-8.6187052,40.9698045],[-8.6185667,40.9698212],[-8.6182645,40.9698705],[-8.6178382,40.9699452],[-8.6176368,40.9699888],[-8.6175079,40.9700072],[-8.6173813,40.9700165],[-8.6172477,40.970026],[-8.617112,40.9700603],[-8.617016,40.970075],[-8.6169079,40.970063],[-8.6168244,40.9700388],[-8.6167434,40.9700192],[-8.6167356,40.9700266],[-8.6167208,40.9700407],[-8.6141348,40.9709103],[-8.6139645,40.9710557],[-8.6137292,40.9712562],[-8.613657,40.9713176],[-8.6134938,40.9714566],[-8.613241,40.9716506],[-8.6128831,40.9718848],[-8.6127173,40.971992],[-8.6125082,40.9721856],[-8.6124371,40.9722607],[-8.6123603,40.9723516],[-8.6123417,40.9723678],[-8.6121738,40.9725036],[-8.6120525,40.9726019],[-8.6118984,40.972695],[-8.6117372,40.9727847],[-8.6115597,40.9728779],[-8.6114947,40.9729104],[-8.6112733,40.9730212],[-8.6109812,40.9731674],[-8.6107028,40.9733069],[-8.610739,40.9735013],[-8.6107575,40.9736145],[-8.6107823,40.9737917],[-8.6107889,40.9738528],[-8.6107993,40.9739491],[-8.6108163,40.9741339],[-8.61083,40.9743981],[-8.6108304,40.9746019],[-8.6108308,40.9747738],[-8.6108194,40.9751112],[-8.6108067,40.9755393],[-8.6108127,40.9755596],[-8.6109289,40.9759557],[-8.6111768,40.976441],[-8.611378,40.9769455],[-8.6115862,40.977513],[-8.6117426,40.9780404],[-8.6117997,40.9781945],[-8.6118489,40.9785088],[-8.6119003,40.9789477],[-8.6119239,40.9790678],[-8.6118629,40.9796179],[-8.6117874,40.980264],[-8.6118162,40.9806239],[-8.6118553,40.9811106],[-8.6115017,40.9815883]]]}},{"type":"Feature","properties":{"nome":"Silvalde","municipio":"Espinho","municipio_short":"ESP","dicofre":"010705","area_km2":5.45,"area_ha":545.48,"populacao":7800,"populacao_fonte":"ine_2021","densidade":1431,"num_escolas":3,"num_parques":1,"area_verde_m2":31200,"comboios_ativos":1,"camara_nome":"Câmara Municipal de Espinho","camara_email":"geral@cm-espinho.pt","camara_url":"https://www.cm-espinho.pt","escudo_url":null,"cor_principal":"#7A4F2A","centroide":[-8.640425363611369,40.99134557846014],"_todo":["Add real num_escolas (Censo + DGEEC)","Add real area_verde_m2 (Câmara dataset)","Add real comboios_ativos (Bicis Sapiens registry)","Add escudo_url (Wikimedia Commons SVG)","Verify cor_principal against actual heraldic blazon"]},"geometry":{"type":"Polygon","coordinates":[[[-8.647897,40.9991389],[-8.6479144,40.9990683],[-8.6479356,40.9990279],[-8.6479503,40.9990089],[-8.6480214,40.9989833],[-8.6480875,40.9989555],[-8.648129,40.9989378],[-8.6482911,40.998893],[-8.6483473,40.9988738],[-8.6484965,40.9988583],[-8.6485612,40.9988523],[-8.6485694,40.9988517],[-8.6486191,40.9988375],[-8.6487694,40.9987703],[-8.648857,40.9987297],[-8.6488982,40.9986955],[-8.6489444,40.9986728],[-8.6490006,40.9986525],[-8.6490518,40.9986284],[-8.6491013,40.998598],[-8.6491426,40.9985751],[-8.6491755,40.9985474],[-8.6491987,40.998532],[-8.6492944,40.9985041],[-8.649334,40.9984889],[-8.6493722,40.9984674],[-8.6494069,40.9984535],[-8.6494482,40.9984406],[-8.6495111,40.9984139],[-8.6495689,40.9983897],[-8.649597,40.9983834],[-8.6496152,40.9983821],[-8.6496617,40.9983944],[-8.6496917,40.998393],[-8.6497347,40.9983878],[-8.649791,40.9983763],[-8.6498177,40.9983787],[-8.6498541,40.9983884],[-8.6499154,40.9983972],[-8.65001,40.9984029],[-8.6500483,40.9984064],[-8.6500898,40.9984138],[-8.6501413,40.9984299],[-8.6501663,40.9984385],[-8.6501811,40.998441],[-8.6502128,40.9984535],[-8.6502459,40.998461],[-8.6502843,40.9984694],[-8.6503207,40.9984719],[-8.6503422,40.9984768],[-8.6503937,40.9984842],[-8.6504386,40.998489],[-8.6504651,40.9984963],[-8.6505102,40.9985261],[-8.6505534,40.9985449],[-8.650585,40.9985537],[-8.6506116,40.9985597],[-8.6506366,40.9985698],[-8.6506797,40.9985808],[-8.6507314,40.9986006],[-8.6508028,40.9986205],[-8.6508742,40.9986326],[-8.6509139,40.9986324],[-8.6509439,40.99863],[-8.651015,40.9986058],[-8.6510579,40.9985879],[-8.651086,40.9985714],[-8.6511239,40.9985487],[-8.6511669,40.9985282],[-8.6511817,40.9985169],[-8.6511816,40.9985031],[-8.6511765,40.9984905],[-8.6511913,40.9984806],[-8.6512128,40.9984715],[-8.6512228,40.9984641],[-8.6512326,40.9984576],[-8.6512307,40.9984388],[-8.6512241,40.9984214],[-8.6512007,40.9984],[-8.6511605,40.9983752],[-8.6511372,40.9983602],[-8.6511156,40.9983439],[-8.651094,40.9983266],[-8.6510823,40.9983077],[-8.6510686,40.9982712],[-8.6510569,40.9982561],[-8.6510304,40.9982539],[-8.6509343,40.9982581],[-8.6508777,40.9982445],[-8.650856,40.9982309],[-8.6508444,40.9982182],[-8.6508178,40.9982056],[-8.650738,40.9981886],[-8.6507163,40.9981862],[-8.6507,40.9982062],[-8.6506751,40.9982063],[-8.6506552,40.9981966],[-8.6506201,40.9981765],[-8.6505853,40.9981603],[-8.6505604,40.9981554],[-8.6505338,40.9981555],[-8.6504789,40.9981445],[-8.6504458,40.9981359],[-8.6503892,40.9981224],[-8.6503561,40.9981061],[-8.6502479,40.9980751],[-8.6502049,40.9980728],[-8.6501799,40.9980692],[-8.6501567,40.9980632],[-8.6500769,40.998052],[-8.6500354,40.9980448],[-8.6499541,40.9980264],[-8.6499242,40.9980175],[-8.6498793,40.9980079],[-8.6498361,40.9979917],[-8.6497829,40.9979804],[-8.6497449,40.997977],[-8.6497199,40.9979734],[-8.6496551,40.9979748],[-8.6495755,40.997994],[-8.6495145,40.9980056],[-8.6494981,40.9980132],[-8.6494403,40.9980475],[-8.6493826,40.998103],[-8.6493713,40.9981218],[-8.6493169,40.9981748],[-8.6493036,40.9981813],[-8.6492227,40.9982067],[-8.6491548,40.9982233],[-8.64913,40.9982335],[-8.6491053,40.9982485],[-8.6490772,40.9982726],[-8.6490542,40.9982865],[-8.6490309,40.9982942],[-8.6489979,40.9983081],[-8.6489169,40.9983364],[-8.6488623,40.998354],[-8.6487566,40.9983947],[-8.6487233,40.9984011],[-8.6486753,40.9984126],[-8.6486257,40.9984268],[-8.6485992,40.9984444],[-8.6485862,40.9984572],[-8.6485698,40.9984771],[-8.6485484,40.9984911],[-8.6485286,40.9985013],[-8.6484987,40.998509],[-8.6484524,40.9985191],[-8.648406,40.9985283],[-8.6483412,40.9985159],[-8.6482814,40.998501],[-8.6482116,40.9984788],[-8.6481169,40.9984503],[-8.6480105,40.9984057],[-8.6479438,40.9983832],[-8.6478623,40.9983447],[-8.647789,40.9983073],[-8.6477323,40.9982688],[-8.6477007,40.9982461],[-8.6476774,40.9982249],[-8.6476574,40.9982025],[-8.6476338,40.9981848],[-8.6475886,40.9981386],[-8.6475636,40.9981162],[-8.647537,40.9980837],[-8.6475018,40.9980472],[-8.64746,40.9979973],[-8.6474147,40.9979334],[-8.6474046,40.9979146],[-8.6473861,40.9978783],[-8.6473792,40.9978443],[-8.6473709,40.9978306],[-8.6473288,40.9977666],[-8.6473137,40.9977391],[-8.6473053,40.9977228],[-8.6472868,40.9976964],[-8.6472752,40.9976715],[-8.6472533,40.9976426],[-8.647228,40.9975901],[-8.6472127,40.9975575],[-8.647201,40.9975185],[-8.6471739,40.997466],[-8.6471655,40.9974432],[-8.6471452,40.9973944],[-8.6471399,40.9973679],[-8.6471129,40.9973067],[-8.6471027,40.99726],[-8.6470959,40.9972389],[-8.6470723,40.9971811],[-8.6470605,40.9971535],[-8.6470502,40.9971272],[-8.6470284,40.9970858],[-8.6470147,40.9970457],[-8.6470028,40.9969954],[-8.6469991,40.9969464],[-8.6469938,40.9969163],[-8.646997,40.9968913],[-8.6470182,40.9968484],[-8.6470247,40.9968346],[-8.6470329,40.9968096],[-8.6470258,40.9967541],[-8.6470119,40.9967077],[-8.6469983,40.9966161],[-8.6469943,40.9965294],[-8.6469974,40.9964979],[-8.6470104,40.9964778],[-8.6470253,40.9964615],[-8.6470467,40.9964476],[-8.6470783,40.9964235],[-8.6470964,40.9963934],[-8.6470872,40.9963652],[-8.6470716,40.9963538],[-8.6470315,40.9963354],[-8.6469908,40.9962264],[-8.6470029,40.996217],[-8.6470183,40.9962007],[-8.6470274,40.9961795],[-8.6470273,40.9961658],[-8.6470023,40.9961402],[-8.6469625,40.9961218],[-8.6469254,40.996108],[-8.6468794,40.9961014],[-8.6467566,40.9961042],[-8.6466617,40.9961184],[-8.6466371,40.9961185],[-8.6465943,40.9961305],[-8.6465575,40.9961352],[-8.6465113,40.9961331],[-8.6464776,40.9961192],[-8.646453,40.9961033],[-8.6464249,40.9960567],[-8.6464123,40.9960126],[-8.6463999,40.9959848],[-8.6463718,40.9959292],[-8.6463651,40.9958547],[-8.6463617,40.9958223],[-8.6463613,40.9957804],[-8.646376,40.995685],[-8.6463939,40.9956339],[-8.6464182,40.9955964],[-8.646424,40.9955615],[-8.646436,40.9955221],[-8.6465118,40.9953869],[-8.6465301,40.9953277],[-8.6465382,40.995245],[-8.6465472,40.9952007],[-8.6465651,40.9951424],[-8.6465831,40.9951005],[-8.6466132,40.9950282],[-8.6466161,40.9949933],[-8.6466096,40.9949424],[-8.6466154,40.9949121],[-8.6466091,40.9948798],[-8.6465965,40.9948379],[-8.6465777,40.994789],[-8.6465713,40.9947542],[-8.6465677,40.994694],[-8.646601,40.9946285],[-8.6466099,40.9945961],[-8.6466032,40.9945287],[-8.6465902,40.9944333],[-8.6465804,40.9943543],[-8.6465893,40.9943242],[-8.6465954,40.9943055],[-8.6465921,40.9942684],[-8.646573,40.9941824],[-8.6465633,40.9941197],[-8.6465689,40.9940707],[-8.6466053,40.9940033],[-8.6466082,40.9939847],[-8.6466201,40.9939404],[-8.6466167,40.9938963],[-8.6466162,40.993831],[-8.646631,40.9937544],[-8.6466491,40.9937239],[-8.6466608,40.9936589],[-8.6466785,40.9935634],[-8.6466967,40.9935169],[-8.6466965,40.9934961],[-8.6467326,40.9934051],[-8.6467384,40.9933678],[-8.6467499,40.9932702],[-8.6467492,40.9931796],[-8.6467581,40.9931145],[-8.6467759,40.9930514],[-8.6467753,40.9929842],[-8.646778,40.9929377],[-8.6467956,40.9928352],[-8.6467986,40.9928236],[-8.6467985,40.9928118],[-8.6468257,40.9927467],[-8.6468406,40.9927073],[-8.6468465,40.9926791],[-8.6468557,40.9926605],[-8.6468556,40.9926489],[-8.6468645,40.9926117],[-8.6468732,40.9925512],[-8.646876,40.9925163],[-8.646888,40.9924862],[-8.6469122,40.9924348],[-8.6469546,40.9923604],[-8.6469725,40.9923135],[-8.6469877,40.9922834],[-8.6470027,40.9922228],[-8.6470052,40.9921578],[-8.6470169,40.992095],[-8.6470379,40.9920344],[-8.6470468,40.9919787],[-8.6470464,40.9919252],[-8.6470406,40.9918678],[-8.6470391,40.991849],[-8.647038,40.9918298],[-8.6470366,40.9918115],[-8.6470367,40.9917927],[-8.6470376,40.9917744],[-8.6470382,40.9917559],[-8.6470499,40.9916646],[-8.6470518,40.9916463],[-8.6470509,40.991628],[-8.6470482,40.9916098],[-8.647046,40.9915738],[-8.6470474,40.9915555],[-8.6470499,40.9915188],[-8.6470514,40.9915005],[-8.6470554,40.9914634],[-8.6470577,40.9914265],[-8.6470576,40.9913894],[-8.6470581,40.9913711],[-8.6470601,40.9913528],[-8.6470629,40.9913342],[-8.6470637,40.9913159],[-8.6470636,40.9912976],[-8.6470628,40.9912793],[-8.6470626,40.9912611],[-8.6470639,40.9912428],[-8.6470656,40.9912245],[-8.6470681,40.9912062],[-8.6470696,40.9911881],[-8.6470735,40.9911698],[-8.6470803,40.991152],[-8.6470848,40.9911344],[-8.6470869,40.9911161],[-8.6470904,40.991098],[-8.6470944,40.99108],[-8.6471036,40.9910445],[-8.6471155,40.9910084],[-8.6471245,40.9909915],[-8.6471357,40.9909752],[-8.6471438,40.990958],[-8.6471574,40.99092],[-8.6471635,40.9909047],[-8.6471696,40.9908867],[-8.6471761,40.9908692],[-8.6471829,40.990852],[-8.6471903,40.9908346],[-8.6472102,40.9908007],[-8.647218,40.9907835],[-8.6472232,40.9907657],[-8.6472279,40.990748],[-8.6472343,40.9907302],[-8.6472418,40.9907128],[-8.6472575,40.990678],[-8.6472787,40.9906451],[-8.6472901,40.990629],[-8.6473028,40.9906135],[-8.6473153,40.9905976],[-8.6473263,40.9905816],[-8.6473466,40.9905598],[-8.6473686,40.9905276],[-8.6473793,40.9905109],[-8.6473886,40.9904943],[-8.6473961,40.9904765],[-8.647405,40.9904585],[-8.6474108,40.990441],[-8.6474199,40.9904241],[-8.6474306,40.9904078],[-8.6474398,40.9903908],[-8.6474476,40.9903736],[-8.6474551,40.9903564],[-8.6474637,40.9903392],[-8.6474739,40.9903223],[-8.6474846,40.9903056],[-8.6474974,40.9902903],[-8.6475105,40.9902751],[-8.6475232,40.9902596],[-8.6475337,40.9902432],[-8.6475445,40.9902271],[-8.6475565,40.9902107],[-8.6475673,40.9901946],[-8.6475798,40.9901788],[-8.6475945,40.9901644],[-8.6476079,40.9901494],[-8.6476186,40.9901331],[-8.6476307,40.9901173],[-8.6476414,40.9901009],[-8.6476646,40.990069],[-8.6476882,40.9900489],[-8.6477021,40.9900339],[-8.6477134,40.9900179],[-8.6477367,40.9899862],[-8.6477508,40.9899712],[-8.6477634,40.9899557],[-8.6477773,40.9899408],[-8.64779,40.9899255],[-8.6478014,40.9899091],[-8.6478128,40.9898933],[-8.6478233,40.9898766],[-8.6478317,40.9898595],[-8.6478408,40.9898428],[-8.6478496,40.9898262],[-8.6478571,40.9898089],[-8.6478689,40.9897931],[-8.6478894,40.9897602],[-8.6479019,40.9897446],[-8.6479159,40.9897294],[-8.6479269,40.9897135],[-8.647937,40.9896969],[-8.6479482,40.9896811],[-8.6479782,40.9896317],[-8.647988,40.989615],[-8.6480014,40.9896001],[-8.6480164,40.989586],[-8.6480312,40.9895715],[-8.6480596,40.9895424],[-8.6480714,40.9895263],[-8.6480859,40.9895119],[-8.6480999,40.9894969],[-8.6481276,40.9894667],[-8.6481408,40.9894517],[-8.6481562,40.9894379],[-8.6481729,40.9894248],[-8.6481904,40.9894127],[-8.6482101,40.9894022],[-8.6482288,40.9893908],[-8.6482568,40.9893744],[-8.64828,40.9893695],[-8.6483148,40.989364],[-8.6483381,40.9893597],[-8.648361,40.9893548],[-8.6483836,40.9893496],[-8.6484071,40.989347],[-8.6484311,40.9893471],[-8.6484549,40.9893493],[-8.6484781,40.9893537],[-8.6485098,40.9893567],[-8.6485343,40.9893602],[-8.6485601,40.9893649],[-8.6485839,40.9893676],[-8.6486079,40.9893689],[-8.6486317,40.9893674],[-8.6486552,40.9893715],[-8.648685,40.989386],[-8.6487087,40.9893893],[-8.648744,40.9893925],[-8.6487675,40.9893961],[-8.6487904,40.9894005],[-8.6488139,40.9894046],[-8.648837,40.9894092],[-8.6488601,40.9894142],[-8.6488823,40.9894203],[-8.6489049,40.989427],[-8.6489278,40.9894322],[-8.6489512,40.9894366],[-8.6489746,40.9894399],[-8.6490212,40.9894475],[-8.6490447,40.9894505],[-8.6490688,40.9894518],[-8.6491037,40.9894519],[-8.6491279,40.9894515],[-8.6491478,40.9894612],[-8.6491685,40.9894702],[-8.649191,40.9894763],[-8.6492146,40.9894796],[-8.6492364,40.9894868],[-8.6492695,40.9894962],[-8.6492913,40.9895037],[-8.6493241,40.9895131],[-8.6493707,40.9895219],[-8.6493945,40.9895238],[-8.6494185,40.9895253],[-8.6494427,40.9895272],[-8.6494657,40.9895316],[-8.6494948,40.9895459],[-8.6495137,40.9895683],[-8.6495224,40.9895896],[-8.6495423,40.9896019],[-8.649577,40.9896083],[-8.6496007,40.9896084],[-8.6496244,40.9896046],[-8.6496471,40.9895989],[-8.6496705,40.9895959],[-8.6496928,40.9896026],[-8.6497151,40.9895969],[-8.6497293,40.989578],[-8.6497541,40.9895807],[-8.6497773,40.9895764],[-8.6498002,40.9895816],[-8.6498329,40.9895922],[-8.6498449,40.9895921],[-8.6498533,40.9896093],[-8.6498741,40.9896162],[-8.6498949,40.9896071],[-8.6499136,40.9895845],[-8.6499451,40.9895725],[-8.6499567,40.9895567],[-8.649966,40.98954],[-8.6499757,40.9895234],[-8.6499908,40.9895092],[-8.649998,40.9895019],[-8.6499904,40.9894755],[-8.6499921,40.9894575],[-8.6499992,40.98944],[-8.6500039,40.9894223],[-8.6500097,40.9894048],[-8.6499952,40.9893806],[-8.6499814,40.9893658],[-8.6499477,40.9893612],[-8.6499243,40.9893574],[-8.6499005,40.9893547],[-8.6498672,40.9893514],[-8.6498416,40.9893462],[-8.6498172,40.9893384],[-8.6497957,40.9893307],[-8.649776,40.9893206],[-8.649752,40.9893221],[-8.6497282,40.989323],[-8.6497042,40.9893223],[-8.6496806,40.989319],[-8.6496568,40.9893191],[-8.6496265,40.9893134],[-8.649602,40.989309],[-8.6495664,40.9893094],[-8.6495432,40.9893053],[-8.6495205,40.9892997],[-8.6494973,40.9892954],[-8.6494742,40.9892901],[-8.6494464,40.9892872],[-8.6494232,40.9892831],[-8.6494006,40.9892764],[-8.6493577,40.9892603],[-8.6493349,40.9892542],[-8.6493121,40.989249],[-8.6492896,40.9892432],[-8.6492681,40.9892356],[-8.6492387,40.9892287],[-8.6492128,40.9892238],[-8.6491857,40.9892211],[-8.6491594,40.9892263],[-8.6491241,40.9892301],[-8.649101,40.9892251],[-8.6490793,40.9892179],[-8.6490569,40.9892115],[-8.6490275,40.9892044],[-8.6490004,40.989198],[-8.6489734,40.9891931],[-8.6489495,40.9891912],[-8.6489257,40.989189],[-8.6489023,40.9891856],[-8.6488784,40.9891842],[-8.6488549,40.9891809],[-8.6488319,40.9891754],[-8.648805,40.989171],[-8.648781,40.9891694],[-8.6487578,40.9891648],[-8.6487364,40.989157],[-8.6487026,40.989149],[-8.6486788,40.9891468],[-8.6486548,40.9891461],[-8.6486309,40.9891436],[-8.6486068,40.989141],[-8.648574,40.9891378],[-8.6485452,40.9891354],[-8.6485212,40.9891358],[-8.6484977,40.9891322],[-8.648474,40.9891295],[-8.648439,40.989124],[-8.6484151,40.9891221],[-8.6483572,40.9891055],[-8.6483322,40.9890997],[-8.6483081,40.989097],[-8.6482882,40.9890957],[-8.6482358,40.9890928],[-8.6482117,40.9890912],[-8.6481852,40.9890897],[-8.6481554,40.9890875],[-8.648129,40.9890835],[-8.6481071,40.9890759],[-8.6480851,40.989069],[-8.6480616,40.9890649],[-8.6480384,40.9890602],[-8.6480033,40.9890542],[-8.6479799,40.9890509],[-8.6479567,40.9890463],[-8.6479343,40.9890399],[-8.6479108,40.9890366],[-8.6478876,40.9890314],[-8.6478662,40.9890235],[-8.6478423,40.9890037],[-8.6478329,40.9889868],[-8.6478267,40.9889604],[-8.6478096,40.9889369],[-8.6478,40.9889204],[-8.6477932,40.9889027],[-8.6477875,40.9888849],[-8.6477824,40.9888672],[-8.6477777,40.9888495],[-8.6477735,40.9888312],[-8.6477737,40.9888132],[-8.6477798,40.9887955],[-8.6477874,40.9887782],[-8.6477932,40.9887606],[-8.6477947,40.9887422],[-8.6477896,40.9887155],[-8.64778,40.9886922],[-8.647781,40.9886739],[-8.6477862,40.9886561],[-8.6477892,40.9886381],[-8.6477898,40.9886201],[-8.6477942,40.9886018],[-8.6477925,40.9885835],[-8.6477883,40.9885658],[-8.6477906,40.9885478],[-8.6477949,40.98853],[-8.6477946,40.9885115],[-8.6477925,40.9884932],[-8.6477826,40.9884575],[-8.6477806,40.9884393],[-8.6477816,40.9884212],[-8.6477809,40.988403],[-8.6477826,40.9883846],[-8.647786,40.9883427],[-8.6477879,40.9883244],[-8.6477936,40.9883066],[-8.6477988,40.9882889],[-8.6478035,40.9882711],[-8.6478051,40.9882526],[-8.6478057,40.9882343],[-8.6478071,40.988216],[-8.6478076,40.9881977],[-8.6478067,40.9881613],[-8.6478086,40.9881431],[-8.6478088,40.9881248],[-8.6478047,40.9881071],[-8.6478018,40.9880888],[-8.6477971,40.9880708],[-8.6477956,40.9880528],[-8.6477929,40.9880345],[-8.6477914,40.98801],[-8.6477895,40.9879915],[-8.6477881,40.9879732],[-8.6477915,40.9879552],[-8.6477958,40.9879375],[-8.6477975,40.9879189],[-8.6477978,40.9878637],[-8.6478011,40.9878271],[-8.6478024,40.9878088],[-8.6478025,40.9877908],[-8.6478064,40.9877728],[-8.6478091,40.9877548],[-8.6478073,40.9877362],[-8.6478025,40.9876999],[-8.6478005,40.9876803],[-8.6478044,40.9876622],[-8.6478144,40.9876267],[-8.6478172,40.9876084],[-8.6478197,40.9875904],[-8.6478218,40.9875718],[-8.6478298,40.9875363],[-8.6478314,40.9875177],[-8.6478349,40.9874997],[-8.647843,40.9874825],[-8.6478464,40.9874645],[-8.6478493,40.9874462],[-8.6478544,40.9874284],[-8.64786,40.9874107],[-8.6478643,40.9873741],[-8.6478681,40.9873561],[-8.6478755,40.9873298],[-8.6478767,40.9873068],[-8.6478757,40.9872786],[-8.6478762,40.9872691],[-8.647877,40.9872598],[-8.6478782,40.9872505],[-8.647881,40.9872381],[-8.6478837,40.987229],[-8.6478922,40.9872029],[-8.6479019,40.9871623],[-8.6479085,40.9871212],[-8.647918,40.9870809],[-8.6479213,40.9870607],[-8.6479222,40.9870527],[-8.6479247,40.9870402],[-8.6479309,40.9870224],[-8.6479351,40.987012],[-8.6479438,40.9869931],[-8.6479461,40.9869869],[-8.6479474,40.9869812],[-8.6479472,40.9869686],[-8.6479465,40.9869629],[-8.6479455,40.9869478],[-8.6479453,40.9869321],[-8.6479456,40.9869112],[-8.6479461,40.9869016],[-8.647948,40.9868904],[-8.6479525,40.9868684],[-8.6479534,40.9868616],[-8.6479537,40.9868563],[-8.6479538,40.9868405],[-8.6479531,40.9868301],[-8.6479521,40.9868206],[-8.6479502,40.9868088],[-8.6479478,40.9867973],[-8.6479451,40.9867691],[-8.6479539,40.9867181],[-8.6479628,40.9866762],[-8.6479716,40.9866204],[-8.6479896,40.9865668],[-8.6480016,40.9865342],[-8.6480319,40.9864898],[-8.6480408,40.9864434],[-8.6480492,40.9863665],[-8.6481279,40.9862195],[-8.6481338,40.9861779],[-8.6481397,40.9861545],[-8.6481456,40.9861244],[-8.6481453,40.9860825],[-8.6481296,40.9860291],[-8.64812,40.9859801],[-8.6481288,40.9859221],[-8.6481407,40.9858824],[-8.6481677,40.9858195],[-8.6481828,40.9857685],[-8.6481943,40.9856824],[-8.6482124,40.9856333],[-8.6482547,40.9855425],[-8.6482817,40.9854912],[-8.6482969,40.9854588],[-8.648342,40.9853283],[-8.6483417,40.9852911],[-8.648323,40.9852493],[-8.6483042,40.9852263],[-8.6482978,40.9851889],[-8.6483102,40.9851773],[-8.6483313,40.9851586],[-8.6483406,40.9851493],[-8.6483556,40.9851259],[-8.6483554,40.9850936],[-8.6483214,40.985054],[-8.6482965,40.9850215],[-8.6482839,40.9849822],[-8.6482835,40.9849309],[-8.6482894,40.9849078],[-8.6483229,40.9848657],[-8.648332,40.9848471],[-8.6483285,40.9848052],[-8.648322,40.9847496],[-8.6483311,40.9847216],[-8.648346,40.9846842],[-8.6483613,40.9846655],[-8.6483973,40.9845747],[-8.6484212,40.9845026],[-8.6484335,40.984477],[-8.6484389,40.984408],[-8.6481096,40.9844235],[-8.6471554,40.9844314],[-8.646149,40.984454],[-8.6451729,40.984478],[-8.6443142,40.9844729],[-8.643342,40.9844789],[-8.6429482,40.984491],[-8.6428684,40.9844933],[-8.6427233,40.9844979],[-8.6426873,40.9845009],[-8.6424786,40.9845252],[-8.6416689,40.9846107],[-8.6407619,40.9846614],[-8.6400205,40.9846846],[-8.6392679,40.9847146],[-8.6388553,40.9847269],[-8.6369851,40.984669],[-8.635403,40.9846202],[-8.6338288,40.9845863],[-8.6337009,40.9845837],[-8.6320254,40.9845477],[-8.6307237,40.9845199],[-8.6306294,40.984518],[-8.6305352,40.9845159],[-8.6277358,40.9840831],[-8.6271225,40.9839884],[-8.6247009,40.9836136],[-8.6246523,40.9836062],[-8.6244774,40.983579],[-8.6215565,40.9834897],[-8.621466,40.983487],[-8.6213967,40.9834848],[-8.62056,40.983459],[-8.6203904,40.9834456],[-8.6200648,40.9834169],[-8.6195145,40.9834158],[-8.6193294,40.9834211],[-8.6188701,40.983407],[-8.6187874,40.9834045],[-8.6182907,40.9820884],[-8.6182819,40.9820656],[-8.61823,40.9819272],[-8.6182102,40.9818755],[-8.618172,40.9817737],[-8.6171673,40.9791124],[-8.6169831,40.9791998],[-8.6168858,40.9792393],[-8.616805,40.9792661],[-8.6167132,40.9792972],[-8.6166066,40.9793395],[-8.6165313,40.9793691],[-8.6164705,40.979386],[-8.6164249,40.9793975],[-8.6163606,40.9794048],[-8.616298,40.9794121],[-8.6162336,40.9794151],[-8.6161432,40.979418],[-8.6161327,40.979419],[-8.6160862,40.9794172],[-8.6160199,40.9794104],[-8.6159573,40.979398],[-8.6158079,40.9793624],[-8.615436,40.9792846],[-8.61528,40.9792526],[-8.6151983,40.9792397],[-8.6150833,40.9792211],[-8.6149799,40.9792051],[-8.6149351,40.979207],[-8.6148787,40.9792146],[-8.6148088,40.9792371],[-8.6147273,40.9792698],[-8.6146631,40.9792996],[-8.614576,40.979341],[-8.6145273,40.9793694],[-8.6144655,40.9794138],[-8.6144132,40.9794585],[-8.6143881,40.9794983],[-8.6143205,40.979565],[-8.6142877,40.9796079],[-8.6142491,40.9796523],[-8.6142181,40.9796864],[-8.6142065,40.9796969],[-8.6141682,40.979775],[-8.6141431,40.9798196],[-8.6141051,40.9799081],[-8.6140705,40.9799892],[-8.6140552,40.9800233],[-8.6140342,40.9800842],[-8.6140244,40.9801132],[-8.6139999,40.9801569],[-8.6139896,40.9801789],[-8.613986,40.9801902],[-8.6139716,40.9802418],[-8.6139386,40.9803309],[-8.6139276,40.9803599],[-8.6139126,40.9803956],[-8.6138999,40.9804216],[-8.6138847,40.980454],[-8.6138585,40.9804924],[-8.6138069,40.9805711],[-8.6137694,40.980607],[-8.6136893,40.9806662],[-8.6136678,40.9806795],[-8.6136177,40.9807014],[-8.6135824,40.9807232],[-8.6135334,40.9807479],[-8.6134686,40.9807892],[-8.6134371,40.980817],[-8.6133815,40.9808763],[-8.6133434,40.9809138],[-8.6133353,40.9809167],[-8.613299,40.9809222],[-8.6132723,40.9809271],[-8.6132475,40.9809332],[-8.6131613,40.9809484],[-8.6131155,40.9809576],[-8.613019,40.9809996],[-8.6120649,40.9812902],[-8.6119608,40.9813219],[-8.6119248,40.9813388],[-8.6119128,40.9813617],[-8.611905,40.9813998],[-8.6119094,40.9814471],[-8.6119218,40.9814851],[-8.6119441,40.9815156],[-8.6119403,40.9815399],[-8.6119042,40.9815675],[-8.6118622,40.981586],[-8.6118261,40.9815938],[-8.6117879,40.9815939],[-8.6117497,40.9815941],[-8.6116814,40.9815883],[-8.6116189,40.9815793],[-8.6115606,40.9815826],[-8.6115017,40.9815883],[-8.6114658,40.9816176],[-8.6115472,40.981667],[-8.6116045,40.9816964],[-8.6116569,40.9817175],[-8.6117483,40.9817429],[-8.6118316,40.9817638],[-8.6119287,40.9817756],[-8.612021,40.9817874],[-8.6120862,40.9817894],[-8.6122103,40.9817699],[-8.612222,40.9817681],[-8.6122736,40.9820015],[-8.6123247,40.9822323],[-8.6123339,40.9822739],[-8.6123696,40.9824882],[-8.6124031,40.9826841],[-8.6124267,40.9828985],[-8.6124382,40.9830992],[-8.6124486,40.9834064],[-8.6124622,40.9836233],[-8.6124757,40.9838306],[-8.6125098,40.9840905],[-8.6125392,40.9842484],[-8.6125683,40.984405],[-8.6126222,40.9846588],[-8.6126575,40.9848213],[-8.6126913,40.984951],[-8.612707,40.9850112],[-8.6127931,40.9852693],[-8.6129052,40.9855106],[-8.6129396,40.9855802],[-8.6129649,40.9856325],[-8.6128458,40.9856415],[-8.6123385,40.9856869],[-8.6119617,40.9857456],[-8.6115741,40.9858229],[-8.611157,40.9859084],[-8.6107262,40.9859735],[-8.6104359,40.985963],[-8.6104242,40.9859626],[-8.6103704,40.9859495],[-8.6102675,40.9859244],[-8.6099352,40.9858215],[-8.6095406,40.9856617],[-8.6091191,40.9855041],[-8.6085082,40.9852596],[-8.6080189,40.985068],[-8.6076479,40.9848875],[-8.6074152,40.9847872],[-8.6070121,40.984602],[-8.6069902,40.9846296],[-8.6068766,40.9848715],[-8.6066438,40.9852921],[-8.6064979,40.9855997],[-8.6063865,40.9858118],[-8.6062678,40.9860545],[-8.6062413,40.9861276],[-8.6070144,40.9860069],[-8.6074222,40.986032],[-8.6075576,40.9860404],[-8.6076922,40.9860669],[-8.6079501,40.9861179],[-8.6080849,40.9861447],[-8.6085805,40.9863171],[-8.6106882,40.9871283],[-8.6117419,40.9877024],[-8.6126482,40.9884064],[-8.6127416,40.9884946],[-8.6141483,40.9900828],[-8.6141546,40.9900904],[-8.6148602,40.9908871],[-8.6148677,40.9908958],[-8.6152175,40.9912905],[-8.6161139,40.9921725],[-8.6166625,40.9929322],[-8.6170159,40.9934212],[-8.6176184,40.9947704],[-8.6177646,40.9952599],[-8.6181667,40.9961544],[-8.6187821,40.9975216],[-8.6192068,40.9982321],[-8.619331,40.9984521],[-8.6193912,40.9985565],[-8.6194211,40.9986096],[-8.6195576,40.9988406],[-8.6196873,40.9990697],[-8.6197646,40.9992046],[-8.6198872,40.9994087],[-8.6202935,41.0000316],[-8.6207427,41.0007706],[-8.6213712,41.0016889],[-8.6215174,41.0019018],[-8.6226328,41.0035313],[-8.6227403,41.0036888],[-8.6228451,41.003805],[-8.6228732,41.0037956],[-8.6230609,41.003735],[-8.6233528,41.0036543],[-8.6233606,41.0036524],[-8.6234223,41.0036352],[-8.6235495,41.0036003],[-8.6238494,41.0035212],[-8.6241386,41.0034499],[-8.624412,41.0034071],[-8.6246536,41.0033604],[-8.6248893,41.0033454],[-8.6249283,41.0033457],[-8.6251408,41.0033485],[-8.6251644,41.0033498],[-8.6253354,41.0033598],[-8.6255994,41.0033856],[-8.6258152,41.0034064],[-8.6262419,41.0034501],[-8.6265709,41.0034901],[-8.6290493,41.003924],[-8.6291366,41.0039394],[-8.6292242,41.0039533],[-8.6293058,41.0039533],[-8.6299069,41.0039513],[-8.6302792,41.0039508],[-8.6303621,41.0039558],[-8.6304131,41.003953],[-8.6306082,41.0039567],[-8.6309394,41.0039553],[-8.6312491,41.0039553],[-8.6313158,41.0039547],[-8.6315473,41.0039607],[-8.6316717,41.0039647],[-8.6318133,41.0039621],[-8.6324714,41.0039637],[-8.6325309,41.0039641],[-8.6326059,41.0039641],[-8.6328032,41.0039646],[-8.6331153,41.0039689],[-8.6335019,41.0039663],[-8.6338742,41.0039611],[-8.6339718,41.0039617],[-8.6340538,41.0039625],[-8.6341012,41.0039623],[-8.6342199,41.0039651],[-8.6342361,41.002476],[-8.634319,41.0024047],[-8.6343196,41.002257],[-8.6348735,41.0018252],[-8.6358099,41.0010935],[-8.6363019,41.0010564],[-8.6363227,41.0010538],[-8.6363223,41.0011025],[-8.6366632,41.0010653],[-8.6372047,41.0010044],[-8.6376891,41.0009527],[-8.6380846,41.0009195],[-8.638108,41.0008606],[-8.6381082,41.0008419],[-8.6381029,41.0007846],[-8.6380946,41.0007064],[-8.6380851,41.0006814],[-8.6380566,41.0006213],[-8.6380389,41.0005682],[-8.6380148,41.0005039],[-8.6379934,41.0004604],[-8.6379759,41.0004289],[-8.6379518,41.0003891],[-8.6379271,41.0003549],[-8.6379203,41.0003332],[-8.6379058,41.0003158],[-8.6379528,41.0003103],[-8.6379704,41.0003079],[-8.6389746,41.000187],[-8.6390656,41.0001698],[-8.6390977,41.0001662],[-8.6395525,41.0001172],[-8.6399184,41.0000779],[-8.6399257,41.000077],[-8.6400388,41.0000607],[-8.640456,40.9999998],[-8.6414172,40.9999173],[-8.6416407,40.9998983],[-8.6417313,40.9998811],[-8.6421039,40.9998107],[-8.6421303,40.9998078],[-8.6425808,40.99976],[-8.6431735,40.9996966],[-8.6432135,40.9996922],[-8.6433398,40.9996756],[-8.6433896,40.9996689],[-8.6434568,40.9996593],[-8.6441999,40.9995518],[-8.6451444,40.9994117],[-8.6451652,40.9994094],[-8.6454044,40.9993838],[-8.6459739,40.9993233],[-8.647302,40.999195],[-8.647897,40.9991389]]]}}],"metadata":{"generator":"Bicis Sapiens choropleth — geometry from GeoAPI.pt (CAOP-derived)","geometry_source":"https://json.geoapi.pt/municipios/{...}/freguesias","data_status":"geometry: real (CAOP). populacao: mix INE 2021 + estimated. Other fields: placeholder (see _todo per feature).","municipios":["Porto","Matosinhos","Vila Nova de Gaia","Maia","Gondomar","Valongo","Espinho"],"feature_count":68}}